vibration_x,vibration_y,vibration_z,temperature,pressure,current,flow_rate,acoustic_db,label,fault_type
-0.522052,0.172582,-1.273205,0.333218,-0.81771,0.733648,-1.317881,-0.567268,7,electrical_fault
3.154334,1.117797,0.932279,1.627879,0.09237,-0.135001,1.355791,1.349043,7,electrical_fault
-1.362423,-1.003097,2.445987,-1.650419,0.271777,1.448247,1.012724,0.366781,8,sensor_drift
1.391684,0.028733,-0.045467,0.417254,-0.596931,-0.645136,-0.097895,-0.920406,3,gear_tooth_crack
-4.108641,2.359898,-0.506256,0.621556,0.763339,0.046976,-0.867624,-0.979378,1,bearing_degradation
-0.319106,-0.74875,-0.220656,0.301113,0.982916,-2.625147,-0.831761,0.159096,0,normal
-0.058194,0.108924,2.132545,0.307244,-1.007294,0.872971,0.401942,-0.655417,7,electrical_fault
-0.464658,0.2403,-1.70827,-1.430717,3.41207,0.61678,-0.212699,0.078325,6,thermal_cycling
-0.852618,4.511871,-6.060207,5.313675,0.650739,-0.065547,0.576885,-0.182911,1,bearing_degradation
-0.612063,2.031717,-1.237715,-2.075149,1.735346,-1.530383,-0.405322,-1.50076,10,cavitation
0.248934,0.846304,0.319095,1.259115,-0.094965,-0.332169,2.703985,0.394238,0,normal
3.898265,2.097987,2.334499,1.684078,1.66357,3.185129,2.039142,0.470835,5,thermal_runaway
1.180366,0.803564,-0.966938,-1.26938,-0.102647,-1.323472,-0.242098,0.070515,9,intermittent_contact
-0.963617,2.076033,0.148373,0.240045,-1.617693,-0.620057,1.049824,0.169778,3,gear_tooth_crack
-0.920861,-0.462569,0.764417,-0.394601,0.057404,-0.429534,0.939677,-0.650154,12,leakage
1.794424,-1.37463,-0.483328,0.21363,1.957747,2.333828,1.82942,1.750511,5,thermal_runaway
-0.112759,0.676588,-1.286977,-0.303972,12.248414,0.962126,0.836026,1.020739,6,thermal_cycling
1.154528,-0.265188,1.252166,0.201215,-0.113867,0.678793,0.227189,-1.197468,10,cavitation
4.202198,1.043776,0.424497,0.611454,0.131344,1.993479,0.813495,1.475308,5,thermal_runaway
-1.114791,-0.423708,1.545054,-1.96735,-0.053694,1.228921,1.214016,0.660116,3,gear_tooth_crack
0.673851,0.286553,-0.225121,-0.535978,0.133181,0.083047,-1.046564,0.602073,9,intermittent_contact
-0.306566,-0.59322,-0.325545,0.509898,-0.105224,-0.395244,1.467181,-0.11421,0,normal
0.606187,-0.546986,-0.556923,0.298445,-2.038611,1.121784,-0.081107,-0.4848,1,bearing_degradation
-0.12735,-0.643612,-0.922496,-1.007362,0.191939,-0.720327,-0.006517,-1.769014,7,electrical_fault
0.74542,1.645025,0.545963,1.233448,2.591947,0.837374,-1.100633,0.051061,3,gear_tooth_crack
-0.64293,0.985524,-0.521984,1.479905,-0.268928,-0.954542,-0.924353,0.091081,9,intermittent_contact
-0.649115,0.192162,1.617248,1.137857,-0.25621,0.538621,-1.10143,0.730067,3,gear_tooth_crack
2.905067,-1.171567,-0.368249,0.341556,1.728698,-0.986857,-0.245278,0.777338,0,normal
2.918186,1.609009,-0.999493,-4.524757,0.346195,-2.626325,-1.9296,0.564527,4,misalignment
-1.999282,0.817202,1.590488,-1.02965,0.646457,0.87024,0.345716,0.327884,12,leakage
0.11416,-1.44839,0.479977,1.08215,-2.235677,1.295337,1.227834,0.373965,8,sensor_drift
-1.289919,-0.541519,0.708231,1.579294,-0.293286,1.61835,0.069751,-1.61468,8,sensor_drift
-0.590716,0.83547,-0.824101,2.77377,1.636614,0.176917,0.575625,0.770537,12,leakage
-0.996168,-0.850863,1.005182,-0.624878,0.439955,-0.17696,-1.229965,-0.332965,9,intermittent_contact
0.376312,1.108737,-1.11121,2.498211,-0.512585,-0.350965,-1.211901,-1.182151,3,gear_tooth_crack
2.322098,0.16369,-0.214728,-1.829295,-0.327491,0.794293,-1.100526,1.665949,5,thermal_runaway
-0.778234,0.592602,-0.0513,-0.204961,0.737193,1.903958,0.275674,-1.805973,9,intermittent_contact
1.595096,2.051557,2.429177,-1.436172,-0.639407,1.203491,0.293289,0.54938,4,misalignment
1.355117,0.248559,-0.443912,0.236112,-0.244501,-0.792772,0.532275,-1.023524,5,thermal_runaway
0.807634,0.499124,2.317697,0.299043,0.436414,1.540511,1.197174,-0.690576,10,cavitation
0.92249,-2.362295,0.738333,-0.83192,-0.982676,1.244703,-0.80315,-0.960013,6,thermal_cycling
-1.95933,-1.741518,1.729708,1.181859,2.09983,0.628209,0.829936,-0.242105,2,shaft_imbalance
-1.527831,0.871999,0.38921,0.830646,-0.297051,-1.007124,-0.183623,0.554845,5,thermal_runaway
0.447581,-2.172462,-4.576169,4.626707,0.460742,2.017809,0.17723,2.447803,1,bearing_degradation
1.818401,-0.523146,-1.230168,-1.818947,-1.188895,-1.651605,-0.423627,-0.263882,2,shaft_imbalance
0.880926,-0.15446,-0.762956,0.210322,1.223023,-0.024071,0.045563,-0.016744,10,cavitation
-0.252798,0.438484,0.032778,0.525584,0.103445,-0.51698,-0.904942,1.590466,5,thermal_runaway
0.604032,1.075358,1.011462,-0.019748,1.122661,-1.02098,1.782866,-1.026582,5,thermal_runaway
-0.944423,-0.235151,2.458244,1.392071,-0.852938,0.647574,-0.831523,-1.776368,0,normal
-1.945703,-0.621739,1.573103,-0.307541,-0.8161,0.036087,0.037084,-0.785131,2,shaft_imbalance
-0.70288,-1.24326,-2.368271,-0.328649,0.501758,-1.358245,-0.355146,0.292844,2,shaft_imbalance
-2.723308,-0.826814,1.822022,0.12785,-1.436984,-1.054611,-0.924406,0.892337,2,shaft_imbalance
4.153637,1.10447,0.260613,-0.143384,1.974111,1.339636,1.406362,2.539409,5,thermal_runaway
0.097099,-0.289854,0.063268,-0.16465,-0.032463,1.456967,-1.202258,0.341656,9,intermittent_contact
1.576908,1.277472,2.33462,-0.517027,-0.768487,0.932851,1.105476,-0.659857,5,thermal_runaway
0.05668,0.789656,1.275549,0.790536,-0.942777,-0.109038,0.104671,0.307207,12,leakage
-2.507197,1.388502,1.370045,3.000752,-0.411334,0.518412,-0.812747,0.759051,1,bearing_degradation
0.205553,-0.518972,1.967092,-0.962079,1.439147,-1.241249,-0.26358,0.310765,12,leakage
1.703607,5.566203,1.209618,1.006428,0.821598,-0.317101,-0.420517,-1.724281,11,blockage
0.465611,0.573297,0.244265,-1.277632,0.342706,-0.421553,1.702861,1.136878,5,thermal_runaway
0.214922,1.378938,0.583333,-1.067423,1.097522,-0.30947,-2.092026,1.017904,3,gear_tooth_crack
0.220643,-0.909654,-0.208514,1.065087,-2.346053,-0.922879,-0.231326,0.380623,9,intermittent_contact
1.081821,1.242301,1.014277,-1.237839,2.081648,-0.840988,-0.606781,-0.649272,11,blockage
-1.779024,0.280537,-0.696135,0.360584,0.295488,-1.8816,-0.390379,0.616358,12,leakage
-0.734637,0.306703,-1.425429,0.056411,8.58766,-0.067047,1.315687,0.836919,6,thermal_cycling
0.219038,0.712308,1.748981,-2.76558,1.84708,2.559798,-1.751079,0.047856,7,electrical_fault
0.10708,-0.393633,-0.048086,-1.140145,0.614157,1.11985,-0.816259,0.681785,8,sensor_drift
5.364798,0.60366,0.798543,-0.441026,0.45194,-1.392141,2.39159,0.189809,3,gear_tooth_crack
1.338222,1.748583,0.486246,0.109285,-1.954323,-0.692264,-0.548022,-0.746616,4,misalignment
0.802431,0.056153,-0.080142,1.101412,1.884235,2.201134,-0.490105,0.259228,8,sensor_drift
-0.539535,-0.176859,0.0908,0.604792,1.080856,-0.294348,-0.456156,0.437656,0,normal
0.221655,1.75262,0.553597,0.709819,1.600862,-0.28941,-1.046915,1.768347,3,gear_tooth_crack
0.285704,0.043844,-0.539696,0.389625,-0.07957,1.054696,0.560151,0.452694,3,gear_tooth_crack
-0.184676,0.735665,0.067558,-0.770131,0.647983,0.279464,1.003937,0.370903,2,shaft_imbalance
-1.229507,0.357129,1.091584,0.486819,0.139112,-0.095884,-0.834851,-0.071999,0,normal
-2.628572,-2.924885,1.518498,1.191818,0.255359,-0.39066,0.569441,0.353118,10,cavitation
-0.775876,-0.351813,0.849047,0.40428,0.959472,0.393457,0.770832,2.012996,9,intermittent_contact
2.243785,-0.126719,-2.416,1.312328,1.762201,-0.123902,0.045403,-0.050722,4,misalignment
-0.164339,1.065482,-0.269689,-1.016085,0.501195,1.174765,0.002624,2.32305,10,cavitation
-0.390201,0.838758,0.389708,-0.017826,18.575956,-0.530717,0.582809,-1.950847,6,thermal_cycling
-0.766916,0.91346,1.502225,-2.195297,0.002149,-1.304016,1.627231,-0.083333,1,bearing_degradation
-1.551019,0.453019,-0.44997,-1.075736,-0.554572,1.071305,0.602937,-0.130026,0,normal
0.610795,1.259589,-0.643342,-0.745754,-0.287188,0.324733,-1.410476,0.551402,3,gear_tooth_crack
-0.098353,1.226962,0.52435,1.959411,-0.186035,2.14049,-1.912213,-0.64936,9,intermittent_contact
-0.855417,-0.591522,1.050478,1.699544,0.759037,1.329873,-1.931536,0.253398,1,bearing_degradation
0.47752,-0.194486,0.793271,1.327823,-0.02994,1.133733,1.549855,1.346346,10,cavitation
2.80066,-0.120675,-0.095363,1.553721,0.517698,-0.044465,0.646301,0.996469,5,thermal_runaway
0.402333,0.424453,-2.336482,-1.431664,-1.138742,-0.252165,2.00158,1.310125,6,thermal_cycling
2.291136,0.207942,-0.468757,-0.238841,0.080074,-0.92346,-0.494079,-0.930994,5,thermal_runaway
-1.004201,-3.205831,-0.238348,1.104842,0.202435,0.581507,-0.263475,-0.065255,10,cavitation
0.571547,-0.021402,-0.568351,2.107318,-1.302064,-1.544613,-0.082006,-0.258047,3,gear_tooth_crack
0.160484,0.997107,-3.302205,4.284994,-0.488525,-1.329263,0.582554,-0.004575,10,cavitation
0.852188,2.240252,-0.244769,0.459944,2.748388,0.004737,0.468199,-1.237351,5,thermal_runaway
1.489577,3.728644,0.3517,0.960145,-0.338414,0.266544,0.511357,2.152607,11,blockage
-0.411322,-0.192275,-0.236208,0.052251,1.521177,-0.515014,-0.911158,-1.727331,5,thermal_runaway
-1.73667,-0.48111,-2.17205,-0.675707,2.636747,0.297461,-0.787796,-0.551048,6,thermal_cycling
-1.064312,-3.363713,0.785706,0.586398,0.670104,0.476575,0.549814,-0.007776,2,shaft_imbalance
-0.210589,1.41462,-1.380134,-1.73862,-1.117475,-0.464426,-0.263551,-1.012194,6,thermal_cycling
0.477579,-1.750744,-0.048503,2.159233,0.807487,0.795872,1.90879,-0.703879,1,bearing_degradation
-1.40845,-0.584567,0.581841,-0.921897,1.506684,0.144269,-0.567084,-1.727089,6,thermal_cycling
-0.417346,0.094994,0.407402,0.171251,1.491778,2.237949,0.338342,-0.08643,8,sensor_drift
-0.227642,3.923613,0.940826,0.389676,-1.544709,-0.581103,0.277605,0.381679,11,blockage
-0.591855,1.682321,-0.480449,1.141771,-0.431663,-0.54614,0.389405,-1.298733,9,intermittent_contact
0.721964,-0.115639,-0.325123,-0.091064,2.559528,-0.758802,0.226559,0.781369,3,gear_tooth_crack
2.164197,0.313243,0.039875,-1.259008,-1.235346,-0.201699,1.130375,-0.19914,8,sensor_drift
-0.00462,-0.310359,0.464438,0.096242,-4.017395,0.093751,-0.214651,1.589135,6,thermal_cycling
-0.400932,0.605678,-1.443033,-0.594992,0.518037,0.074716,0.312547,-1.14623,8,sensor_drift
-1.48236,2.360981,1.539514,0.937636,-0.089613,0.641339,1.521879,-1.001826,11,blockage
0.675751,2.184857,3.371346,-0.136033,-1.811684,1.016965,-0.943525,-0.379476,4,misalignment
0.848075,4.53768,5.137769,2.615541,-0.623739,-0.082359,1.653463,0.273066,4,misalignment
-0.9225,-1.752423,1.272328,-1.046796,-0.491109,0.096121,-1.072607,0.924434,9,intermittent_contact
0.533898,-2.801746,1.544899,1.155865,-1.565605,4.030976,0.266228,-1.263784,8,sensor_drift
0.432525,0.112487,0.932888,-0.202638,-2.451527,-0.349919,-0.258612,0.340216,6,thermal_cycling
0.570091,1.463331,-0.820415,0.772839,-0.799346,-0.087823,0.323784,2.110003,12,leakage
0.242207,0.931479,0.657626,-0.01019,-0.14637,0.356296,-1.588134,-0.511201,5,thermal_runaway
-0.028199,0.398763,-1.510639,-0.839884,-1.136303,1.771509,0.875656,-2.202693,1,bearing_degradation
0.260553,1.006658,-1.215046,-0.352474,-0.059324,0.921937,-0.538608,-0.712149,9,intermittent_contact
-1.419904,-0.413596,-1.60415,-0.432642,0.607581,0.445046,2.145915,-0.515037,12,leakage
-0.365942,0.016463,1.700765,-0.408966,-0.274397,-0.642788,0.037873,0.311761,10,cavitation
0.883976,0.451374,0.554891,-0.731638,1.810354,-1.233677,0.309378,-1.336767,3,gear_tooth_crack
-1.921121,0.630459,-0.164183,1.018875,-0.801334,3.927487,-1.055006,0.402213,8,sensor_drift
-0.985929,-1.126529,-0.055869,-0.745976,2.261904,2.552796,0.445174,-0.780471,8,sensor_drift
-1.030483,-0.326321,0.513621,-0.006368,13.976826,-0.440789,-0.473979,-0.170418,6,thermal_cycling
-0.677763,-0.426928,-0.399907,-0.165356,0.502153,0.191972,0.932979,1.044897,8,sensor_drift
-0.695749,1.663148,1.809506,-0.328693,-1.367408,1.863517,0.470731,0.420722,5,thermal_runaway
-1.982765,-0.494792,-0.628563,1.369616,0.012092,0.734544,0.20969,1.568694,9,intermittent_contact
0.660522,-1.752376,-2.66316,-0.875127,1.373063,3.651797,-1.594939,-1.518487,8,sensor_drift
-0.43243,0.340872,-0.903822,-0.866095,0.954976,0.809119,-1.306667,-1.00328,8,sensor_drift
-1.468265,1.533058,-0.647318,-0.130706,12.499477,-0.620108,-0.275679,0.232179,6,thermal_cycling
1.444254,0.540264,-2.050352,-0.947944,0.356814,0.635621,-0.178792,0.074335,7,electrical_fault
-1.577537,0.657569,-0.278044,0.697958,-1.111918,-0.489949,0.885113,1.927813,7,electrical_fault
0.471856,-0.237845,-1.84248,0.628041,-1.74805,2.068077,-0.143867,-0.008369,8,sensor_drift
0.256039,-0.518014,-0.945157,-1.262118,-0.227171,1.840069,0.236911,0.022947,8,sensor_drift
-6.456654,-1.485783,4.42575,-3.29732,1.796095,0.662213,-0.410223,0.239659,1,bearing_degradation
-1.383732,-0.426995,0.108767,-1.163887,-0.758485,3.426368,1.109644,0.276915,8,sensor_drift
0.456775,-0.661926,-0.363054,-0.381738,-1.19584,0.486972,-0.469402,0.012494,0,normal
-0.662311,0.15773,-0.838694,0.231411,-2.609398,0.228146,-1.08968,-0.669406,7,electrical_fault
0.87784,0.533535,-2.557852,0.374958,-0.244123,-0.020095,-1.584216,-1.16131,1,bearing_degradation
1.83763,-4.564567,1.336529,0.852304,-0.166598,1.048264,-0.719436,1.351184,1,bearing_degradation
-0.633454,-1.578715,-1.143871,-5.780065,0.926377,-0.770679,-0.034656,-1.426693,1,bearing_degradation
0.295994,-0.371915,-1.756722,0.327995,1.72735,-1.533861,0.863828,-0.328525,0,normal
-0.191643,-1.724895,-0.547225,1.101149,-0.24411,-0.724306,0.894569,-0.434736,10,cavitation
-0.372541,-1.705198,-0.258786,0.635996,12.261954,-0.526271,-0.968016,-0.868509,6,thermal_cycling
-0.216481,0.732153,-0.674514,-0.221232,0.541205,-0.269402,2.609186,0.248867,5,thermal_runaway
0.188144,0.057267,-1.433046,1.719365,1.036342,0.751952,-2.274731,0.040923,3,gear_tooth_crack
-1.784021,-0.840075,0.160701,-0.000412,-0.002049,-0.519249,0.540907,-1.215392,7,electrical_fault
-0.61268,1.461715,-1.371295,4.085418,-1.058773,2.95587,1.093042,-0.11029,9,intermittent_contact
1.241989,-1.67117,-3.140249,-0.054196,3.318856,0.194233,0.332755,-0.760505,10,cavitation
-1.140161,-1.119536,0.447814,0.058274,0.548739,-0.187671,0.278144,0.158119,0,normal
-2.270736,0.102393,-0.634004,-0.167634,0.478549,0.960483,0.053808,1.010535,6,thermal_cycling
-1.245232,3.932666,2.800938,-2.845281,-0.493024,-2.225363,-1.09066,-0.74247,1,bearing_degradation
2.654991,0.436055,-2.01156,0.581969,-2.143454,-2.050463,-0.771726,0.423565,3,gear_tooth_crack
-1.171384,-2.538539,-1.028177,-1.371676,-0.691832,-1.107509,1.479676,-0.99068,2,shaft_imbalance
0.643535,0.635182,-0.933492,0.770536,-0.340163,-1.32474,1.33081,-2.063096,11,blockage
-0.442211,2.068503,0.334288,0.979716,-0.808424,0.691685,1.374929,1.209537,11,blockage
-0.904931,-0.14826,0.910346,0.135641,0.398778,1.387954,1.486978,-0.056315,12,leakage
1.394065,-0.709741,2.362429,0.659051,0.842396,0.459677,1.395541,-2.155567,5,thermal_runaway
-0.988481,1.105274,1.45661,-0.525806,-0.429713,-0.109178,0.621546,-0.998058,7,electrical_fault
-1.662035,-0.728713,-0.717977,-0.724983,-1.600058,3.333774,-0.336796,-1.541916,8,sensor_drift
1.507708,-0.207364,0.792254,0.44676,1.050115,-0.180561,2.547079,0.151844,4,misalignment
-0.869694,-1.156878,-0.44942,-0.381712,-5.928999,1.251113,-0.765777,-0.932229,6,thermal_cycling
-0.879474,-2.338757,-0.87407,-4.411059,-0.750375,1.49842,-0.206599,0.704412,1,bearing_degradation
-0.006323,1.151196,0.925199,-0.8231,-0.612568,-1.572773,-1.791985,-0.833859,11,blockage
-0.933618,-0.205438,-0.950022,-0.339033,0.840308,-1.72732,0.434424,0.237736,0,normal
0.579855,2.380765,3.904373,-0.503306,0.051398,-0.327891,-0.162135,0.135426,1,bearing_degradation
4.285376,0.053947,-0.021353,2.970336,0.707708,-0.926447,0.405422,1.073869,3,gear_tooth_crack
-0.369881,0.382704,-0.583278,-1.820492,1.738295,0.662379,2.107816,-0.43899,4,misalignment
0.635789,0.208713,1.879852,-0.238663,1.188979,-1.2279,-1.1808,1.684472,8,sensor_drift
2.109561,2.878429,-2.117214,-1.004703,0.510402,-0.470003,0.155558,1.42955,4,misalignment
-0.093633,0.337498,-0.807412,-1.291977,-2.132769,0.745811,0.944089,-2.009684,9,intermittent_contact
-0.056624,0.243936,-0.387412,-1.860841,0.883633,0.617828,-0.620664,0.84559,12,leakage
-0.939565,5.007235,0.605159,1.33086,-0.249587,4.471214,0.905343,-1.072757,8,sensor_drift
4.155309,1.345661,-2.371555,-3.758585,-1.831679,0.241309,1.640183,0.219987,4,misalignment
-0.555125,0.70548,-0.000929,3.166841,11.069665,0.437873,-0.310034,-0.334335,6,thermal_cycling
0.388474,-1.759816,0.751796,0.128622,2.386952,-1.100136,-0.102662,1.798288,0,normal
0.548428,0.187974,-1.448127,-0.06798,0.262036,-0.899695,0.189843,-1.454822,0,normal
1.102218,-1.803104,-0.459447,-0.078732,-0.750921,1.351942,-0.16826,-0.761832,8,sensor_drift
-0.194547,-0.074974,1.212008,1.698177,1.204512,0.423989,0.286201,-0.024587,11,blockage
0.895605,-1.997467,-1.682326,0.210291,-0.714877,1.312025,-0.315174,-1.934531,0,normal
1.256962,-2.081634,0.080811,-1.467501,0.09045,-0.157023,2.360391,-0.538794,9,intermittent_contact
0.264327,-0.682802,-0.65141,-0.755544,0.361198,1.338196,1.052423,0.456012,1,bearing_degradation
-1.000341,-5.487698,-3.798382,-1.178691,0.080449,-1.367489,0.446916,1.059815,4,misalignment
-0.149249,-0.535396,1.061681,-0.341726,-0.0511,0.286908,0.282785,1.0137,7,electrical_fault
-0.653086,0.408481,-1.253679,0.406032,-0.755711,0.855473,0.546663,0.414548,2,shaft_imbalance
0.384124,-0.46673,0.402667,0.681682,0.0035,-0.742827,-1.204223,0.185407,5,thermal_runaway
-1.711465,-1.817288,0.803632,1.064701,0.59683,0.379254,0.78272,0.71611,7,electrical_fault
1.043827,1.850122,3.483855,2.050456,0.151082,0.964118,-0.275305,-2.10853,4,misalignment
-0.011041,-0.80491,-1.341129,0.797517,1.094584,0.354315,-3.444584,0.870062,2,shaft_imbalance
0.887025,1.022463,-0.316736,-0.531907,-1.344236,0.406137,0.58985,2.469196,1,bearing_degradation
-0.234722,0.591093,-0.474396,0.714882,0.683037,0.181632,-0.042786,-0.680669,2,shaft_imbalance
1.812436,2.755728,-0.922342,-1.336467,-0.21451,-0.368067,-1.988772,1.374865,2,shaft_imbalance
0.671608,-3.537759,3.989947,3.201443,-0.054348,1.110391,2.538483,0.31741,1,bearing_degradation
-0.722349,-1.483503,0.244692,1.229267,1.279327,1.378439,0.415407,0.090189,5,thermal_runaway
-2.790093,-1.493644,-0.265362,-1.564929,-0.192615,0.223317,-0.292638,-0.271306,12,leakage
1.344898,0.510893,0.077118,0.526065,0.477308,4.53665,0.059366,-1.308316,8,sensor_drift
0.706637,-0.354375,-0.360418,-1.519387,0.0912,-1.111932,0.918526,-0.734101,3,gear_tooth_crack
1.094629,1.315908,-1.08364,-1.019749,0.013054,-1.367114,-0.539527,-0.323283,1,bearing_degradation
-1.89113,-0.649932,1.291133,-0.301176,-0.376524,0.39848,-1.953405,0.282098,2,shaft_imbalance
-0.459095,0.630505,-0.554008,-0.719238,0.422172,-0.430468,1.221746,-0.466211,9,intermittent_contact
-0.668454,1.463878,3.464826,3.299751,0.94987,-1.159028,-2.001962,-0.150195,4,misalignment
3.871954,0.205738,0.527382,0.855354,2.204757,-0.783645,2.962339,0.003214,5,thermal_runaway
-0.909751,-0.110707,0.52003,-0.045885,-0.140355,-1.02047,2.243147,-0.201111,9,intermittent_contact
-0.600973,1.966453,-0.036538,1.97952,-0.752298,0.811423,-0.664746,0.021359,11,blockage
0.222992,1.802266,-0.364904,0.161992,0.713795,0.747684,1.680518,1.456523,11,blockage
-2.660634,-2.283055,-2.516207,2.109489,-0.29638,0.166564,0.035877,0.469078,4,misalignment
0.210865,-0.176213,0.40031,-2.861518,0.302258,-0.113354,-0.050628,0.706533,0,normal
3.397807,3.539263,2.040928,-1.95833,0.873857,-1.090643,-0.503377,1.698993,4,misalignment
0.76588,2.35569,0.862613,-0.644843,0.237015,0.48078,1.433813,1.21405,3,gear_tooth_crack
1.183968,-0.114658,-0.626268,-1.695269,0.48719,0.365227,0.210181,0.117674,8,sensor_drift
-0.876861,-0.094263,-1.757728,-1.467045,2.129247,-1.287423,-1.096786,1.836914,0,normal
0.867439,5.316296,-1.599374,1.421863,0.886135,1.737025,-0.560006,2.070365,11,blockage
0.786735,-0.27352,-0.196483,0.402771,0.038643,0.253871,1.346108,0.228202,12,leakage
2.517935,1.918307,1.71168,-1.399231,-1.011343,0.638797,-0.566552,-0.109937,4,misalignment
0.423864,-0.223704,-0.882013,0.592486,0.662145,-0.560301,-0.068348,-0.028313,1,bearing_degradation
0.608017,-1.358345,0.207202,0.493423,-0.038534,0.319372,0.05782,-0.622162,5,thermal_runaway
0.754262,-0.657982,-1.113433,-0.687237,0.120103,-1.129547,-0.095432,-0.643696,11,blockage
-1.017559,0.981001,-1.050465,-1.003868,1.058977,0.067025,1.567689,-0.686141,12,leakage
-1.340698,-3.546991,0.07163,2.426463,0.896836,-0.086487,1.699139,-0.384005,2,shaft_imbalance
-0.166482,-0.762281,-0.590636,1.13027,1.369394,-1.107168,0.243716,-1.905005,2,shaft_imbalance
0.140036,0.591895,-0.534455,0.626542,-9.70701,1.753989,0.813855,0.38479,6,thermal_cycling
2.391299,-0.611291,2.597651,0.926682,0.504093,1.094671,-1.385401,-0.230414,5,thermal_runaway
-0.305849,2.54219,1.313707,1.351691,1.073396,0.433385,-0.010323,1.885099,11,blockage
-0.025271,2.534647,3.765377,-0.159692,-2.177698,1.162092,1.202407,0.256595,4,misalignment
0.489276,0.077795,-0.086428,0.910736,-0.132791,0.95694,0.813448,1.452739,12,leakage
-0.423729,-0.67518,0.027165,1.988515,-3.497716,3.908471,1.17439,-0.514549,8,sensor_drift
-4.453809,-6.818955,4.520345,-5.319487,-0.563581,-0.904873,-0.563777,1.031413,1,bearing_degradation
-1.454201,-0.306866,1.016709,-0.066439,0.449419,1.104413,1.220186,-0.6223,7,electrical_fault
0.187469,1.48314,-0.804208,-0.128884,-1.651416,0.550032,-0.017485,0.017346,7,electrical_fault
-2.408727,2.562097,5.193681,3.210581,-0.356974,1.968824,-0.440074,-2.001951,4,misalignment
0.232988,-0.989532,-1.236681,0.61559,1.173998,-1.183726,0.953026,-0.013023,9,intermittent_contact
0.893104,1.637379,0.389042,0.502017,0.933589,-1.752224,1.318776,-0.125618,11,blockage
-0.734971,-1.767702,-0.279832,0.083329,-1.953402,0.061084,-2.572739,1.545803,10,cavitation
0.821797,-4.254087,-2.731817,-2.626707,-1.676687,0.889988,-0.007715,-0.199046,4,misalignment
1.79437,1.314808,-0.109734,0.35272,0.766823,0.121178,0.130764,0.823753,0,normal
-2.234321,-2.432847,-0.805293,-0.462624,0.075035,0.383886,-0.96529,0.147919,2,shaft_imbalance
-0.0864,-0.677716,0.922653,-0.426713,-0.448059,2.173983,0.79932,1.075935,9,intermittent_contact
0.746844,1.073849,1.842431,-1.900577,-3.158453,0.639083,-0.599323,-1.430008,9,intermittent_contact
0.764683,-0.943056,0.145671,0.957555,-0.412736,-0.546877,-0.850822,2.000354,10,cavitation
0.900281,-0.099024,0.41179,-0.372398,-1.461034,0.127456,-0.440967,-0.242552,2,shaft_imbalance
-1.484043,0.878323,-1.279885,1.145378,-0.646188,-1.518047,2.120748,-1.546329,7,electrical_fault
0.22663,-0.378761,0.347057,-0.737012,0.708991,0.181997,-0.989512,0.427147,9,intermittent_contact
0.434003,0.908976,-1.816129,-1.699145,-1.666235,-0.42811,-1.538848,1.240319,9,intermittent_contact
-0.64177,-0.618311,0.463505,-0.246149,1.748576,-0.663934,-0.567871,-0.532074,12,leakage
-1.18572,-1.281983,1.027452,0.258167,-5.258836,1.018405,-0.3333,1.47224,6,thermal_cycling
5.522478,1.282036,-0.948601,0.763647,2.139944,0.553621,1.691519,1.266138,5,thermal_runaway
-1.017481,5.385783,-0.621664,-2.54316,-1.743019,0.631889,1.254515,-0.781776,11,blockage
0.534049,-0.031793,-0.49879,-0.947408,-0.317193,-0.822223,-0.062831,-1.521532,3,gear_tooth_crack
-0.621004,0.680813,1.355385,-1.679069,-0.430932,-0.544675,0.625988,1.460029,9,intermittent_contact
0.454016,4.787406,-0.301178,-0.329778,-0.984671,-0.710177,0.674499,-1.354893,11,blockage
0.883403,-0.34444,-1.065048,-1.283146,-0.139698,-1.099994,-0.797682,-0.152293,9,intermittent_contact
5.521798,-5.300286,-1.245217,4.963773,-0.347431,0.132519,-0.487116,1.651992,1,bearing_degradation
-0.512243,-0.813773,0.615979,1.128972,-0.113947,-0.840156,-0.824481,0.650593,0,normal
-0.955904,0.997672,-1.526946,-0.116455,-0.932649,0.040703,-0.924637,1.053417,12,leakage
-0.639752,-0.926576,-0.38981,-1.376686,0.635151,-0.222223,-1.470806,-1.015579,0,normal
-0.044312,-0.716536,0.149302,-0.033047,0.927839,-1.340383,-0.805389,0.725298,3,gear_tooth_crack
0.126917,-0.818718,-1.137899,1.698252,1.570373,0.887372,0.059854,0.815166,5,thermal_runaway
0.420221,-1.991399,-1.167826,0.305758,-0.263891,-0.244648,-0.324977,-0.185026,12,leakage
3.702308,-0.912588,-1.295187,0.393047,0.594827,2.660781,0.416783,-0.155085,3,gear_tooth_crack
0.564247,-0.588393,0.145742,0.008137,0.325248,0.35003,0.401995,0.094905,3,gear_tooth_crack
-2.407082,3.082238,2.787685,1.356367,0.544661,0.110756,-0.358335,-0.464033,4,misalignment
-0.428091,1.586245,-0.393558,1.081908,-0.830761,1.183053,1.369153,-0.564786,7,electrical_fault
1.690396,2.598111,-1.726756,0.10604,-0.31395,0.447243,-0.618973,-2.479464,10,cavitation
-0.007267,1.499007,-0.843855,-0.990748,0.423157,-0.469569,0.595683,0.740041,11,blockage
-8.362224,-1.543181,-0.462846,1.500051,-1.29841,-1.169664,-0.688672,0.186216,1,bearing_degradation
-0.356928,-0.784874,1.375492,1.548297,-0.602266,-0.564966,-0.313006,-1.186513,4,misalignment
0.092721,0.163595,4.762174,3.631021,-2.599246,-0.337687,0.947572,-0.270049,10,cavitation
5.84953,0.163218,2.006728,-0.115544,0.412762,0.248355,-1.091785,0.09231,3,gear_tooth_crack
-0.865865,0.178934,1.215609,1.267828,-2.581459,0.628931,-0.494221,0.400613,12,leakage
-0.349587,-3.207549,1.820613,2.223359,-0.039828,0.042892,-0.207529,-1.032576,10,cavitation
-0.475749,-1.320423,-2.236925,-0.244109,-0.316365,-0.651296,0.221375,0.395173,0,normal
-0.708296,1.025508,-0.354618,-1.67321,0.669219,-0.011593,0.014424,-0.061092,11,blockage
1.408515,1.472506,-0.603438,-0.841066,0.184705,0.782726,0.272987,0.663801,2,shaft_imbalance
-0.351349,-1.057355,1.712091,-0.668637,1.159472,-1.51305,0.416005,0.387507,5,thermal_runaway
-0.432778,-1.397884,-1.718343,0.669616,-0.929475,0.817603,0.54569,-0.545092,2,shaft_imbalance
0.703609,-3.679851,-0.572201,-1.402793,-0.153831,0.43263,1.116942,-0.433746,7,electrical_fault
0.298529,0.704792,-1.496867,1.006225,1.208027,0.365088,0.912724,-0.649192,10,cavitation
0.905918,0.490857,-0.50273,0.740099,-1.515304,-0.565933,0.344838,0.607611,12,leakage
-0.111327,0.634486,1.826481,2.030442,-1.843669,1.671226,-1.036706,-0.986844,8,sensor_drift
1.793318,2.096996,2.770405,1.812262,-1.28694,-1.284334,-2.8632,0.918362,2,shaft_imbalance
1.545204,0.306531,-1.00335,0.267894,-4.474071,-1.998734,-1.845157,-0.06649,6,thermal_cycling
0.631866,5.383812,0.872932,-0.21527,0.352151,-0.026879,0.499209,-0.971531,11,blockage
0.78235,-0.190651,1.171247,0.750869,1.820646,0.730775,-1.57204,-0.066953,0,normal
-1.554098,-1.347194,0.234908,0.128455,0.0,-0.476261,-0.855198,0.331068,9,intermittent_contact
0.157625,-0.435125,2.822112,-0.991625,0.88123,0.332785,-0.062537,0.185163,3,gear_tooth_crack
1.770688,9.350736,0.006051,-1.269401,-0.580501,3.589102,-0.551178,-0.257353,11,blockage
4.279483,1.468779,1.134594,0.918977,-0.76832,1.434052,2.092123,1.990204,5,thermal_runaway
-0.667797,0.75616,-0.407434,-0.449684,1.25414,-1.371006,2.056203,-0.612635,3,gear_tooth_crack
0.948728,1.646159,0.520615,0.358548,3.200243,0.20702,-1.090547,-0.281225,3,gear_tooth_crack
-1.605947,-1.721799,-0.481613,-0.447003,11.913602,-0.977994,0.43398,-2.156717,6,thermal_cycling
-1.221384,0.719181,-0.631955,-1.107483,-0.285654,2.837974,-0.5438,-1.758216,8,sensor_drift
-0.847296,0.52257,0.056599,-1.165775,-0.009544,-0.733024,1.461061,0.893698,5,thermal_runaway
-0.062807,0.183342,1.560351,-0.300308,0.958807,1.231979,-0.063754,-0.210719,0,normal
1.447629,3.417617,0.490963,0.235585,-0.538125,1.070976,0.026669,0.366017,2,shaft_imbalance
0.199428,1.330469,-0.831422,0.230406,0.027185,-1.50692,1.232583,0.829017,7,electrical_fault
-0.11021,0.613632,1.131808,-0.778826,0.591654,1.611451,1.427974,-0.530818,9,intermittent_contact
-0.84404,1.699431,-0.175001,1.09298,0.726491,0.090207,0.761917,1.321173,12,leakage
-1.660566,-0.420138,-1.35761,-1.798276,-0.204526,0.833094,1.20597,-0.531873,5,thermal_runaway
0.029424,1.028781,-2.214187,0.345727,1.189622,-0.153026,0.550202,-0.703069,0,normal
-0.221571,0.290865,-0.157344,-0.838803,2.105613,0.663582,-1.478809,-1.211332,12,leakage
1.166801,1.168903,0.550252,1.486557,0.974118,0.055741,1.556754,2.917851,4,misalignment
0.131822,-0.337395,0.266085,-0.594298,-0.178048,-1.131723,0.375086,-0.078456,7,electrical_fault
-0.260097,0.503086,0.142973,0.295546,0.346557,-0.526155,-0.31092,0.908847,9,intermittent_contact
-0.492305,11.489816,0.978343,-1.415954,1.357851,-0.00536,-1.929796,-0.859599,11,blockage
0.665605,0.524269,-0.937911,0.913438,-1.592048,1.268266,-1.190565,0.86278,10,cavitation
-0.234533,-0.578041,-1.91975,4.196228,-1.325852,-1.078419,0.781878,0.452841,4,misalignment
-0.260561,0.336069,-1.706003,1.181832,-0.923746,1.776054,-0.84484,0.254141,12,leakage
-0.956315,-0.035284,-0.614821,0.742372,0.643442,1.301957,0.082984,-2.959597,5,thermal_runaway
0.538703,2.93259,1.440282,0.896328,-0.177065,0.870937,0.618835,-1.009372,11,blockage
-0.265631,0.787691,0.337477,-0.278884,0.91766,1.176805,-0.919344,-0.901058,12,leakage
0.260195,-0.622029,-1.30855,-1.389766,-3.307851,-0.085031,-1.300702,-0.539011,11,blockage
1.052304,3.685878,2.593311,-1.949389,0.712362,-0.271316,-0.060446,-0.324955,4,misalignment
-0.867672,-0.695868,0.666715,-0.274487,1.417156,-1.201831,1.077049,2.237526,12,leakage
-0.221521,-0.631805,-1.434535,1.260351,-0.149343,1.283449,-1.448779,0.504276,9,intermittent_contact
0.866728,-0.1088,0.271362,-0.262786,0.856577,-0.347324,-0.572946,1.813342,3,gear_tooth_crack
1.037895,0.943868,-1.954222,-0.840041,-0.138395,-0.664103,1.169289,0.012876,12,leakage
1.3209,-1.465354,1.762784,-0.288409,0.924827,-0.737535,-1.610839,-1.312946,5,thermal_runaway
-1.487258,-0.744826,0.127118,0.517671,-2.135196,-0.21956,0.028582,0.547537,2,shaft_imbalance
0.21342,-1.385611,0.025979,0.04686,-1.418155,2.719869,0.54218,1.128153,8,sensor_drift
-0.86394,-0.795625,0.950217,-1.593322,2.40319,-0.031785,-1.378548,0.181976,7,electrical_fault
0.141022,0.701178,-0.547892,1.26078,-0.445132,0.484353,-0.189915,0.740905,9,intermittent_contact
1.146797,1.28821,-1.07162,0.637476,1.14033,0.812087,-1.87793,0.245428,5,thermal_runaway
-0.01639,0.016823,-0.064318,1.379727,0.380879,1.037424,-0.248726,0.426999,8,sensor_drift
0.667611,1.665443,1.003538,0.207731,14.333453,0.345172,1.154577,0.232309,6,thermal_cycling
-0.156638,-0.040763,-0.654788,0.446072,-0.454983,-1.225606,-1.277938,0.172588,0,normal
0.754172,0.25684,-0.283229,-0.070558,-5.9397,0.48509,-0.712963,0.237776,6,thermal_cycling
-0.186253,-1.255372,1.62393,-2.059377,-1.029167,1.000017,-0.035412,0.18303,12,leakage
-1.08315,0.625134,1.291941,-0.323703,-1.071469,-0.922379,-1.03002,0.30818,5,thermal_runaway
2.918321,-0.902561,-1.547027,0.287304,0.63499,0.020753,0.360609,0.361582,4,misalignment
-1.326235,0.594935,0.891485,-1.660231,0.695551,0.62074,1.395042,0.950394,6,thermal_cycling
-0.233159,-0.409627,0.157792,1.021001,0.081219,1.93639,1.019506,-1.198242,12,leakage
0.704044,-0.615201,-0.48647,0.082265,14.435227,0.525331,1.083071,-0.389112,6,thermal_cycling
0.627471,0.527908,-0.635313,1.421114,1.090134,1.586056,0.236965,-0.035733,2,shaft_imbalance
0.597648,1.570961,-1.786457,-1.08806,0.144137,-1.618388,0.172212,0.623003,5,thermal_runaway
-0.412346,-5.103754,0.105875,-3.813604,0.763334,-1.550251,-0.326693,0.338481,1,bearing_degradation
1.055881,0.086369,0.613157,0.68476,0.959503,0.700753,-0.886236,-1.465381,11,blockage
1.916121,0.973942,1.145974,-1.239807,1.650163,-0.668566,0.814844,2.675333,5,thermal_runaway
-0.127935,0.004379,-0.129797,-0.310544,-0.714858,-0.366011,0.110761,1.198341,8,sensor_drift
0.786228,1.26761,-1.164178,-0.412849,1.499954,-0.771403,0.387717,4.326921,7,electrical_fault
0.605014,0.129893,-0.314689,0.457832,10.466484,0.110519,-0.303526,-1.027547,6,thermal_cycling
0.90326,-0.298367,0.523793,-0.395294,0.183941,2.988551,-0.645887,0.571481,8,sensor_drift
1.98226,0.046513,0.063978,-0.373443,1.106006,-0.32892,-0.421337,0.978593,0,normal
-2.084344,0.197646,1.215804,0.111588,0.203449,-0.49425,0.949223,-0.353177,9,intermittent_contact
0.469755,0.357735,0.778922,-0.10681,-0.51583,0.453249,-0.517811,-0.125532,9,intermittent_contact
0.831528,-0.042143,0.555397,-0.507968,0.618236,-0.167753,-1.544926,0.922898,8,sensor_drift
1.394693,0.026201,0.344856,-1.670171,0.130349,5.289598,-0.283361,-1.541636,8,sensor_drift
1.113281,-1.51965,0.295694,0.772441,0.747898,3.767053,-0.206796,-0.549985,8,sensor_drift
0.511939,0.988278,0.509588,1.083011,0.026928,1.515672,-1.231392,-0.067739,7,electrical_fault
0.48015,1.306444,-0.721397,0.87501,0.724806,-0.837483,-0.727687,1.803103,8,sensor_drift
-1.199643,1.934297,-0.982836,0.424494,-1.866362,0.108151,-0.068296,-1.967067,7,electrical_fault
0.685268,-2.553173,3.145217,-4.40434,-0.570583,-0.188143,-1.012029,0.832951,1,bearing_degradation
-1.321364,-0.447073,0.210535,1.586004,0.221983,1.38372,0.640729,1.627401,0,normal
0.983411,-0.722132,-0.762427,0.719085,-0.701604,-0.53085,0.656671,-1.516389,4,misalignment
0.672811,-0.531089,0.89909,-0.455024,1.945472,0.560742,1.425406,-0.208798,2,shaft_imbalance
-0.49699,-1.539319,1.149243,0.870568,0.968294,-0.282419,-1.447993,0.593237,4,misalignment
-0.879642,0.673794,0.86053,1.558816,-0.87611,-0.226455,0.747272,0.05741,0,normal
5.715942,1.220434,1.224967,1.384403,0.741868,0.579703,-0.139457,0.451657,5,thermal_runaway
1.655513,0.921699,0.303029,-2.567149,0.130721,0.651563,1.419738,0.310376,4,misalignment
-0.387233,1.339875,-0.933651,-0.642707,0.376989,-1.454332,0.086978,-0.617445,4,misalignment
0.221861,-0.790532,0.189451,0.382098,0.955451,0.359272,0.737699,0.064804,12,leakage
1.212842,-0.640705,-0.747739,1.299351,0.691379,1.073805,0.315431,-0.25489,9,intermittent_contact
-1.273575,5.924914,-0.333048,-1.343489,0.828027,1.181904,-0.607422,-0.653117,11,blockage
0.469825,0.712997,-1.608186,-0.822702,1.237884,0.286891,-1.91378,1.03829,0,normal
-0.481633,0.558587,0.256026,-0.329692,-0.369382,-1.785471,1.605874,-2.085446,8,sensor_drift
3.457155,2.664466,-1.274156,-1.437982,-0.930604,-0.267513,1.60441,-1.422601,1,bearing_degradation
-1.685597,0.538034,-1.034308,0.235276,-1.423734,0.446322,-0.806599,-1.282635,0,normal
0.575987,-0.34304,-1.7201,0.620848,0.637597,2.253552,0.017722,0.183322,7,electrical_fault
-0.687451,-0.909846,-0.344285,2.563655,0.382417,0.598278,-0.000291,0.137383,9,intermittent_contact
-0.892078,-0.045057,-1.516391,-1.482389,7.182977,0.701582,-0.891716,-0.262127,6,thermal_cycling
1.191594,-0.701344,0.348203,-0.26554,0.328274,-0.627577,-0.883425,1.052075,0,normal
1.170861,-0.448401,2.062315,-0.132397,-1.142994,-0.431751,0.243409,3.476567,6,thermal_cycling
0.258229,1.564718,-0.36177,-0.941122,-0.448564,0.452334,-1.565759,0.637471,0,normal
-0.116423,0.722843,-0.199914,-0.69915,-0.739263,3.022421,-1.160937,2.870354,8,sensor_drift
-0.048275,0.57625,2.033453,-2.234453,0.347509,-0.519772,1.383135,-0.103509,1,bearing_degradation
0.612015,-0.153702,-2.34602,-0.218309,0.630097,-0.27936,0.303255,-0.224577,7,electrical_fault
-0.488683,1.406616,0.323719,1.235783,-0.755647,0.056143,-0.981087,-0.413605,0,normal
-0.690988,-0.54716,-0.725905,-0.34697,1.032606,1.249254,2.005463,-1.624907,2,shaft_imbalance
-1.009672,-0.153184,-1.517857,-0.887966,2.032406,0.378387,0.934302,0.49467,4,misalignment
0.839214,1.565407,0.908828,-2.307495,0.237155,-0.141834,-2.035743,-1.290415,9,intermittent_contact
-1.122426,6.797546,0.062421,0.61036,-0.114976,0.689988,-1.052285,0.199398,10,cavitation
-1.093665,0.769484,1.304965,-0.97068,-0.575121,-0.586377,-0.132781,-0.356366,3,gear_tooth_crack
-0.942403,0.422759,-1.049847,0.780501,0.575178,-0.602514,-2.949945,-0.330835,10,cavitation
0.479786,-0.113214,-0.349398,0.562491,-0.141227,0.54823,0.622454,-0.229579,5,thermal_runaway
-2.452503,-0.277051,0.801949,3.295503,-1.504269,-0.02868,0.34527,-1.975493,4,misalignment
0.791956,0.899167,-0.251006,-0.274477,-0.648081,0.167729,-0.527898,-0.433066,2,shaft_imbalance
-0.215244,1.782294,-0.213797,-1.800479,1.893049,0.682393,-0.070013,-0.371418,0,normal
1.048233,0.169655,-0.116716,1.328402,0.330502,0.819566,0.715257,-2.87624,3,gear_tooth_crack
-2.494712,-1.117682,-3.332131,4.735818,-0.035979,0.640894,-2.672588,0.204939,1,bearing_degradation
1.141261,-0.478063,0.545419,0.1266,-0.352913,1.025257,-0.625417,-2.191641,8,sensor_drift
-2.784932,1.162445,-2.7291,-0.983941,1.077225,0.890475,0.803229,-0.657734,10,cavitation
-0.170973,0.02265,-0.272065,0.819219,1.092617,0.044214,0.168604,-1.123936,12,leakage
-0.9101,-0.49051,0.10426,-1.290358,1.169737,-0.989031,-0.880998,0.789452,12,leakage
-1.359846,-1.201133,-0.83424,-1.227398,-0.618274,1.738283,-0.036073,0.785522,5,thermal_runaway
-2.95044,3.020576,-5.827994,-3.735872,-0.736008,-0.12982,0.388137,0.324682,1,bearing_degradation
-0.011274,0.251662,-0.816567,1.064876,1.438966,-1.363147,0.400889,-0.107911,7,electrical_fault
4.881734,0.461306,2.522771,2.841883,2.362888,-0.015674,2.742378,3.305178,5,thermal_runaway
-3.438472,1.005641,-4.728084,3.997385,-1.215253,-0.169817,-0.937008,-0.277404,1,bearing_degradation
0.989926,-1.355363,-1.074755,0.115674,0.34572,2.082554,-0.9492,1.540193,7,electrical_fault
-1.070291,-0.662796,1.365418,-1.715179,12.493031,-0.026451,1.167177,1.947942,6,thermal_cycling
1.371293,0.619058,1.67621,0.371943,-2.032793,1.304629,0.635476,1.466344,7,electrical_fault
4.161921,0.776883,-1.238435,0.319422,-0.240413,-1.119912,-0.900226,0.499762,3,gear_tooth_crack
0.388692,1.736123,1.073215,0.753969,-1.888705,-0.234498,0.33919,-0.026284,2,shaft_imbalance
1.097582,0.646116,0.029526,0.500338,0.482166,2.103557,0.253363,-0.681077,3,gear_tooth_crack
1.236066,-0.22507,0.210325,1.790831,0.094179,0.787377,0.571042,-0.335939,12,leakage
1.002788,2.655379,0.030047,0.393422,-0.012796,1.007324,0.792665,-1.775372,12,leakage
-0.303318,2.852554,0.244603,-1.574559,-0.780289,-1.03306,-0.357351,0.647687,11,blockage
0.004806,-1.115698,-0.828422,2.040828,-2.05187,-2.106428,0.342128,-0.707969,6,thermal_cycling
1.694271,0.232453,0.748646,-0.712209,-1.138959,0.663892,0.252834,1.030081,12,leakage
1.138235,-5.25693,0.507902,-1.263292,-0.462438,-0.240677,0.910112,2.203411,7,electrical_fault
0.202181,9.099545,-0.767797,0.35616,-0.160739,-0.919751,-0.935796,1.12773,11,blockage
-1.975114,-0.090003,-1.994364,-0.520829,5.840628,0.438857,-0.778526,-1.785208,6,thermal_cycling
0.398982,0.824938,-0.713047,1.051855,-1.515692,-1.247628,0.709662,1.671121,0,normal
-0.365908,-2.214264,-3.835651,-2.181276,-0.047874,-0.23576,0.088213,-0.417735,10,cavitation
1.926783,-1.514218,1.073287,-0.331166,-0.747521,-0.832049,1.895955,1.411406,2,shaft_imbalance
-0.618054,-1.034721,-1.563705,0.219403,0.234596,1.700793,-0.668338,0.296101,0,normal
-0.319611,2.167806,1.490693,0.116784,-0.227987,-0.184673,-0.600653,0.125222,7,electrical_fault
-0.771659,5.703366,0.471231,-0.714206,-0.817343,-0.044053,-0.326128,0.016721,11,blockage
2.00118,-1.082762,-0.791911,-1.225852,1.387006,0.318414,-0.15347,-0.229698,10,cavitation
-0.430868,1.56526,-0.324995,-1.917536,0.449332,0.524059,-0.727199,-0.246749,5,thermal_runaway
0.119168,0.00492,0.587991,0.873788,0.059093,-0.641016,1.693766,-1.05042,1,bearing_degradation
-0.240915,2.582955,-0.515816,-0.208151,-0.672649,0.138368,-1.167559,0.499694,11,blockage
-1.76424,-4.602173,-1.23903,1.98403,-0.218302,0.059812,0.571412,0.439029,4,misalignment
-1.482164,-1.684577,-0.89932,-1.216998,-1.40681,-0.2304,0.732261,-0.711082,7,electrical_fault
1.715029,3.712611,-0.87319,-1.008259,0.052851,2.327805,0.630425,-0.592904,1,bearing_degradation
1.330104,0.49454,-0.587885,0.302979,0.470569,-0.560511,2.115938,-0.866125,5,thermal_runaway
0.265024,-2.159384,0.285596,-0.194639,-1.101013,0.353624,0.879765,-0.668493,3,gear_tooth_crack
-0.47469,-2.567129,0.177166,0.15717,-0.348384,1.227291,-0.850207,0.313166,1,bearing_degradation
0.406183,0.568162,0.344047,-1.086243,-0.149473,4.254436,-0.073853,-0.666611,8,sensor_drift
1.41632,-2.254804,1.329252,1.260372,0.006159,0.413286,-0.370597,-1.685251,7,electrical_fault
1.948844,-0.408528,1.744631,0.749132,-0.231664,6.235411,0.56738,-0.228344,8,sensor_drift
0.937523,-0.334932,0.863092,-0.81417,0.177049,0.352003,-0.154033,0.404545,0,normal
-0.698682,-0.232897,-1.289351,-0.100007,0.56741,-0.417949,1.000348,-1.070484,6,thermal_cycling
-1.159835,0.844662,1.688803,-1.06521,-0.893701,0.389206,-0.468799,-2.715971,10,cavitation
1.377572,-0.050634,0.283319,2.231506,1.273449,-0.195462,-1.236269,0.335183,6,thermal_cycling
0.986053,0.28118,2.616886,1.47621,-0.010102,-0.648029,-0.696047,-1.093995,10,cavitation
0.665118,0.406713,-0.878341,-2.880201,-2.127098,1.372387,0.9038,-1.049297,1,bearing_degradation
1.19653,1.543222,0.425587,-1.509071,0.159725,0.340343,-0.271842,1.347245,5,thermal_runaway
-0.070291,0.360176,0.328444,-0.162776,12.421992,-0.19187,1.233959,-0.599467,6,thermal_cycling
-1.123343,-2.11964,-0.613356,0.582859,0.296561,1.027516,0.370767,-0.40404,9,intermittent_contact
0.191325,1.119231,0.633447,0.25615,0.023726,1.36355,0.896236,-0.434203,8,sensor_drift
-0.636658,0.373644,0.949741,0.516425,1.58619,1.727959,-2.045874,-1.193621,2,shaft_imbalance
-0.820973,-0.290199,0.293317,-0.456142,1.006312,-0.003502,-0.096376,-1.330242,9,intermittent_contact
2.914245,-1.776987,0.324013,-0.76019,0.577403,0.046557,0.761855,1.175507,0,normal
0.724046,-0.531154,-0.51149,0.793889,1.710221,2.036401,0.229463,-0.243226,8,sensor_drift
0.143191,0.045747,-0.836003,-0.485048,2.447667,1.323913,0.333279,-0.563166,6,thermal_cycling
0.258724,0.986702,-0.368571,0.848384,1.27123,4.326759,-1.172945,-0.049151,8,sensor_drift
-0.543783,1.411317,-0.087836,0.204707,1.178955,-0.897493,-0.992847,-0.196498,0,normal
1.428163,3.440511,1.293303,1.325119,1.205673,0.36801,-0.989196,1.059754,1,bearing_degradation
-1.095351,0.724556,-1.319765,-0.08192,-0.134352,0.626656,0.803295,-0.159857,12,leakage
0.978542,0.272518,-2.47859,1.225272,2.534993,0.189757,0.662598,-1.686477,1,bearing_degradation
-0.582828,0.168648,0.557836,1.995407,-6.764975,0.202563,0.591855,-1.41484,6,thermal_cycling
1.236677,-0.13497,6.484508,-2.611242,0.146148,0.723388,0.172084,0.153998,10,cavitation
-0.127129,0.682815,-0.451031,-0.23171,0.619413,-0.773578,-0.574043,0.193327,3,gear_tooth_crack
-0.552779,0.645094,-0.451843,0.474759,-0.866333,-0.837836,-0.370783,-0.545217,7,electrical_fault
0.784016,3.729778,0.575039,-0.467425,-1.277437,0.082562,-2.272359,0.358344,11,blockage
1.095786,-0.228551,0.021339,-0.977525,-0.270617,2.158198,-0.900387,0.437712,5,thermal_runaway
-0.423961,1.717846,-0.048077,-2.452955,0.608115,-1.001452,-0.13922,-1.424432,6,thermal_cycling
0.526951,2.204304,-0.897319,0.19281,0.208522,1.380091,-0.28794,0.767625,11,blockage
1.569998,-0.998024,-0.352265,0.480334,2.531905,1.480099,1.119397,-0.387788,0,normal
-0.652796,-0.127253,-0.17145,-1.290747,-0.26359,1.336379,0.237338,-1.346061,0,normal
1.803337,1.86516,0.687087,-0.492276,0.334508,0.75614,-0.246358,0.411917,6,thermal_cycling
2.329331,-3.462722,-0.047572,1.368588,0.716631,1.366679,1.624498,0.203365,1,bearing_degradation
0.669289,-2.002377,-0.715619,0.751042,-0.261079,1.440355,1.857924,-0.590245,6,thermal_cycling
0.003949,0.228485,1.311926,0.454328,0.709416,-0.345016,-0.338245,-0.63555,12,leakage
0.285641,-0.331482,-0.32787,1.450233,0.048892,-0.448217,-0.995105,0.198513,9,intermittent_contact
0.977368,-1.366797,0.72483,-1.996701,-1.474852,0.618718,1.21577,-0.009141,7,electrical_fault
-0.664134,0.041041,-0.101306,-1.119253,-0.42437,0.609687,1.026987,0.024001,3,gear_tooth_crack
-1.067869,1.084965,1.219546,1.639369,-1.387887,1.91879,-0.791374,-1.994425,2,shaft_imbalance
-0.64754,-0.297977,1.132327,-1.078336,5.909633,-0.571288,-0.446753,0.465546,6,thermal_cycling
0.012546,-1.296697,1.102232,-0.112139,-1.488057,1.085609,-1.307667,0.796944,1,bearing_degradation
0.059584,-0.873901,0.591378,-0.047007,-6.086579,-0.868544,1.430706,0.73568,6,thermal_cycling
0.904462,0.492086,0.283136,-1.246213,1.979888,1.520543,0.294354,0.991995,7,electrical_fault
-1.007997,-0.811347,-0.085572,1.525608,0.163252,-0.275366,1.544138,-0.286938,2,shaft_imbalance
0.423753,2.343807,-0.07606,-0.606855,0.450769,0.67782,-0.880248,-0.524381,11,blockage
-0.985437,1.476727,-0.523327,1.365865,-0.766389,-0.809517,0.988284,1.191551,1,bearing_degradation
-0.816235,2.523861,0.764305,1.013366,0.446357,-0.05645,2.670752,1.2155,12,leakage
-1.796062,-0.467261,-0.849546,0.973897,-0.414688,-0.454562,0.421266,1.559619,9,intermittent_contact
2.572687,-0.080857,-0.166796,0.284175,-0.283312,-0.884415,2.353956,0.065577,5,thermal_runaway
2.94792,0.524865,-1.36242,-0.88237,-1.310781,2.101773,1.876038,2.134722,4,misalignment
0.624089,9.244563,-0.71532,-0.218483,1.212063,-0.893437,-2.241917,0.459741,11,blockage
-1.754824,0.43728,-4.060197,-0.212222,-0.482939,0.010807,0.304304,-1.379406,10,cavitation
0.616336,0.299466,-1.021863,0.49144,-1.275764,1.305245,0.422139,-0.824831,2,shaft_imbalance
-0.94611,-0.521914,1.034286,1.835218,-2.280217,-0.62719,1.682336,-0.626627,6,thermal_cycling
-0.037658,0.844885,-1.770804,-0.157308,-1.312232,-1.459228,-0.787252,-0.449983,2,shaft_imbalance
1.262321,-1.927208,0.091395,2.026805,-0.116199,-1.733301,-0.395918,1.454518,1,bearing_degradation
-1.382738,-0.087927,0.296033,1.850463,0.085999,-2.334177,-0.093985,2.739504,0,normal
0.388721,-0.276668,0.764071,-0.712116,-0.063574,0.800327,-1.313361,-0.661589,10,cavitation
-0.499748,1.661465,-1.21948,-0.198913,1.168103,-0.818102,-1.908114,-1.981858,12,leakage
1.044533,4.275624,-1.759188,-1.361406,-0.877756,1.606199,1.042355,-0.135528,1,bearing_degradation
-0.830857,0.690256,2.969072,-0.570012,2.922803,0.490635,-0.749626,-0.795456,3,gear_tooth_crack
0.434668,-1.548317,0.522579,0.840385,0.252437,-1.654079,-1.337099,-0.047005,12,leakage
-0.232269,0.075713,0.006017,0.448324,1.165308,1.647394,0.30962,0.589547,0,normal
0.473722,1.788686,-2.69342,-1.324739,0.167883,0.277056,-1.548846,-0.782182,12,leakage
1.181998,-0.455332,-0.661078,-1.688394,-2.019002,-0.175974,-0.107523,-1.086083,3,gear_tooth_crack
1.492946,9.246665,1.833846,0.170705,-2.275503,-0.964192,-0.676562,1.085484,11,blockage
0.032926,-1.187154,0.472411,0.91726,-0.692024,0.689765,0.254652,1.116248,12,leakage
0.841222,-0.405877,-0.651847,-1.477246,-0.59423,-0.11837,-1.1304,-1.744724,9,intermittent_contact
-0.077211,1.151386,0.660493,-0.433431,-1.499059,0.750766,0.686415,0.289672,12,leakage
-0.932044,-0.721219,-9.038864,-0.771822,-0.830698,-2.023085,-0.560929,0.359826,1,bearing_degradation
-0.980285,0.149138,-0.69632,-0.495197,1.9463,-0.586386,0.176455,-0.272968,12,leakage
0.230943,-0.936766,1.55244,-0.552629,1.008502,-0.449338,0.420265,-0.108517,9,intermittent_contact
-1.047546,2.243345,0.859431,-1.337771,-0.562608,-2.033435,1.087469,0.419872,11,blockage
-1.389091,-1.107955,0.471499,0.072288,1.180528,0.629402,0.583834,-0.89321,2,shaft_imbalance
-0.114934,0.09805,-0.044928,-0.495478,-6.855401,-2.372968,0.093977,0.107982,6,thermal_cycling
-1.56273,0.828219,0.400131,0.456039,1.473189,-0.315942,0.609586,0.066022,3,gear_tooth_crack
2.290718,3.064891,2.394655,0.725339,-0.087959,-1.261124,-0.216172,0.1014,1,bearing_degradation
0.798091,-0.03398,-0.008297,0.058815,-2.312325,-1.515261,-0.385311,-0.842929,3,gear_tooth_crack
0.320963,-0.728755,-1.599589,-2.739927,0.070472,-0.709869,-1.075349,0.422192,2,shaft_imbalance
-0.856799,4.010892,-0.531953,-2.307581,1.06023,-1.119024,-0.820292,1.094314,11,blockage
0.23342,-1.159701,1.550672,-1.262755,-0.174104,0.133278,-0.302354,-1.723534,10,cavitation
-3.620582,-0.740822,1.858511,-3.34963,-0.71724,0.850944,1.615993,0.251631,10,cavitation
0.870823,-0.804527,-1.808144,1.543493,0.256659,-1.714486,-0.713819,0.771874,0,normal
-1.527501,-1.091899,-1.698706,-0.34858,-0.931821,-0.152985,-0.290542,0.285468,10,cavitation
1.193522,2.039311,-0.303212,0.592894,-0.902191,1.033303,0.82783,-2.114073,10,cavitation
0.694518,0.73012,-1.639153,0.440904,-0.640139,-1.00885,-0.424427,0.161688,9,intermittent_contact
-1.629638,-4.314256,-3.533297,-0.493408,0.7405,-1.907825,-1.127223,0.554887,4,misalignment
2.15864,-1.065661,-0.973312,-1.427342,-0.297683,-0.884619,0.714279,0.110824,2,shaft_imbalance
2.877418,-2.555027,3.89924,0.579865,-1.379981,0.842687,-0.910039,0.909062,1,bearing_degradation
-2.059528,-0.637821,1.285609,0.194542,-0.101923,0.163466,0.684562,-1.02659,12,leakage
-0.800255,-1.627835,-4.464347,-1.941645,-0.467742,0.647238,-1.434141,1.447975,4,misalignment
-0.14793,-1.113718,-0.624567,-0.379229,0.026059,1.59238,0.907482,-0.816064,7,electrical_fault
-0.938255,0.771629,0.321692,0.51883,-0.716611,-1.039844,-0.640728,0.3078,9,intermittent_contact
0.014062,3.700754,-0.368958,1.120071,-0.062289,-0.321956,-1.048652,-0.836078,11,blockage
0.949362,-1.346658,2.033766,-1.670215,-1.636644,-0.788316,-0.349525,-0.734985,10,cavitation
1.455369,0.857902,-0.355953,-1.845367,-0.410482,-0.258959,-0.562405,-0.316496,10,cavitation
-0.745409,0.434533,-0.828459,0.750311,0.207113,1.579204,1.042716,1.061017,2,shaft_imbalance
0.025922,2.826659,1.877069,0.746944,0.131206,-1.005743,1.127386,0.144294,2,shaft_imbalance
0.259837,0.066766,-0.593271,-0.89242,-1.559398,-0.304069,-0.875232,0.964396,8,sensor_drift
-1.410667,2.063304,0.136929,0.361671,-1.240908,0.750196,0.877089,-0.766145,10,cavitation
1.891181,-0.507239,0.523707,-1.588021,-0.465866,0.975217,1.714364,0.378733,10,cavitation
-0.13818,-1.352847,-1.710552,1.930633,0.463015,0.019646,2.195245,1.022062,3,gear_tooth_crack
1.117096,-0.874374,1.241205,0.896322,0.443462,0.124217,0.887987,0.672987,5,thermal_runaway
-0.346019,-0.365485,1.244708,-0.928383,0.277053,-0.068466,0.067927,0.24435,3,gear_tooth_crack
-1.151655,1.09403,0.756903,1.014933,0.037029,-0.074861,-0.182093,2.278998,5,thermal_runaway
-3.099641,-0.455255,0.15966,1.601192,-1.069952,0.298767,0.508135,-1.422934,4,misalignment
-1.944679,-0.514991,1.078728,-1.983381,0.542719,-0.648835,-1.063395,0.343876,9,intermittent_contact
0.028401,0.369461,2.179625,2.366019,0.014846,-0.519378,-0.287386,1.191825,4,misalignment
3.366355,-1.813244,0.199972,-0.594635,-0.262599,2.223795,0.083686,-0.473806,5,thermal_runaway
0.399197,0.731424,-1.681747,-0.155123,-1.083354,0.408254,-1.161565,1.7977,2,shaft_imbalance
-0.576938,0.107186,-0.700065,-2.452663,0.58405,-1.04256,1.458439,0.584772,4,misalignment
0.052173,-0.273851,-0.336832,0.619702,0.339875,0.316048,0.409828,0.616135,0,normal
3.314729,0.329252,-2.721046,-0.961958,-0.211257,-0.087223,0.357739,-0.806952,4,misalignment
0.101303,0.686198,-0.179295,-0.767553,-0.022196,-0.309496,-0.312303,0.930712,5,thermal_runaway
-0.17041,0.013237,0.735733,-1.358263,-0.840949,0.272956,-0.099835,0.571859,0,normal
0.148154,-0.922518,-1.095704,1.220096,6.787501,-0.011067,-1.631426,0.063039,6,thermal_cycling
4.419472,4.200417,4.541972,3.172577,0.402091,-0.048063,0.902465,1.184217,4,misalignment
0.301259,-0.123076,0.000309,-0.942639,-7.742197,0.433262,-0.7625,-1.293227,6,thermal_cycling
0.674877,-0.838139,-1.598418,1.230915,0.141037,-0.448895,-1.020407,-1.063895,2,shaft_imbalance
-0.036044,0.418425,-0.048699,-0.494411,-1.548072,-0.508072,0.81755,0.579287,12,leakage
-1.657377,-0.614669,0.678157,1.432875,-1.111254,-0.284814,0.525277,0.218571,2,shaft_imbalance
-0.024225,5.002898,5.676351,-1.160238,-2.266136,-1.176858,-0.574541,0.000696,11,blockage
-0.23873,1.781114,-0.233901,0.857548,-0.32931,1.682498,-1.219192,0.807031,9,intermittent_contact
-3.324374,-1.613796,-1.711752,0.123952,-1.858565,-1.615061,0.595696,2.214468,4,misalignment
-3.375716,-1.040074,3.316109,0.878287,-0.652993,0.678089,0.988043,0.414801,4,misalignment
0.549857,0.233807,-0.624629,2.073725,0.608348,0.941727,0.976573,-0.420054,7,electrical_fault
-0.817169,0.481413,1.082852,-0.073512,-0.220667,-0.098281,-0.596105,-1.412282,11,blockage
-0.094459,0.26844,0.276916,-2.31315,0.158351,1.239882,1.836799,-0.43762,6,thermal_cycling
0.488757,1.045626,0.324203,-1.566225,-1.036725,4.288007,-0.249571,-0.229258,8,sensor_drift
-1.532043,-3.522034,-1.080264,1.95172,0.665159,1.025972,-1.938685,-0.396806,4,misalignment
-1.54773,0.403968,0.755443,-0.229615,0.178308,0.275982,-1.346611,-1.031329,2,shaft_imbalance
-1.190788,-1.735886,0.507707,-2.755853,0.295444,0.27405,-1.160297,-0.723037,10,cavitation
-0.940028,-0.193813,-1.131612,1.4431,7.353993,-1.547146,-1.626317,-0.085433,6,thermal_cycling
-0.424364,-0.711148,-1.795466,-1.097987,-0.324906,1.461175,-1.077332,-0.082835,8,sensor_drift
1.243954,-0.51182,-1.09251,1.376225,-1.11448,1.54606,2.887912,-0.109377,7,electrical_fault
0.709433,-1.086735,-1.309576,-0.026411,-0.412964,2.549829,-0.471348,2.159891,8,sensor_drift
-1.49988,-0.556542,1.221101,-0.640057,-0.107503,0.839231,0.021307,-0.214992,2,shaft_imbalance
-0.626217,1.127203,-1.666278,-0.832941,-1.703688,-0.735875,-0.154584,0.831501,5,thermal_runaway
-1.690913,-1.097389,-3.001359,-5.243606,0.036444,0.845675,-1.941314,-0.381155,1,bearing_degradation
0.264253,0.418626,0.133231,0.361564,-0.415666,0.443368,1.144567,-0.495381,9,intermittent_contact
0.202966,0.046233,0.644433,0.436584,-1.171603,-0.396229,0.120905,0.630951,8,sensor_drift
1.36385,-0.236659,-1.780738,-0.80324,0.551192,0.395509,-1.567058,-0.724343,0,normal
1.218033,-0.985647,1.28093,-0.044406,1.592223,0.003304,-2.047475,0.849255,3,gear_tooth_crack
-1.3227,-0.997247,0.399774,-0.905479,-0.378163,1.299228,-0.356264,0.737516,0,normal
1.218682,-1.026474,-1.342386,-1.044128,1.817056,-0.609307,-1.200458,0.366355,9,intermittent_contact
1.567596,-1.113418,-0.196102,0.386217,-0.386122,-1.736906,0.587897,-0.444777,5,thermal_runaway
-0.402478,1.183333,-1.909013,1.626362,0.440484,1.863752,1.111821,-2.047279,12,leakage
0.764928,-0.929168,0.935532,0.285132,-1.286541,0.108051,0.494667,0.039562,8,sensor_drift
-0.514469,4.117136,1.946925,1.363986,-0.31302,-0.711006,-0.081267,0.084295,11,blockage
-0.498714,1.240781,-0.39324,-3.058368,1.440876,0.457655,0.188054,0.008225,10,cavitation
-0.499755,3.550222,-0.006075,1.068448,0.230994,0.052965,-0.635995,-0.569407,11,blockage
0.463158,-0.963339,-1.129152,-0.512316,0.881935,2.19743,1.333186,-0.011104,8,sensor_drift
-0.329054,-0.255823,0.85424,0.23101,0.23529,-1.125224,-0.96749,2.143447,0,normal
-0.698317,-0.219055,-2.637691,-0.322599,0.594292,3.437524,0.55928,-0.016158,8,sensor_drift
1.182818,1.213093,1.044992,-0.078372,10.249482,0.430081,-0.438946,0.381702,6,thermal_cycling
2.36324,1.012578,-1.686161,-0.389157,2.466643,-0.982181,0.066334,1.230993,5,thermal_runaway
0.51541,-0.577539,1.274447,-0.627588,-0.636615,0.541132,0.762926,0.448099,0,normal
-0.96026,0.157369,-1.552742,-1.110131,0.543875,0.239983,-1.381662,-0.408996,9,intermittent_contact
0.88056,-1.056919,0.465975,0.379394,0.482915,0.069396,0.944985,-1.267853,10,cavitation
-1.474641,0.72276,0.184,-1.049621,-0.192994,-1.015543,0.784952,-1.895904,12,leakage
-0.471776,0.459386,0.701954,0.138241,0.760133,0.229211,0.530065,-0.704673,0,normal
1.000153,0.569311,0.087323,-1.708191,-0.605681,0.274983,-0.143518,1.141419,8,sensor_drift
-0.491724,-1.107958,-2.213253,0.083057,-1.339989,0.519289,0.013073,0.473885,6,thermal_cycling
1.725033,-0.745869,0.214475,-0.229081,-0.450793,2.172347,-0.439054,-0.304721,3,gear_tooth_crack
0.685439,-1.041023,1.373177,-1.200062,-1.140413,0.387874,-0.493014,0.206697,3,gear_tooth_crack
1.32622,-1.910429,-1.553541,1.002857,1.569796,-2.129179,0.815437,1.63788,3,gear_tooth_crack
0.329986,2.700759,-1.233684,-1.529569,0.952584,0.216457,-0.791241,0.964793,2,shaft_imbalance
-0.933227,-0.907104,-0.975982,0.254267,-0.635905,-2.665199,-0.037293,0.749418,10,cavitation
6.111849,2.394088,1.392919,1.784831,2.064049,-0.185999,1.080066,2.457926,5,thermal_runaway
0.140972,0.293699,-0.132952,0.83258,-1.091282,0.41926,-0.853045,0.50986,9,intermittent_contact
0.883843,-1.873493,-0.266775,-1.206328,-0.294415,-0.586421,-0.637981,0.225582,2,shaft_imbalance
-0.723058,-1.690893,-0.821226,1.381236,0.294363,1.483995,-0.629184,0.484763,8,sensor_drift
0.928554,1.401011,0.431059,0.525484,-0.593955,-1.442219,0.585705,0.796476,8,sensor_drift
0.898,3.045403,1.747459,-0.424253,0.393936,-1.743707,0.229617,1.933655,5,thermal_runaway
4.344919,-2.418338,-0.130155,2.339304,-2.713331,-0.44374,0.173603,-0.324002,10,cavitation
2.344354,-0.191014,1.830556,-1.21171,0.521374,-0.057646,-0.346763,0.672047,5,thermal_runaway
-0.204691,-1.486751,-0.128449,1.504687,1.9812,0.57927,-1.725635,-3.110488,1,bearing_degradation
-0.051785,-0.801877,0.8093,-0.078703,-10.829668,0.176699,0.414191,1.617988,6,thermal_cycling
1.359603,0.266681,0.494259,-1.417714,-3.440023,-1.590842,-0.539329,-0.569567,6,thermal_cycling
-0.141396,0.873057,-0.534811,-1.572528,-1.381949,-0.531877,-1.24906,0.410212,0,normal
-2.42676,0.641663,0.671259,-0.974626,0.48365,0.476602,0.34674,0.679909,12,leakage
2.244121,-2.187337,-0.175674,0.0262,0.766239,0.255003,-1.146083,-0.465654,10,cavitation
0.986248,0.518423,-1.53401,0.173493,-3.196852,1.271153,1.75359,1.873972,6,thermal_cycling
1.269077,0.312182,-0.973883,0.547206,-0.146114,3.454046,0.285124,-0.380625,1,bearing_degradation
-0.295704,2.163984,-0.306574,-0.440575,0.585622,-1.785262,1.250809,0.99394,3,gear_tooth_crack
0.431906,-0.209996,0.189379,-0.341714,-0.499433,0.780872,-0.271191,-0.336795,8,sensor_drift
-0.937183,4.622334,0.501997,0.015502,0.211944,-0.526444,-0.165145,-0.541979,11,blockage
1.301816,2.577905,-2.905166,-0.042266,1.367852,0.705691,-2.413509,0.264755,10,cavitation
-1.333474,-1.471812,0.565153,-2.601888,0.205411,-0.478083,1.308247,-0.493468,0,normal
0.017799,-0.29475,0.884182,-0.935146,-4.607558,-0.825692,-0.609776,-0.058153,6,thermal_cycling
0.456639,-1.402328,0.58183,1.18052,1.479931,0.337664,-1.804651,0.64762,7,electrical_fault
1.545489,0.864801,0.921531,-0.3044,0.094493,-1.065191,-0.719542,-1.074569,4,misalignment
-1.639385,1.135781,0.878277,0.309861,0.054433,1.854959,2.470964,-0.207267,5,thermal_runaway
-0.648911,1.021444,-0.434012,1.713979,-0.148103,1.212687,0.382782,0.70709,8,sensor_drift
2.146043,-1.150077,-0.345781,-2.038891,-0.739333,0.267679,0.372362,-0.047439,4,misalignment
2.779173,-0.152058,-1.665001,0.653784,2.09879,-1.312276,1.898052,-1.849003,7,electrical_fault
-1.209849,1.009391,1.654114,0.239547,-0.298567,0.133023,-0.41662,1.203909,2,shaft_imbalance
-0.063871,2.022109,0.04631,-0.926078,1.226941,0.6308,0.726873,1.190601,0,normal
-0.234924,0.086845,-2.209984,1.338475,-0.638289,-0.82678,-0.339556,-0.472749,12,leakage
-0.304677,0.127687,-2.284599,0.572326,0.221132,4.6265,-1.867625,-0.302483,8,sensor_drift
-0.958437,4.524743,-0.445188,0.224184,-0.755701,-0.484749,1.539182,2.546901,11,blockage
0.98971,-1.208221,0.3281,1.522848,2.026678,0.223843,0.048846,-2.026906,10,cavitation
1.12898,1.095065,0.118341,0.835124,0.421728,-0.232388,-1.816361,1.172374,11,blockage
1.07624,-0.845661,0.33307,-0.025863,0.313908,-0.833369,-1.589567,-2.072983,0,normal
-1.456756,0.644459,0.419487,0.843411,-0.274112,-1.684375,0.53376,-0.009143,3,gear_tooth_crack
0.369876,2.627768,2.375753,0.293215,1.566625,-1.10165,-0.383955,-1.919649,11,blockage
0.941754,-1.744278,-0.595645,2.397649,-0.535029,0.927226,1.360902,-1.643247,1,bearing_degradation
0.046859,-0.102828,-0.235543,-0.617387,4.333593,-0.298138,0.450799,-0.889155,6,thermal_cycling
-0.683598,0.049965,-0.823489,-0.883649,-0.076179,0.362559,1.057621,-0.579065,12,leakage
0.930019,1.465806,-1.634894,0.62027,-0.615071,2.923458,1.383554,1.701895,5,thermal_runaway
-2.702012,-1.091366,0.012921,1.6491,-0.38817,1.548042,-2.324607,-0.503578,12,leakage
-2.774804,-1.152077,-2.583729,0.339196,0.491163,0.003218,-2.478138,0.390488,4,misalignment
0.309919,0.717982,-1.428874,0.339841,-0.268451,-0.087221,-0.211782,-0.660448,2,shaft_imbalance
-0.073611,0.491292,1.436991,1.021261,-0.730027,0.60009,1.867474,-0.887292,2,shaft_imbalance
-1.711497,-0.086771,-0.219306,1.066479,0.835147,-2.828733,-0.734641,1.802101,12,leakage
-0.443651,0.368756,0.238549,0.128255,0.760427,-0.10899,1.392249,-0.293147,9,intermittent_contact
-0.333025,-0.490479,-1.119919,-0.787175,1.819088,1.806763,0.189251,-1.491278,8,sensor_drift
-0.855752,0.089092,-0.298383,0.747892,-0.781588,1.927398,-1.690612,1.71548,2,shaft_imbalance
0.251426,0.448924,1.928519,0.520622,0.087204,2.502888,-0.159791,0.386399,8,sensor_drift
0.284036,0.452094,-2.234956,0.759487,1.112398,1.224805,-0.944622,-0.030973,7,electrical_fault
-0.520611,1.435504,0.789791,0.198611,2.037128,-1.762,-0.234677,1.211749,1,bearing_degradation
0.418499,-0.134027,-0.60824,-0.776474,2.671763,-0.263477,-1.456985,-0.698221,0,normal
0.074764,0.08992,0.184679,-1.130866,1.089924,3.114325,0.593826,1.214598,8,sensor_drift
0.456764,0.981603,0.934695,0.292695,0.055624,-0.324487,-0.247594,-0.780293,9,intermittent_contact
0.997919,-0.557472,-1.61255,-1.487416,0.367144,-0.311748,0.867876,-1.586457,1,bearing_degradation
-3.361156,1.245602,0.425883,-2.097396,0.674092,0.13648,-1.264193,2.090468,12,leakage
1.104296,0.154198,-0.554069,-0.314851,-0.302453,-1.308519,-1.112875,0.031381,5,thermal_runaway
0.677658,2.386959,3.322755,-1.47364,-0.090561,-0.171277,-0.081876,-1.014005,11,blockage
-1.149733,0.017825,-0.1841,0.770072,-1.299014,-2.503801,0.063515,1.690668,12,leakage
-2.089935,-1.563928,0.215462,-0.90752,5.002308,-0.419375,0.27978,0.415069,6,thermal_cycling
4.247847,-0.045525,2.23017,0.863834,0.856478,1.529862,-0.380438,-0.549503,5,thermal_runaway
-1.216757,1.777342,-0.341434,0.524307,-1.121172,1.55234,1.947386,-1.502179,7,electrical_fault
1.243342,0.186888,-1.618138,-1.329717,1.204757,4.55612,-0.389811,1.128541,8,sensor_drift
-0.244815,0.439014,0.739215,-0.223738,1.148408,1.202174,1.380385,0.458432,2,shaft_imbalance
-0.61947,4.139062,-1.331279,-1.35223,-0.894948,0.074758,-0.573469,0.285926,11,blockage
0.378823,2.678224,2.674928,-1.038543,-1.128275,-0.050059,-0.401698,-0.352043,11,blockage
-0.344466,2.610891,-1.287994,-1.565567,-0.340345,0.74469,-0.277893,-1.512986,11,blockage
-0.62689,-1.095726,0.373617,0.144548,-6.488234,1.015321,0.106211,0.313052,6,thermal_cycling
-4.693237,-0.12117,2.886796,2.936201,0.550174,-0.584912,-0.045905,-1.003314,4,misalignment
2.154775,1.233644,0.846257,0.027846,-0.584119,1.079635,-0.306883,0.078706,9,intermittent_contact
0.325912,0.141339,1.178589,-1.497352,-0.799251,0.414348,0.263937,-1.315431,5,thermal_runaway
0.351515,0.271197,0.986968,0.611278,5.255769,0.936405,-1.688956,-0.667475,6,thermal_cycling
0.612014,0.675083,-0.555173,0.754864,-1.426975,-0.171123,-1.353672,-1.131858,9,intermittent_contact
-0.47912,0.552245,0.734797,0.870335,0.663891,5.878209,-0.692636,0.911907,8,sensor_drift
-0.786598,1.894861,-0.495813,-0.587341,-0.427973,0.274314,0.089558,1.25522,11,blockage
0.397087,4.127823,0.51544,-1.032209,1.079218,0.611584,0.312474,-0.577276,11,blockage
-2.727592,-1.066806,2.310057,-1.139,0.905317,-0.114046,0.552275,0.846385,10,cavitation
-2.478482,1.950667,-0.840693,0.162103,-0.556455,0.240899,0.048059,0.065676,6,thermal_cycling
0.633206,1.52853,1.256021,-0.029001,-0.838532,0.008197,1.380787,-0.400517,3,gear_tooth_crack
-1.106492,-2.217194,-0.097938,1.82893,1.1919,1.406166,0.440869,-2.256069,2,shaft_imbalance
0.404127,1.994151,1.201653,-1.208964,-2.475182,-0.653458,0.610141,0.08289,11,blockage
4.326915,1.557392,0.484816,2.418733,2.298811,-0.163379,0.972369,2.402431,5,thermal_runaway
-1.207461,-2.909606,-2.892281,-1.28546,0.639738,0.754986,-0.171526,2.108704,4,misalignment
0.06008,-0.398823,-2.863277,0.61147,0.779761,-0.161063,-0.239639,-0.37289,7,electrical_fault
-1.958299,7.847421,0.291984,-1.148665,1.29008,0.717808,0.275089,-0.354989,11,blockage
3.784258,0.467251,-2.147889,-3.196587,0.556559,-0.820011,1.098148,-1.292935,1,bearing_degradation
1.139663,1.297013,1.270295,-0.786463,1.349601,-0.794985,-0.754688,-0.698727,7,electrical_fault
0.80334,-0.413159,-1.154969,0.461745,0.511383,1.481745,0.623569,0.6339,8,sensor_drift
-0.676017,-0.862318,0.478876,-1.535642,0.389692,0.102553,-0.147442,1.588276,0,normal
-1.004078,-0.42167,-1.985706,-0.867907,0.412748,0.593458,0.955533,-0.248809,10,cavitation
-0.636993,-1.515602,-0.352116,1.282919,1.208062,0.946752,0.269233,0.595797,3,gear_tooth_crack
-0.20297,0.603065,-1.558687,-0.294838,0.370026,1.46151,0.245575,-0.816735,4,misalignment
-0.989004,-0.011646,-0.340109,-0.366636,-0.868297,-1.25546,0.610359,0.26401,12,leakage
-0.24003,-0.04472,1.643778,0.584506,0.385033,1.296698,-0.633197,1.068343,3,gear_tooth_crack
-0.177068,-0.111662,0.41892,0.79814,0.526062,-1.716859,0.257682,-0.656587,8,sensor_drift
-0.636793,0.022293,-0.703444,-0.519598,0.961715,-0.812338,-1.333112,0.809966,12,leakage
3.562884,-1.668483,-3.222591,7.628999,-0.040916,0.0791,-0.440636,0.462867,1,bearing_degradation
-1.454831,1.349257,-0.635234,2.59205,0.161664,0.567087,-1.627578,0.396,12,leakage
-0.891698,-0.087953,-1.569071,0.811395,1.114023,0.872774,-0.124681,-1.489437,9,intermittent_contact
1.103303,0.053271,-0.796561,0.006884,0.372761,-1.26624,0.12909,-1.724285,12,leakage
0.815919,1.027467,1.67817,2.03929,-1.408119,-2.54729,-1.007412,0.137838,10,cavitation
-0.149092,0.246422,-0.182998,1.143983,1.04406,2.165935,-0.02354,0.288637,7,electrical_fault
-0.315121,0.147172,-0.206877,-0.902296,1.214901,0.402988,-0.544464,-0.886127,9,intermittent_contact
-1.520163,0.935203,-1.155427,-1.974414,2.262332,0.880419,0.107208,-1.869956,8,sensor_drift
1.131509,0.068809,-0.910456,-0.262449,-0.227813,-0.331854,1.256157,0.984523,2,shaft_imbalance
2.955086,0.78269,0.376643,-0.296757,0.309943,1.153877,-1.21827,1.258584,10,cavitation
1.232864,-0.221596,0.995635,-0.690116,-1.485539,0.141169,-1.756477,-0.239771,0,normal
0.057165,0.793022,-0.029257,1.744376,0.04448,-1.703467,0.63831,0.392097,3,gear_tooth_crack
2.115466,-1.905217,4.509464,-1.77266,1.168003,-1.267088,-1.028009,0.721662,1,bearing_degradation
-0.12314,1.659491,0.961568,0.454118,-3.276987,1.151186,0.199494,-1.357456,11,blockage
-1.19733,-1.782155,1.134834,1.096779,1.007857,0.759332,2.179889,1.114972,2,shaft_imbalance
-1.367918,-0.671239,1.31658,-0.679545,1.154204,-0.305909,0.356182,-0.52936,12,leakage
0.459197,1.062303,-0.176491,0.949463,10.478215,-0.550116,0.410697,0.427375,6,thermal_cycling
-0.19153,-0.495265,-0.155168,-1.011517,-1.052192,-2.128052,-1.549263,1.985406,2,shaft_imbalance
-1.810619,-2.249784,-1.195359,1.324956,-0.044436,1.290564,0.410983,0.782559,0,normal
-1.449397,-0.470309,-1.321307,1.025319,1.239037,1.922584,0.521425,0.789269,7,electrical_fault
-0.859766,0.457408,-1.728455,0.093567,12.15438,-0.21859,-0.978177,-1.425138,6,thermal_cycling
-1.072182,2.52131,-0.494502,0.924124,-0.993685,-1.733922,1.532628,1.371067,1,bearing_degradation
0.969263,-0.726049,-0.23882,1.468088,0.172906,-0.32594,1.034869,0.837431,7,electrical_fault
-0.239023,-1.562314,1.183886,-0.182957,5.716255,0.372983,-1.559995,0.919934,6,thermal_cycling
1.637525,0.191207,-0.756012,-2.160255,0.291803,0.379262,0.770733,1.39135,11,blockage
-1.502681,-0.869494,0.125977,0.663208,1.679012,-0.240064,-0.86575,-0.917149,3,gear_tooth_crack
0.341629,-1.434982,0.952007,-1.197632,1.551863,0.770753,0.556562,0.600098,9,intermittent_contact
4.560174,0.117959,-2.110135,-0.479012,0.945496,0.213152,0.034731,1.046267,3,gear_tooth_crack
1.551685,-1.294167,-0.75246,1.106427,-0.271621,-0.110246,1.073373,-0.716821,3,gear_tooth_crack
1.519566,-1.057784,0.304059,-1.466082,0.306551,-0.090899,0.827342,-1.374374,4,misalignment
2.189215,0.85459,0.38155,-1.36897,-0.844478,-0.324076,0.910021,-0.936762,9,intermittent_contact
0.537742,0.541996,-0.107494,-0.321535,-1.484998,1.22026,-0.104001,1.134387,8,sensor_drift
0.642452,0.119699,0.354931,-0.215954,-0.596629,-0.973762,0.611594,-0.076722,9,intermittent_contact
2.437937,-1.454944,-0.928958,2.098193,-0.134166,0.113593,-0.332265,1.654184,10,cavitation
-1.003248,-1.881375,-3.000144,-0.899756,-0.479683,0.758483,0.59446,-0.375249,4,misalignment
-0.016801,-0.853044,0.879398,0.777792,0.066031,1.127241,0.467509,-0.859292,0,normal
1.925481,1.966457,-0.171479,-1.825925,0.789542,-1.678506,-0.320422,-1.142048,4,misalignment
-0.660232,7.395642,0.822532,1.502891,0.13639,0.757993,0.823459,-2.755801,11,blockage
-0.878152,-0.334123,0.915903,-1.326393,0.030631,-0.484169,-0.327673,1.002758,0,normal
1.769277,-1.179954,-1.217393,0.617075,0.414499,1.249662,-1.630789,0.703597,3,gear_tooth_crack
-0.010063,-0.183289,-1.147935,-0.971855,-0.684148,5.210718,-1.42406,-0.665879,8,sensor_drift
-0.883763,0.015087,-1.190071,-0.45171,1.607894,-0.166334,-1.337013,0.430927,7,electrical_fault
-0.854376,-0.760318,0.818952,0.19749,0.338198,-0.933944,0.040494,-0.774415,12,leakage
-2.240381,-0.501577,-0.81164,-0.925141,-0.440946,-1.055721,-1.21601,0.255083,9,intermittent_contact
1.16871,-1.899435,1.061634,0.118761,-0.866582,0.091252,0.414269,-0.794117,9,intermittent_contact
2.665059,0.151176,0.497043,-0.675454,0.090778,-0.801268,0.32226,0.803828,4,misalignment
-0.922186,-0.021138,-0.313173,-1.633283,1.9397,0.792279,-1.792777,-1.772263,2,shaft_imbalance
0.920855,0.24174,1.789215,0.664169,-1.389865,-0.471089,-0.610905,0.30956,8,sensor_drift
1.494294,-0.262261,1.805371,0.265387,0.506808,-0.460304,1.406956,0.608434,3,gear_tooth_crack
0.367977,-0.138418,-1.367863,-1.3269,0.116028,1.163694,0.29535,1.16654,2,shaft_imbalance
-0.107981,-1.186215,-1.09481,0.124705,-1.596522,1.800506,1.048921,1.826844,3,gear_tooth_crack
4.128832,-0.578042,0.427071,1.935499,0.126655,0.433274,0.121396,1.232485,5,thermal_runaway
1.106044,1.318532,-0.304801,1.117684,-1.135554,-1.19596,0.327609,1.941144,5,thermal_runaway
-0.483217,1.263526,-0.98945,0.654436,-0.278596,1.144593,0.598834,0.020308,1,bearing_degradation
-0.546088,-0.262891,-1.272482,-1.574776,1.251905,0.078058,0.206428,-1.249054,2,shaft_imbalance
-0.049249,-0.114631,2.413079,-0.525203,1.639947,1.446863,0.504094,-1.926132,3,gear_tooth_crack
-1.351219,0.963735,0.376899,-0.391465,-0.484816,0.729626,-0.93289,-0.054155,2,shaft_imbalance
-0.012751,-1.663418,-0.16423,-1.330891,-0.029647,-1.443772,0.030811,-1.155926,2,shaft_imbalance
0.705216,2.161886,-1.439882,2.889639,-0.474376,1.697033,1.449483,1.131941,10,cavitation
-2.163131,7.812556,0.083712,-0.13918,-0.032724,-1.741378,1.189834,0.082865,11,blockage
0.155593,-0.315885,0.846287,1.1758,0.327689,-0.468395,-0.205829,1.164912,2,shaft_imbalance
1.058223,0.597982,0.176111,-1.469307,-1.1633,0.397324,0.630032,0.253019,7,electrical_fault
-0.637859,4.505824,2.099199,-0.767544,1.045291,-0.005195,-1.692099,0.790617,11,blockage
-0.177826,-0.774772,1.431099,0.281809,0.578155,-0.138047,-0.318673,-0.169586,0,normal
-0.592841,0.223027,-0.164951,-0.176926,0.27574,-0.112566,0.098151,-0.181651,2,shaft_imbalance
0.71371,-0.494896,3.397243,-1.198528,-0.577704,-0.802148,0.690724,-0.378393,10,cavitation
-2.255982,0.858699,-1.245349,0.4189,-0.065017,0.8499,-0.235374,1.011016,9,intermittent_contact
0.993846,-1.884023,-0.960473,-2.296972,0.859052,-0.379154,1.146379,-0.53261,10,cavitation
-3.641595,-2.005195,1.694201,-0.498972,0.272467,0.315398,-0.217568,-0.092366,4,misalignment
-5.610768,-0.203703,-0.230634,-0.749501,0.684463,-0.276768,0.638111,0.309877,10,cavitation
0.299235,0.061351,0.228634,-1.028322,-0.481544,1.146058,-0.533791,-2.643495,5,thermal_runaway
0.592128,-1.616339,-0.863955,0.208879,0.610203,-1.542002,-0.626326,0.948897,4,misalignment
-0.48802,1.544449,-0.672971,-0.47408,-1.587493,-0.757612,-1.7084,0.631805,0,normal
1.427883,5.714829,1.918314,-0.219239,0.901251,0.175996,1.877826,-0.653201,11,blockage
-1.063418,0.765739,0.299271,0.795222,-0.616711,0.480189,-1.594275,-0.479786,9,intermittent_contact
0.565599,-1.159972,-0.178754,-0.112078,0.970046,0.009263,-0.261841,1.425929,9,intermittent_contact
-0.903701,0.292201,0.043934,1.209157,1.16485,0.061367,0.499648,-1.407528,9,intermittent_contact
-1.039768,-0.373915,0.737158,0.504784,-0.477199,-2.611402,-0.674848,-0.482695,3,gear_tooth_crack
1.900077,2.647369,-0.693984,-3.211078,1.907845,1.897316,0.439168,-1.455655,4,misalignment
0.501184,-0.483252,-1.684389,0.022781,-0.79606,0.097485,1.142498,1.23202,2,shaft_imbalance
1.732553,2.267075,0.672586,1.736158,1.524964,1.865816,0.620992,0.000577,5,thermal_runaway
1.169276,-0.959358,-1.496584,-0.097783,-1.140238,1.714197,-1.040657,1.04653,8,sensor_drift
-0.57802,0.007401,-0.311713,-0.9072,1.131405,-0.214094,1.93165,0.104249,12,leakage
0.323566,-1.076791,0.133927,2.570952,3.343138,-0.767006,-1.008782,1.292982,6,thermal_cycling
0.234547,1.042138,0.914032,0.42984,-1.529274,-0.451889,-0.197443,0.962833,8,sensor_drift
-1.831406,-0.335607,-1.990812,-1.495061,1.363862,0.895185,-0.71948,-1.502503,0,normal
0.488917,0.013353,0.124896,-0.362319,-1.402566,-1.215153,0.320672,0.497852,6,thermal_cycling
5.009212,-0.230736,-0.781057,-0.671842,0.669454,0.746156,-2.593981,-1.397016,3,gear_tooth_crack
-0.514556,0.127908,0.308261,-0.62043,-0.861175,0.934069,-0.531273,-0.777364,2,shaft_imbalance
0.057477,0.507549,-0.864449,1.859724,-0.706854,0.09986,-0.243893,0.193503,11,blockage
-0.94603,-1.537536,-1.466378,-0.972661,1.233494,-0.312077,0.031375,-0.955464,3,gear_tooth_crack
-1.525921,-1.462141,0.861574,0.666669,0.105538,0.270732,-0.618919,0.183992,2,shaft_imbalance
8.240344,-0.168989,0.813448,-2.096074,-0.965812,-0.101214,0.102091,-0.30601,1,bearing_degradation
0.721459,-4.310487,-1.237192,0.487573,-0.510458,1.481736,0.479839,1.373175,1,bearing_degradation
0.580312,-0.555146,0.865755,0.264042,1.164658,0.818449,-1.741478,-0.392754,8,sensor_drift
-0.218402,0.648038,1.014052,0.775116,-0.49154,0.467207,-0.861586,-1.562021,11,blockage
0.251762,0.938101,-0.121955,0.968881,-0.054631,3.557963,0.081339,0.655278,8,sensor_drift
0.493574,1.106409,1.235415,-1.810309,0.591911,1.153257,-1.256748,-0.319734,8,sensor_drift
2.090254,-2.726039,0.488174,0.954951,-0.216077,0.92809,1.654168,-1.371842,5,thermal_runaway
-0.743905,1.094459,0.926218,1.259022,1.223889,0.161011,-0.307782,-0.78964,4,misalignment
-2.210993,0.968849,1.133309,-0.282854,-0.32584,0.154503,-0.558636,0.002677,2,shaft_imbalance
-1.37149,-0.002471,-0.404774,-0.480016,-0.06331,-1.190221,0.750339,0.187364,2,shaft_imbalance
0.165548,-0.568685,-1.056845,1.713194,-1.401903,-0.794754,-0.794168,-0.034702,12,leakage
0.170583,1.654571,1.15744,-1.294487,-1.415167,1.12256,1.195984,0.322909,1,bearing_degradation
-0.210605,-0.179139,0.79039,-0.679827,-0.713373,-0.306467,0.808966,-0.62456,11,blockage
-0.104776,0.125403,-0.029404,-1.923147,1.248145,-0.353494,0.875356,1.076452,4,misalignment
0.334222,-1.038362,1.507752,-0.197386,0.294843,-0.656204,0.311489,2.076973,7,electrical_fault
0.593143,1.679778,0.211981,-2.68621,-1.939466,1.48169,-1.955097,0.586061,4,misalignment
0.368963,3.347561,1.646915,1.633491,0.719831,-0.303792,0.802638,-2.947413,4,misalignment
-0.408852,0.766338,-0.342005,-1.006243,0.989309,3.912611,0.15468,1.273801,8,sensor_drift
-1.205858,1.677959,1.79741,0.565639,4.778032,-0.187415,-0.047544,0.409235,6,thermal_cycling
-0.303489,-1.127287,0.58914,1.000117,-0.102734,0.410301,-0.967557,-0.522537,8,sensor_drift
-1.480569,-0.13159,-0.349161,0.709385,-1.260608,0.667432,-1.442954,0.747862,12,leakage
-0.885007,-0.187966,0.043918,-2.641428,0.410223,0.603411,-0.267335,-0.646439,2,shaft_imbalance
-0.271494,-0.328312,1.485373,1.714607,-0.932598,-1.061183,-0.301091,0.431192,5,thermal_runaway
0.102257,-1.122957,0.766867,-1.224705,1.15895,2.857438,0.366451,0.583108,0,normal
0.375385,0.298514,0.325211,0.044528,-0.806746,0.551728,0.426447,-0.560899,1,bearing_degradation
1.433251,-0.469366,-1.20477,0.078353,0.387323,-2.503448,-0.157771,0.12552,2,shaft_imbalance
0.579547,2.598097,0.777993,0.513173,-0.471499,0.252199,0.460906,0.786483,11,blockage
0.376593,-0.704917,0.577736,-1.578416,1.212855,-0.092896,-1.288407,-0.18754,12,leakage
-2.214243,-0.842419,0.013606,3.934739,-0.142232,0.529888,-1.140617,0.959258,4,misalignment
0.820711,2.382426,0.46469,-0.091568,-0.632624,0.346859,1.461437,0.856288,10,cavitation
0.39347,0.373336,-1.002912,1.524202,-0.646759,0.52288,-0.555226,0.386147,1,bearing_degradation
-0.068712,7.491656,-0.723867,-0.427507,-1.00049,1.487995,0.501542,-0.310295,11,blockage
0.642195,-0.176382,-0.101084,-2.560569,-0.821892,0.326465,-0.764165,-1.326433,8,sensor_drift
2.769284,1.120524,2.261027,5.159555,1.288832,0.969898,-0.276248,0.755822,1,bearing_degradation
0.165069,-0.656674,-0.527755,0.223446,-0.435072,3.853895,2.512856,0.685844,8,sensor_drift
0.543078,-0.911149,1.446655,-0.020252,1.598476,-1.392136,0.654629,-0.89037,7,electrical_fault
1.323123,0.377152,0.328459,0.913027,1.770335,-0.107284,0.521022,1.511233,6,thermal_cycling
-0.247344,0.084644,0.540779,0.692302,-1.723909,-0.613777,0.751008,-0.143676,11,blockage
-1.271765,1.829202,0.737342,-0.021976,-1.619818,-0.931184,0.63132,0.353833,3,gear_tooth_crack
-1.280356,-0.866288,1.484981,2.437588,-1.026947,-0.60262,-1.081648,0.890659,12,leakage
0.455878,-0.264427,0.452008,-0.234796,-0.789253,-0.271592,1.54158,0.467276,3,gear_tooth_crack
-0.437041,-0.475535,0.037457,0.054621,0.574707,0.459588,-0.576864,0.025887,7,electrical_fault
-0.788873,1.487241,0.111207,-1.878459,0.055478,0.0224,0.621899,-1.61171,4,misalignment
-0.048881,0.250856,-0.319395,2.267163,-0.160377,-1.409953,0.455203,0.216962,1,bearing_degradation
1.020042,-0.027271,-0.353946,-2.313543,1.195952,-1.875769,-0.127751,-0.324155,4,misalignment
-0.321873,1.051788,-1.024844,-0.829007,-0.079792,2.109694,1.100233,-2.053187,7,electrical_fault
1.678226,0.032252,0.390312,1.091916,0.016834,1.047124,0.632582,0.163567,3,gear_tooth_crack
-0.273368,0.233625,0.744088,-0.650767,-1.237432,-0.056343,0.56903,0.234846,5,thermal_runaway
-2.192698,-0.310217,0.439719,2.60902,0.278159,-1.002237,0.025286,0.890329,4,misalignment
0.346124,0.583023,2.181729,-2.358948,0.359432,-0.23929,-1.4234,-0.819076,2,shaft_imbalance
-0.155662,0.699151,0.405888,0.620753,0.459613,0.019178,-1.941608,0.864172,12,leakage
0.163075,-0.31233,1.590437,-2.068331,-1.175809,0.641602,0.674084,1.64679,9,intermittent_contact
-1.593948,-0.750481,-2.951291,1.795621,-0.079541,1.693769,-0.404792,2.326463,10,cavitation
3.167665,0.351078,-1.113012,0.232116,-0.683076,1.450857,0.770982,-0.390771,1,bearing_degradation
-3.594392,1.326736,0.961771,-3.316557,0.446138,1.15084,0.363887,0.584828,1,bearing_degradation
1.972463,-0.938839,-0.448039,-1.86373,-0.454455,0.206796,0.242778,-1.20678,9,intermittent_contact
-0.318895,2.088788,-1.311064,1.202444,-1.066227,-0.977137,0.754733,1.679771,11,blockage
0.152676,2.19718,0.481922,-0.969314,0.114975,0.337797,-0.056689,1.203687,2,shaft_imbalance
0.155545,-0.648599,-0.727164,0.334985,-4.985088,-0.767414,-0.202588,0.322461,6,thermal_cycling
0.277913,-2.363631,0.669881,0.108038,0.564049,-1.286844,-0.315773,-1.091529,2,shaft_imbalance
2.208402,-0.2477,-1.107068,1.859452,0.903306,0.456283,1.535193,0.51333,5,thermal_runaway
0.595651,0.41862,0.253998,1.410585,-2.128182,1.260441,1.238108,0.281227,10,cavitation
1.085707,-0.358902,-1.074509,-0.44896,-0.01187,-0.628159,-1.001142,0.416838,3,gear_tooth_crack
-0.86794,0.706825,-0.189684,-1.998429,0.827244,1.132983,1.481122,2.170823,5,thermal_runaway
0.520736,-0.460481,1.292946,1.843622,-1.925078,-0.383994,-2.281841,0.661009,7,electrical_fault
1.804929,-0.897481,2.097671,-5.29628,-0.32131,1.618296,-0.217509,1.489638,1,bearing_degradation
0.77016,2.777775,0.30309,-1.032111,-0.6791,0.658058,-1.346004,1.096719,7,electrical_fault
-2.831986,-0.535025,3.070599,3.348424,-1.91195,-0.716661,-0.735143,-0.600457,4,misalignment
-0.244871,0.909853,-0.144108,0.338736,-0.274125,1.604854,-0.123535,-0.873666,8,sensor_drift
1.334175,1.453357,-0.569083,-0.212145,1.1111,0.762041,-0.02838,-1.552277,6,thermal_cycling
-0.964866,0.448155,-0.494874,0.518052,-0.933027,-0.466077,0.432353,-0.124905,7,electrical_fault
-0.475189,0.390311,-0.809689,0.409302,1.304499,0.190485,0.556358,1.114101,12,leakage
2.152918,1.905637,-1.489612,0.106317,0.855873,-0.296741,1.360393,-0.429688,4,misalignment
-3.312876,-1.058486,5.567018,-1.567498,0.831831,-0.546778,0.330388,1.239707,1,bearing_degradation
-0.964423,0.3661,-0.57438,-0.422686,1.215779,0.954483,-0.996899,-0.87292,9,intermittent_contact
0.601906,2.486326,1.039764,0.005708,-0.569577,-0.178077,-0.264754,-0.345854,11,blockage
-0.860986,0.428337,0.779521,-0.026932,2.146734,-0.705321,0.675718,-0.245738,10,cavitation
-1.603109,-3.352958,-0.806545,1.459572,0.547554,-1.23395,-1.898386,0.496945,4,misalignment
-0.318788,-2.731921,-3.165923,0.361639,-0.755894,-0.861537,-3.103096,-0.850843,2,shaft_imbalance
-1.619215,-0.674565,0.149011,-1.37778,-0.566296,0.260772,0.735051,-0.037418,12,leakage
-0.518287,0.251734,0.55281,-0.001308,10.728927,0.406772,0.128062,-1.468714,6,thermal_cycling
-0.716273,-2.122517,2.486204,1.118352,-1.958694,-1.56088,0.769949,0.129568,4,misalignment
1.822146,0.08068,0.41238,0.463102,-0.020059,1.309614,0.084731,0.519243,8,sensor_drift
-1.911274,1.88059,-0.425657,4.0102,-1.87114,-1.277038,0.701127,-0.698424,10,cavitation
0.835816,1.232658,-0.511876,-0.544066,0.134873,-0.355267,-0.582563,0.054425,7,electrical_fault
1.821299,-1.651759,-1.281069,-0.423607,-0.520588,0.812601,0.24166,-1.774962,0,normal
-1.993496,-0.439599,0.175989,-1.101926,-1.445976,-1.688616,0.846362,1.043297,12,leakage
-0.315901,1.474019,-0.089743,1.234203,-1.912748,1.189637,0.407392,0.554566,6,thermal_cycling
0.471136,-0.533452,-0.411638,1.362643,-1.040586,-2.41278,1.610937,2.549328,0,normal
1.094123,0.221962,-0.970488,-0.675497,-7.181227,0.153345,0.331362,0.892913,6,thermal_cycling
-0.865343,-1.621925,0.61444,0.631238,0.480241,0.407728,-0.32054,0.787483,0,normal
0.02824,1.546958,3.235447,5.731281,-1.660867,-0.354448,-1.034358,0.988338,1,bearing_degradation
-0.002302,1.126331,-0.475484,-0.331488,0.367353,0.907212,0.93494,-1.579181,4,misalignment
0.49204,0.231467,0.838476,-0.137183,0.322207,-0.12344,-0.986054,1.599037,9,intermittent_contact
0.309178,-0.31213,-0.811129,-0.280253,0.955134,0.463664,0.934231,0.106714,9,intermittent_contact
-0.296214,0.044926,-0.777423,-0.091747,14.27759,-1.186497,0.306456,-1.090307,6,thermal_cycling
-1.061704,4.031116,4.163372,-1.497191,0.337493,-1.005106,0.718622,-0.158021,1,bearing_degradation
0.413457,2.094001,-0.343797,0.384302,-1.080911,0.351549,-1.33884,-1.296757,11,blockage
0.56993,-1.205205,-0.57682,-1.892126,5.67004,-1.689063,-1.200109,-1.127581,6,thermal_cycling
2.828419,-0.892363,-1.811356,1.66189,-1.381631,0.941382,-0.092358,-0.8502,1,bearing_degradation
1.391667,0.529485,0.912123,-0.592078,-0.322851,0.147526,-1.917185,-0.467953,6,thermal_cycling
-0.785155,0.222461,-0.296073,-0.282863,1.140205,1.574661,-2.346342,-0.255074,7,electrical_fault
-0.299163,1.772743,-1.13718,-1.244093,-0.845423,-0.071895,0.514771,0.618588,5,thermal_runaway
-1.178107,-0.090313,1.304506,1.024381,-0.345332,-0.366104,-0.439712,-0.439584,5,thermal_runaway
1.371796,-0.140481,0.079312,-0.125318,0.501208,0.118103,-3.07303,0.178892,1,bearing_degradation
-0.135753,-0.470985,-1.171098,2.226501,0.42684,-0.448063,0.145493,-0.083823,1,bearing_degradation
2.290724,-0.18826,0.908182,-0.178413,2.196693,-0.51235,1.165089,0.626678,3,gear_tooth_crack
0.133599,-0.759685,-0.852971,-0.193216,0.357012,-0.579215,-0.937406,-0.894713,7,electrical_fault
-3.258349,-10.968657,3.804763,-4.212243,0.918072,0.995031,0.57668,0.395459,1,bearing_degradation
1.128577,2.873388,0.214416,1.029013,1.696407,2.645943,0.424056,1.423317,5,thermal_runaway
0.858127,0.116627,-1.724838,0.563685,-1.320971,0.684808,-1.020221,1.058542,4,misalignment
-0.045301,0.36199,0.961309,0.712165,1.233472,2.328448,0.702928,-0.461293,3,gear_tooth_crack
0.162198,6.584866,-2.354798,-0.615852,0.168891,-1.150603,-0.664008,0.506057,11,blockage
0.568983,1.760466,0.286261,0.165779,-0.531594,-0.216565,1.274656,0.090751,10,cavitation
0.648979,0.91493,-0.78371,-0.121219,-0.600482,1.663373,-0.612234,-1.213177,8,sensor_drift
1.563142,-3.430828,-1.077491,0.213911,0.516006,-0.089684,-0.07925,0.138412,4,misalignment
2.047991,-0.349359,-0.624062,-1.561045,0.41725,0.094075,0.677969,1.843805,4,misalignment
0.650385,2.457479,-0.641962,1.329836,0.493556,2.102783,-0.146675,-0.561138,8,sensor_drift
0.988075,-0.818743,2.043337,1.337341,1.587572,0.884436,-0.921584,-1.659342,3,gear_tooth_crack
0.495885,-1.153076,-1.183219,-1.074238,1.278155,1.63172,0.195893,-0.30308,2,shaft_imbalance
-0.087073,0.205148,0.311952,-0.282528,1.889186,0.202204,-0.116402,0.244223,12,leakage
1.829376,0.992105,-0.134026,-0.423312,0.615055,3.707535,0.79656,-1.720054,8,sensor_drift
0.27341,-0.125072,-1.684886,0.920387,-0.761624,0.153692,-0.15716,-1.5838,7,electrical_fault
1.108666,-0.175369,-1.035391,-1.099572,0.209096,-1.682392,0.478731,-0.894239,4,misalignment
0.144171,4.729053,-1.157703,0.102346,-1.714985,1.418872,-0.580447,-1.286388,11,blockage
-2.234796,5.103911,0.295816,-3.445602,-0.5631,0.47712,-0.322023,-0.648418,1,bearing_degradation
-0.061736,-0.4903,-1.181584,0.089121,0.388778,1.061663,-0.274045,-1.430737,2,shaft_imbalance
2.471443,0.636193,-4.443738,-1.508944,0.900647,1.092872,0.783605,1.419463,1,bearing_degradation
-0.763915,-0.826619,0.062713,0.749457,0.53147,-0.751268,0.780562,-0.62784,9,intermittent_contact
0.176822,-0.246095,0.4129,-0.251146,0.26231,1.753239,-0.285987,0.402749,7,electrical_fault
1.261444,1.822545,-1.227851,0.202541,0.584377,1.262189,-0.154192,-0.144468,7,electrical_fault
-1.286907,1.582829,-0.92348,-1.043944,-0.039099,-0.090192,-0.902507,-0.304973,0,normal
-0.317031,6.118382,-1.196252,-1.887049,-2.064441,0.43565,-1.734061,-0.178182,11,blockage
2.102812,1.890561,1.157446,-0.337983,-0.26114,-0.331785,0.511423,-0.700256,2,shaft_imbalance
-0.177825,1.265474,0.109246,-0.758931,-0.861601,-0.46422,-0.177791,0.804096,2,shaft_imbalance
-0.034657,0.346958,-0.449522,-1.042861,1.018404,-1.33278,0.172731,0.727753,7,electrical_fault
-0.731538,0.022548,-1.126181,-0.428326,1.402036,1.617808,1.550473,-1.794904,7,electrical_fault
-0.867654,-0.907149,0.921133,-0.712792,-1.363764,0.853713,-0.415574,0.65342,2,shaft_imbalance
1.467992,1.326196,-1.046327,-1.350216,-0.032414,-0.039969,-0.417035,-0.891292,4,misalignment
0.388799,1.608206,-1.679993,0.489008,0.67678,1.461186,0.726047,0.100316,3,gear_tooth_crack
-0.416367,0.855123,0.626485,-0.622231,-0.535859,4.617328,0.594785,0.172707,8,sensor_drift
1.331687,0.189218,0.52151,1.032978,0.896515,0.41036,1.396361,-0.068254,5,thermal_runaway
-1.201932,0.555252,-0.609877,1.548938,1.02198,1.195152,1.311872,-0.272012,2,shaft_imbalance
-0.516543,-0.33579,-0.744511,1.165788,0.86853,-0.484148,0.684116,-0.245237,5,thermal_runaway
-1.059434,4.603144,0.9597,0.003744,0.887687,-0.059703,-0.940568,0.77975,11,blockage
-3.416713,-2.78086,-5.39671,3.6431,-0.789165,0.901447,-0.621397,-0.869717,1,bearing_degradation
1.235582,-1.230733,0.313792,0.298994,0.62774,2.869376,0.002713,0.428599,8,sensor_drift
-0.229293,-1.592794,-0.912878,0.226786,1.319013,2.809211,-0.586585,1.4353,0,normal
1.569901,0.246592,0.901949,0.526391,-0.325284,-0.20539,-0.392862,0.265487,5,thermal_runaway
-0.405269,-1.936838,-0.310484,-0.286223,-0.189924,-1.113388,0.579561,0.524507,0,normal
-0.051747,1.919707,-1.91786,0.650178,1.076719,-0.235602,-0.501448,-0.578576,11,blockage
1.483836,0.503094,-0.865012,-1.472783,-0.901393,0.142546,1.426256,-0.759358,8,sensor_drift
-1.250859,1.199018,-2.188345,-0.090979,0.146644,0.730962,-0.035321,0.420297,8,sensor_drift
-0.184567,1.005536,0.786496,-0.11121,1.109028,-0.571205,-1.556104,-0.308652,10,cavitation
1.52644,-0.705317,-0.701599,-0.242968,-0.103119,1.86548,0.930445,0.855573,8,sensor_drift
1.752134,0.540194,-1.218389,-0.212767,0.02114,-0.908674,1.517099,-0.309938,7,electrical_fault
-0.810122,0.11931,-0.299683,0.621874,-0.108405,-0.156895,-2.376387,0.400753,12,leakage
-0.210549,2.702034,0.952625,-0.158692,1.870903,-0.307689,-1.605178,-0.740844,2,shaft_imbalance
-4.351407,-0.986543,2.604574,6.191641,-0.398431,2.661015,0.759119,-2.367293,4,misalignment
0.611493,0.60708,-0.699981,0.104261,2.198848,-0.017598,-0.693187,-0.173762,1,bearing_degradation
-0.709932,-1.586683,0.686019,0.748086,0.117399,-1.376136,-0.365284,1.380259,7,electrical_fault
-0.601586,-0.579235,0.10606,1.132374,0.828669,0.126696,-1.327118,0.955156,12,leakage
-1.677809,-0.679663,-0.156621,-0.525173,0.87158,-0.597193,0.714851,0.484664,9,intermittent_contact
7.732322,-4.722293,-6.539192,-1.600205,-0.952512,-0.969868,1.506769,-0.977361,1,bearing_degradation
1.158659,-0.222508,0.549088,0.777848,0.735915,1.480899,-0.56027,-0.952881,8,sensor_drift
-0.816646,2.636746,-4.723596,0.215792,1.370745,0.042381,-0.336125,-1.858488,1,bearing_degradation
1.274693,0.77536,0.935396,0.444892,1.0083,0.440623,-0.254377,0.134219,9,intermittent_contact
-0.201188,-1.758816,-0.960734,-1.574732,-0.434303,-0.394551,0.08996,1.239723,2,shaft_imbalance
2.030484,0.537024,-0.349943,0.44905,1.710617,0.835426,0.547253,2.332781,10,cavitation
0.127307,0.744584,-0.594039,1.848477,-0.738074,-0.228713,-1.605911,-0.116768,11,blockage
1.453086,0.982766,-1.829839,0.15371,-0.817244,0.366794,-0.799647,-0.538997,7,electrical_fault
0.410598,0.878777,0.024438,-0.864593,18.150406,-1.409392,-0.488656,-1.107229,6,thermal_cycling
0.548079,-0.278731,-0.47835,0.941729,-1.675842,-1.142864,-0.247309,1.351047,2,shaft_imbalance
1.172511,1.352987,1.424318,-0.724865,-0.8837,0.322003,0.354689,0.511333,2,shaft_imbalance
-1.55828,0.068915,1.02647,0.134708,0.511566,-0.05882,0.962096,0.616606,9,intermittent_contact
-0.842323,0.54955,-0.209541,-0.625107,-0.113534,1.318764,1.279995,0.426126,9,intermittent_contact
0.595934,-0.00624,-0.279436,-1.535995,1.733833,-0.358996,0.708585,0.309104,11,blockage
-2.45465,-2.765544,-2.804597,1.231901,-0.307379,-1.449437,-0.559029,0.101203,4,misalignment
1.850206,9.101337,-2.465743,2.061441,1.929962,0.069702,-0.413763,2.266027,11,blockage
1.164063,1.346934,-0.611711,2.528162,0.320325,0.239369,0.864753,-0.43175,10,cavitation
0.720194,-1.797261,-0.833322,-0.25575,1.079569,1.88053,-0.164236,-0.61158,2,shaft_imbalance
-4.598344,0.38657,-0.966155,1.043074,0.437448,1.175685,-1.763086,1.188337,1,bearing_degradation
-0.900497,-1.863175,-0.401253,-1.113223,1.459083,0.132914,-1.47048,0.568697,7,electrical_fault
-0.034175,4.345019,0.607369,0.084129,1.083817,2.288304,1.716113,0.157407,11,blockage
-0.422025,0.53936,-0.094551,-0.100971,12.225753,-1.585464,-0.047884,0.450758,6,thermal_cycling
-0.590456,-0.481373,1.693562,0.03994,0.654748,-1.809324,-1.288132,0.585702,12,leakage
0.274172,-0.318038,-0.732511,-0.14106,-0.108442,0.626341,-0.189499,-0.363809,12,leakage
-0.538916,-1.915246,-0.620537,-1.084108,0.334526,-1.631448,-0.979549,-0.519464,7,electrical_fault
1.514713,-2.544925,0.35884,-0.76632,-0.207223,2.160956,-0.675471,0.228522,8,sensor_drift
-2.964724,-2.761072,-0.542756,-1.50648,1.570544,-0.7175,-0.238012,-1.079577,1,bearing_degradation
-0.156587,3.462881,-2.293448,1.50702,-0.268233,-1.721951,0.819341,-1.086321,1,bearing_degradation
3.832487,7.489149,-0.261762,3.379681,-1.699834,0.639016,-0.678226,0.659916,10,cavitation
2.361782,-0.637202,2.274488,-2.320693,-0.11564,1.771501,0.968126,-0.169884,10,cavitation
-4.148316,-3.024423,-0.375572,-2.129149,0.45569,1.225756,-2.201969,1.374471,1,bearing_degradation
-2.202656,-3.405466,1.433258,1.09506,0.773451,0.243274,2.012313,0.38675,4,misalignment
-0.888661,-0.525899,-0.763268,1.007477,-0.231079,3.418915,0.353765,1.158431,8,sensor_drift
0.236324,-0.94316,-0.227766,0.772211,0.101821,-1.412641,-1.315029,-1.381164,0,normal
0.567171,-1.932589,-1.361017,1.973521,-1.047209,0.610841,-0.686938,0.079673,0,normal
-1.688268,-0.628224,0.136216,0.452979,-0.647696,-0.496499,-0.391539,-0.297864,8,sensor_drift
0.60341,0.203787,0.310443,-1.122773,-0.14898,1.084047,-0.89864,-0.715276,5,thermal_runaway
0.493845,0.170363,1.027675,0.322219,2.456953,0.001857,1.149653,0.441988,9,intermittent_contact
0.121502,-0.289247,2.003138,-0.189847,0.149296,0.763085,-0.636366,-0.550718,8,sensor_drift
0.601522,1.399468,-0.723513,-3.037737,0.213713,-1.312463,1.284271,0.157409,4,misalignment
-2.156254,-2.310251,-0.766003,-0.665909,2.013682,0.535699,0.208907,-0.624467,4,misalignment
-0.8139,-0.865705,0.395717,0.286789,1.702186,0.934686,-1.0259,-0.670567,9,intermittent_contact
-1.225505,-1.725091,1.121674,0.21156,-0.542627,1.063259,2.864403,-1.500057,11,blockage
0.816758,-0.324233,-0.547226,-0.431465,-1.734496,1.210934,-0.583412,-0.289346,12,leakage
1.601435,2.182077,0.935771,-0.627405,5.380195,-1.193933,-1.902704,1.852464,6,thermal_cycling
-1.375849,-1.909238,-0.148717,1.803372,-0.921218,-1.315863,0.325717,0.242428,4,misalignment
0.524452,-3.377097,-0.259412,-1.272866,1.124107,1.052561,0.38801,-1.203111,3,gear_tooth_crack
0.819587,-0.684558,0.126579,0.184169,0.358364,-1.707496,-0.924733,-1.365845,3,gear_tooth_crack
1.358674,1.059583,-0.420509,-1.252486,-0.909721,4.268412,1.2162,1.294993,8,sensor_drift
-0.397731,2.106055,-2.191524,0.376866,-0.010541,-0.046735,0.285394,0.058434,7,electrical_fault
0.293508,-0.787308,-0.840897,1.375167,-0.178881,-0.147486,0.692464,-0.667587,2,shaft_imbalance
4.694121,-0.857788,0.237513,-0.198903,2.520682,1.300752,-0.741109,0.519868,3,gear_tooth_crack
0.596281,-1.145303,-1.161535,-0.097469,-0.461851,2.014142,0.01708,-0.617184,2,shaft_imbalance
-0.356494,0.051633,1.525151,-0.674034,0.926549,0.457125,-0.194028,0.367404,5,thermal_runaway
0.023002,2.562418,-0.577353,-0.086672,-1.450515,-0.403635,1.787814,-0.365481,5,thermal_runaway
-1.219802,1.04304,1.34568,1.02566,0.666545,-0.12821,1.551971,0.892308,2,shaft_imbalance
-0.748985,1.117722,-0.359274,-0.130535,-0.900999,-0.269911,-2.004551,0.028533,12,leakage
1.074044,1.430993,0.707672,-0.985811,-1.377162,-0.340268,0.606658,-0.669883,2,shaft_imbalance
2.100746,-1.433727,0.153415,-0.824089,-0.238409,0.603975,0.980663,-0.520401,10,cavitation
0.4194,0.729276,-1.68443,-0.778786,-0.878689,-0.774853,-0.153981,-0.910017,10,cavitation
-0.045957,1.541356,0.507046,1.191551,-0.224613,-1.517306,0.563713,0.976852,9,intermittent_contact
0.80244,0.381888,-0.402583,-0.599321,-0.800105,0.617576,1.560403,-0.356808,5,thermal_runaway
-1.651734,0.786777,2.17147,-2.547569,-1.955524,-0.176785,0.327009,0.939528,12,leakage
-0.789582,0.755804,0.704494,2.522876,-1.321079,-1.74791,2.054731,-0.051892,7,electrical_fault
1.377736,-0.00225,0.815316,-0.701767,0.765955,-0.761992,1.09066,2.210641,0,normal
0.729716,-1.587098,0.025129,-0.219936,0.341509,-0.012939,-1.453599,-1.262389,0,normal
-1.952319,-0.980791,0.596023,-0.681401,-0.351712,4.139044,1.032354,-0.273419,8,sensor_drift
0.226265,0.616699,0.709553,0.709934,0.342433,1.413349,-0.600214,0.042462,12,leakage
4.093691,-0.00203,0.273353,0.834414,-0.833111,1.937097,-0.477452,2.294271,3,gear_tooth_crack
1.2282,-1.529408,-4.268435,-1.647586,0.491674,-1.729904,-1.695438,0.154628,4,misalignment
0.821114,5.050635,3.986734,-0.735941,-0.964329,0.604002,-0.302712,1.111938,4,misalignment
-0.372895,-6.381175,-4.907693,-9.762047,-0.331051,-1.369843,0.595748,0.676137,1,bearing_degradation
2.003806,1.999403,-1.75323,1.467092,-0.283909,-0.567968,0.524638,-1.007915,3,gear_tooth_crack
0.068986,-2.122187,-0.041222,-0.425285,1.137183,-0.425379,1.138624,-1.024121,3,gear_tooth_crack
2.42793,1.225866,-1.617903,-4.233976,0.858083,0.256524,-1.152099,0.283795,4,misalignment
-0.228425,0.76971,1.680067,-1.104609,3.7722,-0.312778,-1.624227,-1.822235,6,thermal_cycling
0.137134,0.3097,0.896084,1.358413,13.553169,-1.094775,-0.710878,0.142728,6,thermal_cycling
-0.805918,-0.622008,-1.123972,0.439924,1.196628,-0.908062,0.283441,-1.034111,0,normal
0.849538,-0.724716,1.90666,2.037977,-0.379643,0.161663,0.926812,-1.972179,9,intermittent_contact
2.799697,-0.366679,-1.666758,0.9,-0.726925,1.299347,-0.282029,-0.631816,0,normal
-1.622126,-0.319574,-1.125374,0.235097,0.610797,0.413688,-0.614155,0.288761,10,cavitation
3.793345,0.246466,-0.179534,-0.215749,1.300457,0.404255,1.457028,-0.6989,3,gear_tooth_crack
-1.643733,-2.011672,-0.665685,-0.155503,-0.516006,-0.683282,0.5679,0.462826,3,gear_tooth_crack
4.085841,1.656606,-0.756088,-1.684793,-0.344998,-0.210733,-0.944675,1.728821,4,misalignment
-1.81626,-0.081811,0.890398,1.12035,-0.979408,-2.400342,-0.803573,0.200533,12,leakage
-2.405328,-0.721735,0.132261,1.082624,-0.1535,0.029815,-0.587269,1.560927,7,electrical_fault
-3.755172,-0.826106,1.516616,0.518305,-0.563702,0.348971,0.702412,-0.538784,4,misalignment
0.255082,-0.591979,-0.914576,-0.062747,0.615585,-1.452758,-0.448878,1.509871,0,normal
-1.468902,1.925166,-0.377934,0.788759,1.403562,-1.155043,0.128015,0.277992,7,electrical_fault
1.915041,-0.300244,1.348745,-0.993998,-1.848742,-0.636925,0.288242,-0.433683,10,cavitation
1.801351,-0.494669,0.605474,-0.643977,1.699942,0.04148,-1.212645,-0.815548,12,leakage
0.778844,-1.091167,-0.063967,-0.879766,5.697421,0.398517,0.683385,0.871075,6,thermal_cycling
-0.736014,6.348394,-2.022994,-0.01898,-0.021937,-1.475663,0.402899,-0.379633,11,blockage
-1.491665,1.150872,-0.503348,0.004398,-1.630168,-0.09841,-0.034237,0.480467,4,misalignment
-0.091113,-0.403376,0.395844,-0.11469,1.242624,2.741004,0.09294,0.938915,8,sensor_drift
1.629487,-1.665748,-0.456165,0.042309,0.41266,-0.080312,-0.895364,0.447403,7,electrical_fault
-0.613961,0.942611,0.079736,-1.682445,0.618832,-1.582037,0.69332,-0.475075,7,electrical_fault
-0.576676,-6.097295,2.254134,0.547457,-0.327742,0.632315,-0.299173,-2.661965,1,bearing_degradation
-0.071615,-0.340635,0.239601,-0.729799,1.058383,1.098997,-0.983409,0.667467,5,thermal_runaway
0.553619,1.339387,0.106222,0.141996,0.824991,-0.876422,-0.205811,1.150239,4,misalignment
0.664666,-0.13613,-0.550759,-0.765484,1.971336,-0.03431,-0.076478,0.872951,9,intermittent_contact
0.745181,-0.431417,0.614023,1.038426,0.589679,0.201873,-3.45137,-0.967355,9,intermittent_contact
0.033732,-0.397444,-0.087798,-1.412009,-0.286286,-2.922658,-0.300305,0.125797,10,cavitation
-3.257368,-0.346769,-0.898866,-0.21039,0.001723,1.767932,0.304709,0.334113,3,gear_tooth_crack
0.480869,-1.191582,-1.360003,-2.149252,2.221392,-1.22639,0.438518,0.00187,10,cavitation
-0.913215,1.95183,1.413438,0.763831,1.794232,-1.498895,-0.007726,0.366337,1,bearing_degradation
-0.018561,-0.522323,0.241,0.908217,1.187512,1.412262,-1.314802,-1.162999,3,gear_tooth_crack
-0.84778,1.356608,-1.341042,-0.127532,-1.410418,0.487788,-0.097046,-1.24952,10,cavitation
-0.15706,-0.748734,1.689108,-0.001931,-0.516929,-1.800131,-1.082801,0.875819,10,cavitation
-0.464777,1.063361,0.024698,-0.17884,0.46172,1.012447,-0.038933,-0.568878,11,blockage
1.159348,0.992792,-0.927639,-3.133839,0.395386,-0.88687,0.622328,0.95027,3,gear_tooth_crack
-0.31039,0.111796,0.418895,0.681726,-0.633551,-1.575797,1.271596,0.385446,3,gear_tooth_crack
0.540456,0.971875,0.108548,-0.877912,-0.409443,1.787526,0.393812,-1.792189,8,sensor_drift
-2.22393,1.907402,-0.144681,-2.329377,-0.340506,0.653948,-0.237024,0.715006,1,bearing_degradation
-1.450555,-2.12892,-0.830466,-0.031547,1.119318,-0.738189,0.191615,-1.701193,9,intermittent_contact
-0.43616,-0.437834,1.398952,-2.434096,2.330786,1.124904,-0.123362,0.413307,8,sensor_drift
-0.383994,-0.409884,-0.427069,-0.338882,-0.441448,0.762197,-1.770736,1.57428,2,shaft_imbalance
-0.306489,-0.830551,0.948915,0.87646,0.639197,0.133767,-1.094591,-0.014836,8,sensor_drift
1.723839,0.429714,0.080227,2.169538,-1.378504,-0.15224,-1.153387,-0.176154,12,leakage
-0.386293,1.765736,0.343711,-1.671637,-0.078305,1.635278,-0.819839,-0.06824,5,thermal_runaway
0.530363,1.089721,0.078646,-0.822513,0.177756,0.552451,-0.830019,-1.007644,5,thermal_runaway
-1.372138,-0.645273,0.959295,0.401066,1.094404,-0.568762,0.193395,0.159112,2,shaft_imbalance
2.263115,-0.342841,-0.871668,-0.194743,-0.249084,-0.80772,2.601974,0.318627,2,shaft_imbalance
-0.07584,-1.146124,-0.822792,-0.869965,0.923659,0.457176,-0.132566,-0.365299,9,intermittent_contact
-0.131087,-1.830906,0.928297,-0.605001,-0.5339,-1.069752,-0.654283,0.42789,0,normal
-0.253144,0.657761,-1.483218,-1.726151,-1.306676,-0.72754,0.090094,0.048907,10,cavitation
-1.978636,-1.034303,0.087642,5.398174,-2.157781,-1.398372,0.040616,1.119296,10,cavitation
-0.744642,0.72844,-0.817063,-1.941999,-0.123364,0.761179,0.233045,0.402781,12,leakage
0.534156,-7.634149,9.149101,4.29179,-1.022965,0.180863,-2.373776,-0.57394,1,bearing_degradation
-1.07874,-0.518789,-1.91395,-2.137747,0.113827,-1.192384,1.641186,1.157915,5,thermal_runaway
-1.1786,3.617813,0.46619,0.003739,-1.262958,0.349678,-0.184443,-0.63697,11,blockage
-0.521975,-0.678307,-0.561965,0.64049,2.353685,1.219778,0.251838,-0.676276,6,thermal_cycling
-0.521847,0.056392,-2.284819,0.369191,-0.933226,-0.442473,1.045065,0.47201,1,bearing_degradation
1.300795,1.787542,-0.491816,-0.237123,0.255861,-0.657922,0.764978,0.441176,2,shaft_imbalance
-1.015068,2.048756,1.785168,1.136049,-0.92085,0.855019,0.639626,0.442546,0,normal
2.991362,0.937629,-0.621272,1.068921,-0.26698,0.724454,-0.42354,-1.355415,4,misalignment
0.158316,0.403988,0.636698,-0.879723,0.336688,-0.628148,1.471265,0.418662,7,electrical_fault
-0.107794,-0.780116,1.03188,0.11712,0.292964,-0.358417,-0.415063,0.496773,12,leakage
-0.721995,0.224289,-1.272952,-0.644456,-0.676247,0.898555,0.800719,0.27682,0,normal
0.617164,0.873157,0.501538,-1.634987,-0.964771,-0.636577,-0.796314,-0.542847,5,thermal_runaway
-0.686075,-0.43604,-1.900765,0.346649,0.114894,-1.497707,0.659953,1.457064,7,electrical_fault
-0.168652,1.043743,0.393377,-1.396962,0.655618,-1.084611,1.412513,1.024099,0,normal
1.943428,0.789402,0.576075,-0.045344,0.414475,-0.459185,0.554936,-0.193368,8,sensor_drift
0.927056,-1.458834,2.437748,-1.900041,-0.089741,0.528617,0.745629,0.200569,1,bearing_degradation
-0.479714,-0.396649,2.054991,1.551222,-0.88278,1.468752,-1.121882,-0.434059,5,thermal_runaway
0.63496,-0.656169,-0.492036,-0.80097,0.716082,-0.621347,0.768532,-0.59519,5,thermal_runaway
0.313514,0.838127,1.996731,2.913862,0.414409,-0.989538,-2.132046,0.267711,0,normal
3.518899,-3.911839,-3.328676,0.730354,0.124015,1.214721,-0.600382,0.767339,1,bearing_degradation
-0.955625,0.437512,-1.241756,-0.204069,0.109648,2.44513,-1.377316,1.472015,0,normal
-0.888248,-0.010555,0.005044,1.38561,0.618828,0.194792,1.141685,-0.91628,12,leakage
-0.681,-0.549062,0.398525,-0.334712,-1.263906,0.833255,-0.828604,-0.519976,7,electrical_fault
0.980938,0.695603,0.60855,-1.618466,0.183407,-1.405156,-1.72401,-1.266029,12,leakage
-0.819817,0.142735,-1.701264,-0.21503,-0.203461,-1.447847,0.228388,-2.169026,9,intermittent_contact
1.41295,1.003817,0.668164,0.400729,0.105827,-0.386321,0.498927,-0.413323,10,cavitation
0.812578,1.593372,0.435835,0.50614,-1.649975,1.716576,-0.079852,-3.041664,10,cavitation
1.276981,-1.001291,1.683586,-0.530977,1.044873,0.067987,-0.412149,-1.807697,0,normal
-1.827942,0.587336,1.609933,1.302906,-2.096379,-0.853652,-1.280181,0.523473,2,shaft_imbalance
0.757183,-1.219335,-1.858554,-1.406232,0.391952,1.686806,-0.21191,-0.832995,10,cavitation
-0.412076,2.011917,-1.02081,-2.259809,-1.539286,-1.652184,0.336549,-0.977789,4,misalignment
-1.458865,-0.180207,4.32764,3.679804,0.577022,0.46753,-0.206773,0.988132,4,misalignment
0.133417,0.380031,-0.439525,0.920147,-0.861815,0.626644,0.214121,0.600649,3,gear_tooth_crack
2.857236,0.392247,1.452022,0.918585,1.437069,-0.241978,-1.048327,1.110063,5,thermal_runaway
-1.765499,-0.322333,0.011854,-0.713472,-0.503353,1.83237,-1.327501,-0.168557,7,electrical_fault
-9.422274,4.416511,2.488503,5.32466,-0.017528,-1.292635,-0.419584,0.011425,1,bearing_degradation
-0.428459,0.353827,1.540353,-0.149727,-0.807682,0.969254,-2.002415,1.043149,9,intermittent_contact
0.705663,0.441705,1.51553,1.307633,0.265187,2.277104,0.936847,-0.351414,3,gear_tooth_crack
2.167805,-0.076351,2.04693,-0.4633,-1.29744,2.027808,0.660377,0.519123,7,electrical_fault
-0.904643,0.039029,0.044678,0.741767,0.067019,2.093918,0.456217,-0.986837,5,thermal_runaway
-1.502184,1.313163,1.699438,0.129578,-1.773691,-0.772276,-0.821894,-0.555779,9,intermittent_contact
-1.262409,-0.290711,0.221481,-1.825772,-0.394688,-1.748401,2.041539,0.212491,3,gear_tooth_crack
2.280934,-0.175143,-0.449463,-0.808764,2.686136,0.128835,1.115043,0.696661,5,thermal_runaway
1.813461,1.013223,-0.589353,1.533509,-1.37642,2.364465,-0.975235,0.887648,7,electrical_fault
-3.492022,-0.920503,-1.387693,-1.557084,0.936969,0.578398,0.522995,-1.098925,1,bearing_degradation
1.609241,-0.132386,0.623542,-0.024799,0.439972,1.234958,1.663664,-0.762266,2,shaft_imbalance
-1.635098,-0.558326,-2.212411,0.451059,-0.776751,1.093535,-0.400629,-1.04335,1,bearing_degradation
-1.795214,1.73252,-2.076315,-1.766019,0.618544,0.358598,-1.277836,-1.098326,4,misalignment
0.322539,3.778974,-0.121042,-0.020143,-0.85819,0.066471,0.239462,0.756649,11,blockage
-0.976031,-0.522492,-0.199003,-2.792631,-0.406597,0.338111,-0.327469,0.702952,10,cavitation
1.288836,1.985818,-0.154466,0.11882,-1.01758,1.607123,-0.952153,1.254138,10,cavitation
5.570588,1.619671,1.420568,0.252377,1.490256,-0.746909,2.316509,1.590304,5,thermal_runaway
4.975857,5.428156,0.291933,-5.308236,0.45983,-2.317428,1.110154,-0.213587,1,bearing_degradation
-1.1762,-0.777606,-0.630083,-1.057155,-1.051887,-0.144284,-1.216718,0.842127,0,normal
3.088512,0.515958,0.484644,0.704015,-1.008966,-0.443902,-0.506169,0.647614,0,normal
0.274162,-1.123579,-1.944997,-0.820376,-3.762322,1.55361,-0.708765,-0.124266,6,thermal_cycling
0.589259,-1.074089,-0.340473,-0.848862,-0.085527,-0.1884,-0.529041,0.632346,10,cavitation
0.012743,-0.538883,-2.068467,0.458374,0.028562,-0.549687,1.166092,-1.190804,7,electrical_fault
0.675469,0.283819,-0.090222,-0.855593,-0.145537,0.842051,-0.508135,0.439741,2,shaft_imbalance
-0.514953,0.749005,-0.342785,0.118133,-0.867702,-0.576816,2.251075,-0.839748,6,thermal_cycling
-0.04731,7.07976,-0.144343,1.726181,-0.708985,0.35862,-0.840663,0.404873,11,blockage
0.653245,-0.2767,-0.596089,0.008506,0.794932,0.180364,-0.656055,1.226293,0,normal
1.565092,-0.293883,-0.594096,0.827593,0.114613,1.896128,-0.240938,0.068791,11,blockage
-0.350361,1.464698,-0.898672,0.666322,-0.311183,0.589494,0.206872,-1.333291,12,leakage
-1.29648,-2.481967,-0.844726,1.816154,1.855414,-0.261837,-0.957964,0.278121,3,gear_tooth_crack
-0.425366,-0.750851,-1.203773,2.072063,1.792285,-0.821866,-1.753872,0.169018,6,thermal_cycling
0.052534,-0.154462,-1.334204,-0.709796,0.277002,0.188004,-1.485331,-0.561917,9,intermittent_contact
1.164526,0.233995,-0.604383,1.844663,-0.067086,-0.64486,1.378792,-0.83912,10,cavitation
-1.52464,0.320857,2.289013,0.759777,-0.257878,0.496387,0.932805,-0.090709,10,cavitation
-1.51236,-4.028067,-3.781721,0.10139,-0.099369,-0.267808,-0.380434,-0.748354,4,misalignment
0.086254,-1.180594,-0.115804,1.058553,-1.30178,-0.206446,1.024757,-0.418268,0,normal
-0.710044,0.435149,-0.629131,-1.016576,2.055561,-1.002233,-1.279319,0.214715,3,gear_tooth_crack
-0.181544,5.019272,1.332687,0.57173,-0.684451,-0.223756,1.520311,0.363864,11,blockage
3.035741,2.925843,-3.683261,3.699448,-0.847832,-0.188247,0.321791,-3.408712,1,bearing_degradation
0.9347,1.488244,-0.58384,2.302522,0.014018,0.349869,1.596504,-1.811336,10,cavitation
0.132474,2.963471,-0.63521,-1.704796,-0.178089,-1.406963,0.23784,1.585899,11,blockage
1.604666,0.256545,-0.790145,-0.041109,-0.124879,6.258102,-0.10317,1.382797,8,sensor_drift
-4.045788,-5.00303,-5.32152,-1.523548,-0.423305,-0.146099,-0.666006,2.191201,4,misalignment
1.00159,-1.906129,0.048404,1.265147,-0.313447,-0.538799,-0.076081,0.811999,2,shaft_imbalance
-2.331862,1.62932,6.531505,-3.704742,-0.470724,0.923654,-1.750215,-1.321571,1,bearing_degradation
-0.423424,2.145777,0.766831,-0.853579,0.822191,0.51583,0.273744,0.695814,7,electrical_fault
-2.250813,-1.258472,-0.824721,-0.008953,-0.450907,1.486706,0.485056,1.457069,8,sensor_drift
0.532867,-0.464465,-0.784436,-0.022958,2.503926,-0.287428,0.361438,-0.828399,3,gear_tooth_crack
-0.702988,1.572992,-0.556803,-1.593577,1.283779,1.401866,-0.906051,-0.331652,2,shaft_imbalance
0.289359,-0.355698,0.335841,-2.930594,0.382886,-3.648413,-1.723463,0.451769,0,normal
-0.177852,0.666364,0.038261,-0.008065,0.606078,-2.046653,-0.615311,0.287821,2,shaft_imbalance
0.569105,1.526154,-2.004573,-0.065389,-0.894065,0.445732,0.691331,-0.470477,7,electrical_fault
1.304465,-0.617957,0.029795,-1.106236,-0.129062,1.544274,1.078548,0.135007,5,thermal_runaway
1.256562,-0.723264,-1.124319,1.055356,-0.592305,0.097826,-1.287821,-0.366031,12,leakage
0.827076,-1.194411,-0.131791,1.12118,-0.048871,-1.628628,1.241653,-1.295976,5,thermal_runaway
0.793124,-4.533893,0.454446,-1.048301,0.824743,-1.886305,1.161866,0.820599,1,bearing_degradation
-0.847633,-0.608468,-0.081942,0.465425,-1.644733,-0.544434,1.02909,1.024557,12,leakage
-2.196915,0.57409,-0.182532,-2.3511,-1.113168,0.279293,-1.772537,0.970461,8,sensor_drift
1.427633,-0.632312,2.589402,-1.967753,-0.584541,0.971854,0.000342,-1.316477,2,shaft_imbalance
-0.093151,-0.279604,0.77911,1.132519,-0.068184,2.072543,-0.197319,-1.394008,3,gear_tooth_crack
-0.939018,-1.579803,3.384593,2.328383,-0.381875,-0.482531,0.163888,-0.07787,10,cavitation
-0.831783,-0.840504,0.787792,1.421308,-1.031141,1.293999,-1.920337,0.389925,5,thermal_runaway
1.199745,0.252266,2.109531,-1.988921,-0.81795,-0.25595,2.261174,1.798002,2,shaft_imbalance
-1.024886,0.906468,0.419793,1.186695,-1.403467,-0.602438,-1.78395,0.361277,7,electrical_fault
-1.815793,-0.974441,0.993289,0.41318,-0.038719,1.290757,0.878229,0.425415,2,shaft_imbalance
-0.1026,-0.498993,0.605414,-1.936664,-0.386376,1.369984,1.417586,1.305342,12,leakage
3.584251,2.350564,-0.528262,0.862084,-0.566118,-0.125169,-0.556953,0.45046,10,cavitation
0.730861,1.455247,-1.3451,0.618416,1.965629,3.326411,-3.453305,2.17888,8,sensor_drift
0.844269,0.107278,-2.389947,-4.692742,0.119674,0.526714,-0.342016,0.830741,10,cavitation
-2.959246,-0.372603,-3.069249,-0.003152,-0.11257,-0.910907,-0.172185,0.514784,1,bearing_degradation
-1.36918,-3.77103,0.690805,4.027545,2.11821,-1.692561,-0.388477,-0.742267,1,bearing_degradation
-0.855949,7.807032,-0.778844,1.237172,-0.490509,0.593913,0.371521,1.379445,11,blockage
-2.515399,5.440314,-0.028848,-0.79344,0.24292,-1.672265,-0.583298,-0.364347,11,blockage
0.223889,2.560673,-0.834445,-1.464484,0.396734,1.081419,0.769697,0.676032,4,misalignment
1.259706,-0.119029,-0.889804,-0.492247,0.20085,-0.373514,0.485303,0.522844,0,normal
-0.279708,2.223104,-1.278422,1.563772,-0.610706,0.862436,-0.295382,0.115678,5,thermal_runaway
1.842602,0.482027,0.305147,-0.225835,0.287355,0.129585,-0.380221,1.583954,10,cavitation
-1.203793,-1.90445,0.147199,2.422812,0.516367,1.026394,1.109127,-1.018861,2,shaft_imbalance
-1.195428,0.382553,0.584263,-0.629584,1.696368,0.380025,-0.955011,1.652807,5,thermal_runaway
-0.208104,-1.411809,0.459038,0.657971,19.989711,1.42979,0.953925,-0.603027,6,thermal_cycling
-2.148349,-1.141268,-0.217975,2.001074,0.710275,1.304732,-0.975838,-0.733949,1,bearing_degradation
-1.295646,-0.240251,-1.687772,0.621249,0.554619,3.348603,1.02636,0.331365,5,thermal_runaway
-1.073616,-1.895046,0.11698,-2.242828,-1.322196,-0.537194,-0.831286,0.396409,0,normal
-0.678847,-0.359047,-0.916572,-1.536186,-0.114749,0.81626,-1.380282,0.272973,2,shaft_imbalance
1.011141,0.511134,1.017342,-0.597891,-1.734481,5.819085,-1.037685,-0.533846,8,sensor_drift
-1.085501,0.635667,-0.018847,-1.060201,-2.316315,1.174913,-0.108832,1.0032,6,thermal_cycling
-1.419656,0.672447,0.54063,-0.091761,0.875284,-0.918103,0.276091,0.496872,4,misalignment
-1.752779,-0.413088,-3.918403,2.547415,0.986738,0.89057,1.154246,-0.779937,10,cavitation
0.304486,0.340136,-0.780737,0.07056,1.28055,-2.097105,0.325696,-1.178319,9,intermittent_contact
1.104679,-0.412337,-1.416842,0.443813,0.46337,-1.530715,0.229482,0.735583,0,normal
0.368751,-0.958883,0.87845,-0.049926,-0.184862,-0.68093,1.222541,-0.154529,0,normal
-0.007048,2.374724,1.881684,-2.995942,-0.313426,-1.201519,1.711102,0.244278,1,bearing_degradation
-0.344451,1.998165,-0.400596,-0.789267,0.877483,0.318751,1.045055,-0.89074,11,blockage
-0.335342,1.441967,0.262766,0.537236,1.896982,-0.870496,-0.925452,0.247366,7,electrical_fault
0.028432,-0.619861,-0.776365,0.432328,1.589003,-0.805209,-1.017983,-1.135828,8,sensor_drift
-0.687455,-1.664577,0.27511,0.296085,0.0,0.884957,2.067365,-0.581031,9,intermittent_contact
-0.5518,-1.192144,0.564844,-0.815502,0.264313,-1.038014,0.974035,-0.759428,12,leakage
-0.529407,0.219278,1.695355,1.845626,-1.020309,1.805172,0.927535,1.612827,4,misalignment
-0.965117,-0.725226,2.12847,-0.821387,0.838489,-0.902927,0.931573,0.384951,0,normal
0.652136,1.293023,-1.283884,2.161389,0.0,-1.704763,1.757457,-1.040836,9,intermittent_contact
2.032035,2.037842,-0.163525,-1.304656,1.741724,-0.16512,-1.354581,1.007467,2,shaft_imbalance
0.519684,3.724504,-0.591892,0.047309,0.411333,-1.003986,-0.999077,0.867263,11,blockage
-0.993579,-0.093912,1.041879,0.909678,-0.399096,-1.826877,1.335254,1.240906,12,leakage
0.679891,-1.05927,1.792214,2.734446,-0.24094,2.628605,-1.824657,1.031605,8,sensor_drift
-0.954662,0.277705,1.067995,1.729177,0.25061,1.059671,-1.209602,-0.035903,3,gear_tooth_crack
-0.089269,-0.146403,-1.917209,0.360789,-0.483454,-0.543005,1.202703,-0.43941,11,blockage
-0.171988,-0.154432,-0.784435,0.373814,1.394361,1.732339,1.703983,-0.955967,7,electrical_fault
1.615982,0.779529,0.287291,0.748814,-0.666751,-0.153231,-0.824131,-1.248743,0,normal
-1.814324,1.675368,1.034722,-2.27337,-0.190298,1.428309,-0.268929,-0.843907,10,cavitation
-1.326525,-0.147227,0.411048,-0.81196,-1.047507,-0.416844,0.411909,-0.145429,9,intermittent_contact
-1.860174,-0.443676,-1.337511,-0.204629,-0.659749,0.91281,0.299216,0.240664,4,misalignment
-1.104406,0.128034,-0.080867,0.421826,9.619571,0.314258,0.943636,-1.318184,6,thermal_cycling
0.456574,-0.553959,-0.738237,0.799446,-0.419765,-1.171612,-0.09044,1.883561,2,shaft_imbalance
-2.072564,-1.164047,1.048119,0.806903,0.540512,1.233215,-1.916558,0.795611,2,shaft_imbalance
-0.065963,-0.004406,1.689235,0.593276,2.362618,-2.159544,-1.217044,-0.355345,3,gear_tooth_crack
3.711233,2.882656,1.243855,-0.923039,-0.72798,1.374749,1.12661,0.02815,1,bearing_degradation
-5.5099,-0.634363,-1.47904,-0.306887,0.926108,2.142749,0.209683,1.233842,1,bearing_degradation
0.611347,-0.823896,-1.09421,-0.26436,5.902502,1.914467,1.018939,0.108928,6,thermal_cycling
1.883284,0.561439,1.947565,-0.741605,1.424634,1.118389,0.836209,0.562172,3,gear_tooth_crack
-0.98156,1.505841,3.426229,1.957716,0.167678,-0.570604,-0.293327,0.617388,4,misalignment
0.245912,1.333799,3.19938,0.91094,0.699959,-0.036276,-0.774389,-1.208176,2,shaft_imbalance
-0.819116,-0.004786,0.43543,0.320317,0.538913,-0.553156,1.135493,-1.655348,9,intermittent_contact
-1.048091,-1.344266,1.573086,-0.534361,1.298471,-0.670123,-0.078722,-0.781356,12,leakage
4.521056,0.7703,1.871802,2.509951,-1.43767,0.854452,-0.31636,-0.177721,5,thermal_runaway
0.447311,1.232703,-2.219128,-1.510043,-0.04466,0.668845,0.286882,-1.210912,10,cavitation
2.637542,-2.400753,2.828098,-0.555176,-1.094696,-0.04314,0.11801,-1.972704,1,bearing_degradation
-0.466115,-0.541215,-1.327964,-3.478828,0.494779,-0.802847,0.399672,0.537546,4,misalignment
-0.225436,-0.867248,-0.155065,-0.273805,-1.200556,0.838129,0.420925,-0.640946,9,intermittent_contact
-2.739382,-1.124977,-1.675187,-0.384712,-1.365348,-0.156541,1.064473,0.226695,4,misalignment
0.886234,-0.863544,-0.710829,-1.481213,1.023019,4.378542,1.329587,1.58257,8,sensor_drift
1.48607,-0.915371,-0.996141,-1.025939,-0.783427,1.492705,-0.243767,-0.111498,2,shaft_imbalance
-1.560363,-0.113797,-0.960087,-2.049633,-1.025029,1.438052,-0.030175,-0.219771,8,sensor_drift
12.555477,-2.767258,1.390018,9.248646,-0.204942,-0.62619,-0.402886,-0.749895,1,bearing_degradation
1.284131,0.029897,-0.359498,0.377184,1.726833,-1.153291,0.236064,-0.25356,6,thermal_cycling
-0.545628,-1.289458,2.473457,3.665229,0.480429,0.541321,-0.182593,1.157789,4,misalignment
-0.318372,-0.175286,0.315275,0.055978,2.285487,-1.234834,0.014278,-0.604522,10,cavitation
-1.370391,-1.807456,-0.23709,-0.178859,-0.777114,0.246751,2.065313,1.59457,9,intermittent_contact
1.00721,0.235404,2.015866,-0.279509,1.622973,0.542515,3.271026,-1.192482,1,bearing_degradation
2.429894,-1.692874,0.230851,-0.520507,2.00976,1.414061,-2.029672,0.434214,8,sensor_drift
-0.602303,-0.381784,0.085692,-0.721306,0.606182,-0.411385,-1.073226,-0.019916,8,sensor_drift
0.072476,1.418603,0.692044,1.472318,-3.872573,-0.356177,2.073858,-0.742968,6,thermal_cycling
-0.693935,-0.327315,-0.054309,-1.339707,1.458865,0.921071,-0.630055,-0.019127,8,sensor_drift
-0.587221,0.88141,0.582476,-0.179959,-0.826431,1.194346,2.11067,-0.757429,8,sensor_drift
0.004112,4.571409,-0.731497,0.989226,-0.966624,1.480843,-0.72536,-0.871544,11,blockage
3.061159,1.543655,1.619276,0.983701,1.978313,2.252845,0.113725,0.988188,5,thermal_runaway
-0.890307,4.959549,0.893748,-0.967768,-1.610366,2.251598,-0.573187,-0.992943,11,blockage
2.189535,1.980778,-0.350599,1.188141,-0.053225,-0.854494,-0.551709,0.471324,4,misalignment
0.966892,-0.663202,0.001802,-1.460543,-0.522936,3.567513,0.303587,0.789436,8,sensor_drift
1.719845,-1.064268,-0.205005,0.291832,-0.862801,-0.635914,-0.713738,1.416727,2,shaft_imbalance
0.476781,0.436034,0.806858,-1.264179,1.790796,0.710502,-0.287997,-0.935453,2,shaft_imbalance
-0.425676,-0.152099,-2.174465,-0.074495,17.526385,0.741723,1.795487,0.71131,6,thermal_cycling
-0.970427,-0.182733,-1.907139,0.558774,0.848174,-0.9956,1.43508,-0.71888,3,gear_tooth_crack
-0.093096,-0.345974,-1.810197,-0.135112,-0.515572,0.284493,-0.499356,-0.723978,10,cavitation
-9.401951,1.310923,-4.013977,-0.118671,-0.906311,-0.572567,-0.528925,-1.072052,1,bearing_degradation
1.219067,6.03282,-1.889047,0.731684,0.684723,-0.064389,1.639954,-0.490001,11,blockage
-1.025792,-0.94423,-0.280872,0.895776,0.081963,1.894746,0.564673,-0.457317,12,leakage
-5.509135,4.644386,3.702436,-0.866529,-0.534471,-0.654274,0.338962,-0.358054,1,bearing_degradation
3.571963,-1.53581,-0.085821,-1.189341,-0.089477,-1.190917,0.960187,1.068079,3,gear_tooth_crack
6.103857,3.447092,-0.871703,2.892129,0.776566,-0.059746,0.876831,-0.533634,1,bearing_degradation
4.80876,1.833693,1.771305,-0.843822,0.856105,1.736738,1.577982,1.350805,5,thermal_runaway
-0.290792,7.558432,-0.739498,0.400163,0.816332,-0.506871,-1.598339,-0.225226,11,blockage
-0.793274,0.445749,0.528635,-0.279901,1.313528,2.175381,0.564764,-1.109972,8,sensor_drift
0.607989,-1.761779,-0.351758,-0.84636,2.475511,-0.666797,0.073279,0.126576,3,gear_tooth_crack
1.270025,8.89838,-1.662449,1.037863,-0.362754,0.679456,-1.571734,0.269697,11,blockage
-0.444244,1.800891,1.135539,0.561253,-1.475468,0.522129,0.498864,-0.739674,11,blockage
-0.156311,-0.744249,-1.741673,0.436895,-0.25435,0.460172,0.154632,-0.9641,8,sensor_drift
0.730344,0.614808,-1.719023,-0.386781,1.208916,0.138671,-0.797065,-0.52887,2,shaft_imbalance
2.25192,-7.336485,-1.069829,2.8086,0.072778,1.183105,1.131357,-0.420258,1,bearing_degradation
0.326902,5.777536,-1.528209,1.916962,0.319272,-0.870106,1.56586,-0.046163,11,blockage
-1.015086,-1.307617,0.143514,-5.570357,-0.13961,0.334745,0.676225,-0.198033,1,bearing_degradation
-0.405703,0.731359,2.447249,0.462324,-0.765356,-1.184965,0.551955,-1.764616,1,bearing_degradation
0.678914,0.067579,0.289119,0.631288,-1.457156,-0.319671,-0.470373,-0.638878,0,normal
0.037591,-5.618242,2.555416,-0.675143,1.485156,-0.315834,0.020509,0.758728,1,bearing_degradation
3.254094,-1.877572,-0.616327,2.089777,0.387503,-1.311562,0.909483,1.336279,5,thermal_runaway
1.182752,0.493381,-0.431515,1.643577,-0.948824,0.968462,-0.509189,-0.448974,9,intermittent_contact
-0.36386,0.364083,-0.395004,1.250601,-0.017434,-0.039762,0.174819,-2.357487,1,bearing_degradation
-0.12896,-0.547372,-0.561568,0.035154,-0.113323,1.051671,-0.010774,0.555006,5,thermal_runaway
-2.185047,1.629118,2.565489,4.340878,-0.45373,-1.196026,-0.964589,0.851914,4,misalignment
-1.549918,1.057964,-0.987335,-0.4313,0.94214,1.042003,0.482092,-0.459793,12,leakage
-0.85834,-1.036886,-0.530697,1.994275,7.385376,0.161015,1.518596,0.254613,6,thermal_cycling
-0.715601,-1.07561,-0.74595,-1.448335,-1.155207,-1.017891,-1.435083,0.528775,7,electrical_fault
-0.341669,2.820575,-1.60378,-0.916517,2.946266,-0.084822,1.291223,-0.284564,10,cavitation
-0.265864,1.223845,-0.117212,-0.368517,1.316015,-0.091908,-0.253433,-0.489226,9,intermittent_contact
-0.527013,8.147416,-0.597528,-0.146907,-0.775847,-1.329923,-0.758878,-0.827289,11,blockage
-0.687846,2.221027,0.756874,1.112532,-0.238986,-0.001649,0.699265,-0.505799,3,gear_tooth_crack
1.762426,1.050911,0.226927,-0.397631,0.913415,0.790814,0.90783,0.40311,4,misalignment
-0.374945,0.373052,-0.623601,0.023355,-0.599749,1.62007,0.363698,-0.218029,0,normal
-6.71103,4.166504,3.398477,3.367628,-0.524377,-0.814969,1.289906,0.764804,1,bearing_degradation
1.543773,1.303498,-0.728119,-0.252252,-0.164135,1.25345,1.305553,-0.626166,4,misalignment
0.374418,-1.045103,1.228798,1.112978,-0.82792,-0.152045,0.516917,-0.364263,2,shaft_imbalance
-0.331527,-0.503889,-0.726147,0.463585,0.474229,4.895145,0.5572,-0.416682,8,sensor_drift
-0.027501,-1.325491,-0.154386,1.119885,0.039635,0.526505,-0.717998,-0.031766,8,sensor_drift
4.014323,-0.037438,0.874639,2.736469,0.689891,1.370678,2.517123,0.130602,5,thermal_runaway
-2.030119,1.365436,-0.710134,0.116739,-1.030808,2.363603,1.821818,1.546554,5,thermal_runaway
-0.071418,-0.663536,0.373811,-0.520066,-1.413274,-2.104985,-1.597657,1.021288,2,shaft_imbalance
-0.985078,-0.575757,-0.457438,-0.389653,-1.297668,0.533869,-0.688748,-0.114174,7,electrical_fault
0.338268,0.39053,-0.656862,-0.983644,0.114856,0.037136,0.211749,0.740681,2,shaft_imbalance
-1.606257,-0.313154,0.165515,0.77883,0.910101,0.283906,0.585248,0.064137,0,normal
-5.488452,-3.306808,1.158567,2.054802,0.129875,-0.924308,-1.106265,0.276655,4,misalignment
1.173623,-0.364583,-0.218752,1.261281,0.677934,-1.16425,-1.034665,-1.728844,5,thermal_runaway
-0.786537,0.657362,0.143227,-0.749974,12.465348,0.124305,-0.107596,-1.614349,6,thermal_cycling
0.13991,-1.750263,0.60547,1.250124,1.062669,0.191501,-0.931812,0.056451,2,shaft_imbalance
0.630067,-1.120296,1.37037,-0.937621,1.47652,-1.551503,0.603344,-0.931471,11,blockage
0.191566,-0.201554,1.599877,-0.923801,0.319204,1.366072,0.66616,-0.762841,9,intermittent_contact
0.927546,0.750424,-0.439464,-1.343899,0.420362,0.546089,1.090472,-0.936321,0,normal
-0.121899,0.619104,2.391835,-1.553035,-0.849511,3.410496,-0.726725,0.835938,8,sensor_drift
-0.591825,1.207972,1.048238,0.869211,-0.636063,4.709952,-0.12077,2.090678,8,sensor_drift
0.49992,-2.954084,-3.02889,1.065052,-2.149408,1.491817,0.101754,-1.426985,4,misalignment
1.379614,-1.290813,-0.200646,-2.193532,-1.367501,2.497056,0.865012,-0.480893,8,sensor_drift
0.827834,1.847518,1.315495,-0.845178,0.137441,-0.372158,-0.734398,0.234545,5,thermal_runaway
3.514886,8.516675,7.058851,-0.239661,-0.220394,1.530398,-0.477902,0.391314,1,bearing_degradation
-0.369731,1.410939,-0.827272,-1.555438,-0.473087,0.25388,0.478036,1.001936,11,blockage
-1.004441,0.602071,-1.54309,0.54251,-0.101871,0.599348,0.958943,-0.821094,8,sensor_drift
-2.421304,-0.08343,0.350312,-0.707242,1.158431,-1.093611,-0.824621,-0.497038,10,cavitation
-2.513302,-4.414015,-0.69207,-6.116808,-0.18122,0.836923,-0.434958,-0.249035,1,bearing_degradation
3.808211,2.65677,-0.803403,-2.421122,0.409396,0.32462,-1.51851,0.739944,3,gear_tooth_crack
-3.121706,-0.393886,-0.542474,-1.510346,1.242139,-0.262315,-0.904453,0.197103,1,bearing_degradation
0.468553,0.657888,2.710746,-0.213805,-0.797883,0.427796,0.438991,-0.526715,0,normal
-0.109392,2.73632,1.978817,0.922963,-1.847048,1.33215,-0.635185,1.323518,5,thermal_runaway
0.356725,1.869224,-0.397027,0.526028,0.024441,0.024058,-0.165205,-0.857417,2,shaft_imbalance
-1.12519,0.928416,1.187826,1.322728,1.210562,-0.465944,-0.568176,-0.828085,12,leakage
0.345323,0.617537,-0.367347,-0.444125,-0.843682,0.507097,0.43989,0.907046,9,intermittent_contact
0.413697,1.992206,0.712201,-1.243276,-0.353437,0.6176,-0.797785,-0.352441,10,cavitation
0.476584,0.597581,0.592553,-0.909176,1.005951,0.706779,0.007294,-0.156829,3,gear_tooth_crack
0.365957,-1.567514,-0.892511,-2.721872,-0.846802,-1.032965,0.434957,1.088287,10,cavitation
1.895104,-0.5731,-0.970951,-1.257636,0.722751,1.151486,-0.594395,-1.063983,5,thermal_runaway
0.048229,-0.230651,-0.459075,-0.859106,1.723404,-2.452637,2.446388,0.416987,4,misalignment
0.332628,-2.196263,0.517567,1.181233,-0.123182,-0.234915,1.893875,-0.709819,7,electrical_fault
1.498291,4.797122,-0.085609,0.210194,-1.004335,1.39618,-0.72867,-2.456185,11,blockage
-0.800706,-0.539097,-1.510772,-0.238603,-2.122638,-0.599866,-0.827307,-0.502318,7,electrical_fault
-2.808211,-1.879065,-1.288052,2.488272,-0.472668,-1.389035,-0.524982,0.65302,4,misalignment
0.551695,0.142417,0.797897,-0.634429,0.02698,4.24092,-0.929548,0.610034,8,sensor_drift
-3.338591,-3.608113,3.192441,0.694425,-1.105985,-0.041918,0.067455,0.846125,1,bearing_degradation
1.012071,0.410115,-1.68249,-1.140706,-0.802855,0.574759,0.944948,0.736573,4,misalignment
-0.308257,0.331622,-0.568233,-0.016971,-0.27407,-0.751881,0.242862,-0.638595,7,electrical_fault
-1.012135,-0.881464,0.8041,0.026271,-0.741857,3.793355,-0.246053,0.052692,8,sensor_drift
2.805117,4.100111,-0.454122,-0.302324,-0.431959,-0.956496,2.059766,-0.188749,1,bearing_degradation
-1.851638,-1.799411,-1.344104,0.501868,-0.751424,0.256211,-0.096343,-0.203453,4,misalignment
-0.949705,1.219554,-1.658344,1.557463,-0.278134,-1.360943,-2.100904,-0.215131,7,electrical_fault
-0.574892,1.889257,-0.383146,0.323627,-1.043757,-1.156344,0.026392,-0.324744,5,thermal_runaway
1.249731,-1.957305,-3.14273,-4.266233,-1.196226,-2.262613,0.167257,-2.298763,4,misalignment
2.450785,-1.593455,-4.271313,-2.686983,-0.962944,1.0546,-2.126621,-0.46854,4,misalignment
-0.225617,0.589919,0.677673,1.451028,-0.45992,0.225998,-0.129155,1.624313,7,electrical_fault
-0.922387,0.362765,-1.924461,-1.766131,-0.270462,0.491544,0.537784,1.5824,3,gear_tooth_crack
1.19139,-0.696212,0.223967,0.001999,0.281956,-0.69868,-0.08932,-1.598052,0,normal
-0.127812,0.288544,0.962461,0.807256,0.085861,1.094908,-0.374925,-1.444025,2,shaft_imbalance
-0.275352,1.457468,-1.064065,-0.909994,-2.612196,-0.480917,-0.395644,-0.509977,1,bearing_degradation
1.024496,-0.190223,-0.095729,0.692395,0.559593,1.510522,0.119153,-1.770661,3,gear_tooth_crack
-1.189326,0.313134,0.286074,-0.768434,-0.113873,2.607909,-0.258415,1.475542,8,sensor_drift
-13.332761,-0.435589,4.624082,-7.828605,1.427049,-0.934087,-0.182456,0.625208,1,bearing_degradation
1.420953,-0.211913,-1.437737,-1.2783,-0.315431,2.049146,-0.188267,-1.189552,2,shaft_imbalance
0.672387,0.439791,-0.023327,0.00859,-0.174886,0.852775,2.090063,0.292672,10,cavitation
0.066984,0.121526,-0.16512,0.285171,-2.220397,0.623002,-0.111152,0.525722,4,misalignment
2.101454,9.428856,0.267028,3.139883,-0.010864,-1.294967,1.546434,0.076307,1,bearing_degradation
-0.570691,4.210841,-3.497083,0.150379,-0.705147,-0.485786,-0.995993,-0.505263,11,blockage
0.689227,-1.167196,-1.840807,-1.438139,-0.287337,0.655755,0.407112,1.546737,2,shaft_imbalance
0.666731,-1.148735,-0.681562,0.51039,1.398436,1.349266,0.331567,0.345617,7,electrical_fault
0.106273,-3.221983,-0.860466,0.207142,-1.359014,1.237012,0.523516,-0.904582,7,electrical_fault
-1.009316,-0.702628,-0.564033,-0.748126,-4.632892,1.368044,-1.176063,1.119254,6,thermal_cycling
0.046422,0.466118,-0.66982,-0.63858,-6.398356,-0.364798,1.013285,-0.462205,6,thermal_cycling
0.206914,2.270591,-0.400623,-1.615961,-0.265244,0.057738,1.303184,-0.510978,5,thermal_runaway
-0.97015,-0.887696,1.335784,-0.191344,1.403821,-0.442536,1.455046,0.131486,0,normal
-1.255785,1.82913,2.748307,1.983426,-0.236252,-1.306576,-0.040632,0.014807,2,shaft_imbalance
0.229186,1.987952,-1.266264,-0.0745,0.392137,-0.074948,2.502387,-0.191426,11,blockage
-0.612825,0.087845,-1.165657,0.35958,0.566153,0.081103,-0.2668,-0.368295,12,leakage
0.348361,2.556861,0.022722,0.365574,0.933756,0.131258,1.206901,-1.759126,11,blockage
-0.162007,-2.096192,0.208731,-0.530565,-3.269771,0.030293,-3.377759,0.489965,6,thermal_cycling
0.552699,-1.222231,-0.43394,-0.400542,0.521351,-0.204681,0.861153,-1.394232,2,shaft_imbalance
-0.296282,0.432884,0.536219,-0.226977,-1.458731,-1.5458,3.026652,1.478173,2,shaft_imbalance
1.495295,-1.499568,1.584886,0.669615,-0.076253,0.442048,0.465291,-0.20241,3,gear_tooth_crack
-5.969877,-1.946731,0.838913,0.746554,0.487581,0.063478,1.542267,0.542909,10,cavitation
-0.491386,0.57057,-0.423422,-0.329489,1.06827,3.337287,-0.297138,0.872857,8,sensor_drift
0.633645,1.610898,-0.387275,0.037398,1.099905,0.13105,0.637774,-0.740148,12,leakage
0.680296,-1.360249,-0.571987,-2.196112,-0.142488,-2.164219,1.332662,1.554821,3,gear_tooth_crack
0.105312,0.058164,-0.011757,1.371825,8.085249,0.771558,-0.508194,0.50299,6,thermal_cycling
0.402818,-1.911454,1.937435,0.168491,0.746418,-0.752029,-0.164844,-0.866852,1,bearing_degradation
-0.300537,-2.614296,-0.390772,-1.6935,-1.23154,2.515007,-0.075219,-0.835054,8,sensor_drift
0.055623,1.154946,0.196129,-1.585877,-0.625603,0.561104,-0.809746,0.265577,10,cavitation
-2.163618,0.802286,0.61793,0.611309,-0.536758,-1.001368,-1.740915,0.6774,2,shaft_imbalance
-1.619072,0.113875,1.07901,-1.197588,0.638759,0.331542,0.750148,0.871975,0,normal
-0.025119,1.118175,-0.5918,-1.201363,-0.304754,0.462493,0.860467,1.460234,5,thermal_runaway
0.453479,2.174287,2.08499,-0.896847,0.95585,-0.346473,0.243551,0.200022,4,misalignment
1.297624,4.301633,-0.460397,-0.972712,0.589326,-0.169181,-1.435589,1.107316,11,blockage
-0.168227,0.179545,0.384969,-0.700194,0.901981,-1.271147,1.171304,-0.008952,2,shaft_imbalance
-0.644841,0.973071,0.92134,1.274834,0.415569,-1.648756,0.164082,0.033691,9,intermittent_contact
0.772958,0.352656,-1.345006,-1.352106,0.19149,-0.818506,-0.11818,-0.071483,4,misalignment
1.30908,4.23858,-3.03334,0.953482,-0.236898,-0.417088,-0.332757,-1.304232,1,bearing_degradation
-0.467698,0.178202,-0.205009,2.466192,0.336248,-2.378054,0.326299,0.03788,1,bearing_degradation
-1.377781,0.403648,0.773403,1.674502,1.715096,0.254365,1.064963,0.028984,4,misalignment
0.269097,-0.14445,0.154145,-0.206371,0.39406,0.030931,0.898132,-0.203594,2,shaft_imbalance
-0.490138,-1.21191,-1.27871,0.401749,-1.123178,0.319554,-1.301823,0.296383,0,normal
-1.606229,0.023617,2.815301,2.25773,1.59989,0.226304,-0.990906,-0.438016,4,misalignment
-0.800754,-0.635697,0.651216,0.281569,0.561187,2.293453,0.716932,-0.035096,8,sensor_drift
3.306097,-1.105689,-1.040151,1.81192,-0.476537,1.429208,-1.542913,-0.667271,3,gear_tooth_crack
0.072004,0.35051,0.529096,-0.644534,-0.914359,-1.032269,-0.247068,0.699205,2,shaft_imbalance
0.081986,0.234143,-0.538063,-0.509896,-1.537196,0.25111,0.682498,-0.070843,5,thermal_runaway
-1.419219,1.412614,0.219429,0.70896,13.684992,-1.317481,0.414121,1.027565,6,thermal_cycling
0.273842,-0.300765,-1.852162,-0.325698,-0.327305,-0.148072,-0.563471,-0.443012,0,normal
0.031366,-0.845237,0.184606,-0.896799,1.263789,0.086204,-0.658263,-2.030186,12,leakage
-1.285818,2.471331,0.620695,0.958476,0.957575,-1.344451,0.995418,0.493176,12,leakage
1.020676,-0.297676,1.173291,-0.974061,-0.304693,-0.514959,1.273109,-0.189826,5,thermal_runaway
-0.994431,1.110754,0.389212,2.661799,0.896194,0.386246,-0.569287,-1.034475,12,leakage
2.814447,0.375257,0.380829,0.525096,1.877136,0.792507,-1.605056,1.40347,0,normal
0.187381,0.999495,-0.760089,-1.826948,-0.839441,2.434934,0.091392,-0.431739,4,misalignment
0.685915,1.180243,0.249479,1.300572,-0.304233,0.771636,1.110553,0.268193,11,blockage
-1.704537,0.88015,0.702185,0.014505,1.472757,-0.493437,-0.574784,0.343077,10,cavitation
1.55009,0.863037,0.505328,-1.072854,-1.102137,-0.833596,-0.854835,-0.09029,1,bearing_degradation
2.0314,-0.032474,1.028054,-0.053303,-0.030744,-0.584029,0.119124,0.317999,0,normal
0.071545,1.509621,-0.068147,1.006956,-0.547427,0.107691,-0.932968,-0.814199,5,thermal_runaway
-0.884731,14.15436,0.382269,-5.242088,-1.364154,0.859764,-1.260594,0.392027,1,bearing_degradation
2.395344,-1.022596,-1.035368,-0.302216,-0.349808,0.283482,-0.742855,0.567511,7,electrical_fault
0.526853,5.338517,1.56314,-0.836952,-0.460287,-0.342623,0.174857,-0.154122,11,blockage
0.87078,-2.001003,-0.064535,-0.283459,0.660503,1.036277,1.013387,0.269452,6,thermal_cycling
0.190773,-0.296583,3.133741,4.484312,1.216141,0.180404,1.251025,-0.522238,4,misalignment
-1.055375,2.579268,-0.825459,0.120612,1.003017,0.975836,-0.806939,0.80866,8,sensor_drift
0.033222,-0.261816,1.255298,0.720215,0.045193,1.296364,-0.898058,0.02331,2,shaft_imbalance
-0.297091,-1.500385,-0.744506,-1.722311,0.445704,-0.419698,-0.615279,0.655507,10,cavitation
1.564075,1.586231,-0.394434,-0.13679,-0.66247,0.245538,1.002207,0.332099,2,shaft_imbalance
-0.730821,0.265551,-0.057245,0.066946,0.491354,1.189995,-0.016647,-1.042113,12,leakage
2.289806,0.598994,1.055209,-0.477527,-1.873917,0.672342,-0.658187,-0.3356,2,shaft_imbalance
0.811736,-0.9698,-0.176366,-0.69177,1.502029,0.749457,0.651541,0.621601,0,normal
-0.38455,0.661378,-0.641543,0.231282,-0.299338,0.672114,0.475128,-0.691934,0,normal
0.300837,-0.590322,0.875367,1.240186,-3.388773,-1.41856,-1.220454,-0.669956,6,thermal_cycling
1.85999,0.567481,-0.802966,0.647216,4.019678,0.369117,-1.005806,2.237287,6,thermal_cycling
-0.320575,-0.980359,0.717118,-0.454155,0.451076,0.582579,0.14855,-0.344198,10,cavitation
-0.410562,0.406582,-0.814533,0.375245,1.188637,2.06007,1.404527,0.161745,5,thermal_runaway
-0.743751,-1.070802,0.535964,-0.886153,-0.307973,2.90651,2.128949,0.79269,7,electrical_fault
-1.06743,-0.695972,2.735918,1.724231,1.225161,-0.667151,-0.668588,0.379359,1,bearing_degradation
1.223064,-2.590606,0.651043,-0.572585,0.045433,0.968478,-0.861813,0.527735,7,electrical_fault
-0.371979,-0.43507,-1.050163,0.106272,-1.421977,0.462988,-0.819571,-0.944002,6,thermal_cycling
0.552874,-0.084524,0.715563,-0.95879,1.992805,0.558235,-0.92033,1.355469,12,leakage
1.244121,1.506183,1.222465,-2.92014,0.361232,-0.932208,0.507727,0.587831,4,misalignment
-2.755272,-0.789831,2.38071,0.59539,1.640924,-0.347722,-2.356831,-1.108709,3,gear_tooth_crack
-1.16277,0.02246,-1.288308,-0.494433,-1.445365,-0.284364,1.307842,-0.858158,12,leakage
0.706544,0.270555,0.608235,-0.893924,-0.75166,0.463889,-0.681959,-1.51994,9,intermittent_contact
0.105001,-0.800318,-0.413285,0.67772,-0.44756,0.432984,0.013366,-1.056887,5,thermal_runaway
-1.454413,2.132059,0.237527,0.456592,-0.422409,-1.562011,-0.083301,-0.323222,3,gear_tooth_crack
0.547172,0.501997,-1.295736,0.61983,0.210628,0.363462,0.575529,1.495966,2,shaft_imbalance
1.651563,2.849882,0.265816,-1.417026,-2.082241,0.07059,0.02577,0.182929,1,bearing_degradation
0.477611,0.789367,0.608452,-0.214275,-1.846337,-0.455481,0.416368,-1.090447,0,normal
0.966563,0.758649,0.987415,-0.013528,0.14258,-0.255561,-0.053468,-0.685643,9,intermittent_contact
0.058777,6.415456,0.170108,1.714892,0.74506,-1.952163,3.221363,-1.038611,11,blockage
2.525851,4.332204,2.167966,-1.266901,1.335817,-0.163622,0.517534,-1.25377,4,misalignment
1.033094,-0.18613,-2.353127,-0.098795,0.470404,0.740084,-0.880629,-0.269801,3,gear_tooth_crack
4.239127,1.714693,1.981169,-3.213741,-0.512995,-0.094845,-0.775407,0.500465,1,bearing_degradation
-0.727368,0.040336,-0.312268,-1.585603,-0.920456,1.568206,0.384723,-1.323588,0,normal
0.459613,-0.020823,-0.154251,-0.176549,0.479946,-1.039803,-0.440537,-2.303737,9,intermittent_contact
2.251507,3.399162,1.588729,1.076925,1.709535,1.478329,0.785192,-1.25566,1,bearing_degradation
4.97845,-0.594046,0.500399,1.120991,-0.346671,0.063358,0.03714,-1.367235,3,gear_tooth_crack
-0.12876,-0.159269,0.811898,-0.104569,4.861343,0.379324,-0.945479,-0.667194,6,thermal_cycling
0.635938,-0.576361,-0.712843,-0.320213,1.965279,0.757968,1.593682,-0.8186,2,shaft_imbalance
-0.697793,0.419039,-0.112105,0.562993,-0.605487,1.052677,1.378278,0.991323,3,gear_tooth_crack
-0.030214,-1.204621,1.030487,-1.290495,3.653249,-1.43189,-0.017856,1.804391,6,thermal_cycling
-0.862412,1.579668,-0.177994,0.314637,-0.719233,1.001029,0.834452,1.724709,3,gear_tooth_crack
-0.097287,2.093168,1.573355,0.385847,-0.763057,-1.112411,1.191143,0.262749,0,normal
0.745415,0.296832,0.052834,-0.173866,0.0,-1.535728,0.640617,-1.538029,9,intermittent_contact
-0.539114,0.306553,-1.20721,0.381719,0.431943,0.789901,-0.65521,0.779793,7,electrical_fault
-2.071044,-1.532892,-2.322187,-3.664443,-0.305469,-0.290281,0.411077,0.601635,10,cavitation
0.519567,0.799489,1.449031,0.500555,-1.121998,0.518621,0.581648,-0.609262,12,leakage
-0.695849,2.157602,4.313964,-0.27151,-1.05059,0.18556,-1.122793,0.157052,10,cavitation
-0.066522,-0.05945,-0.115959,1.216954,0.302205,0.000343,1.348016,0.975012,12,leakage
0.372938,0.23587,-1.428005,0.740618,0.285016,-0.586638,-0.135874,0.769143,7,electrical_fault
0.941977,1.909365,-1.680519,-0.362289,0.611724,0.071282,1.150767,0.546425,11,blockage
-0.587786,3.92229,-1.11727,1.436564,-1.570914,-0.380067,-0.337301,0.171709,11,blockage
0.029383,-0.675696,-1.490287,1.865578,-0.551925,2.061838,0.398854,0.142885,3,gear_tooth_crack
-0.75092,0.845143,1.772952,1.776655,0.976733,0.387983,0.290232,1.457196,12,leakage
0.025166,4.862858,1.575892,-0.38891,-1.923441,0.482495,0.52931,-0.405318,11,blockage
-0.275729,-0.332824,0.607538,0.67418,5.978638,-0.028909,-0.523763,0.013718,6,thermal_cycling
-0.428997,-0.471152,-1.876495,-0.216866,-0.939684,-0.250729,0.239958,-1.085103,9,intermittent_contact
0.470911,-1.022937,-1.777532,0.907384,2.863383,0.458866,0.650747,-0.884072,7,electrical_fault
0.052587,1.110345,0.510573,1.006835,0.919021,1.276412,-0.597488,-0.86973,8,sensor_drift
-2.230589,3.481449,0.08781,-2.322831,1.19163,0.026632,-2.431948,0.336617,11,blockage
1.095522,0.550434,-1.309095,0.610742,-2.137501,-0.222822,1.137957,0.018394,0,normal
0.866531,0.030464,0.377603,0.173634,2.192004,-0.43052,1.60541,0.133503,2,shaft_imbalance
-0.917709,-1.188389,1.064209,0.688612,0.976665,0.039313,0.776808,-1.761289,0,normal
-0.410114,3.793205,0.503857,0.225752,0.923685,-0.141279,0.15895,0.287423,10,cavitation
1.4076,-0.909039,0.047453,1.635792,-0.304233,0.160331,-1.350403,0.623201,8,sensor_drift
-0.320282,0.32559,1.419023,1.061054,0.464166,-0.099219,0.217376,-1.316562,2,shaft_imbalance
-0.278656,1.234607,1.226026,-0.925297,0.44242,-1.564321,-1.588374,-0.892847,10,cavitation
-0.136193,0.709556,-2.198207,0.150311,-0.376164,0.175524,-0.203387,-0.1944,12,leakage
0.006264,1.814648,-0.535145,-2.880174,0.28183,-1.280687,1.232804,-0.955883,1,bearing_degradation
-0.828084,-0.081444,0.192785,1.676701,0.832949,0.20436,0.639806,1.086155,9,intermittent_contact
3.948684,5.456052,2.830433,-0.858869,-0.648152,-1.471648,0.208007,1.18356,4,misalignment
1.114592,0.383377,-0.131138,0.348776,1.951013,2.076981,0.069381,0.160191,0,normal
0.711227,0.793347,-0.348725,-0.462352,0.857976,-0.191304,-1.275686,-1.133287,0,normal
0.78768,-0.977838,-1.146813,1.822946,-0.301477,-0.223812,-0.373737,-0.180662,10,cavitation
-1.617765,-0.151619,0.468728,0.996551,-0.271304,-0.769105,1.098016,1.501765,6,thermal_cycling
2.487307,-0.274093,-1.02783,-1.0737,1.140022,0.997302,-0.485478,-1.875784,2,shaft_imbalance
0.708979,-0.402445,0.870489,1.600218,-0.206914,1.422456,0.291883,0.698659,9,intermittent_contact
0.252952,-0.711713,0.642217,-1.178373,-0.440385,1.129041,-1.131315,1.050243,5,thermal_runaway
1.025699,4.408691,-0.183511,-0.81365,0.88104,0.922318,0.527341,0.253752,11,blockage
3.71957,6.837045,1.979508,-0.55132,-1.259471,-0.957153,-0.103288,0.895781,1,bearing_degradation
-0.785977,-0.289876,0.198381,-0.767217,-0.806282,-1.360243,0.390725,0.545323,0,normal
-0.825965,2.598441,1.375159,0.396868,-0.868083,-1.283941,-0.072751,-0.122561,11,blockage
0.208015,0.079263,1.804579,-1.064359,-2.523486,2.353742,-0.530895,0.117174,8,sensor_drift
0.863165,1.04032,2.199239,-0.248346,0.138569,2.051235,-0.763978,-0.854575,8,sensor_drift
2.657846,-0.118877,-1.2892,-0.997206,0.795403,-0.095679,0.5035,-0.755996,10,cavitation
0.925248,0.698654,-0.423851,0.591794,0.328842,-0.032859,1.148225,-0.661296,5,thermal_runaway
-0.529039,-0.485401,-0.128885,0.398978,0.058608,-0.402692,1.347767,0.216619,10,cavitation
0.686022,1.399749,-0.074335,2.197195,0.700291,0.061672,1.243425,-0.507092,12,leakage
0.39214,-0.04298,0.10046,0.252997,0.606308,-0.128583,1.04397,1.103496,12,leakage
-0.124162,1.330644,-0.744494,0.886671,-0.264603,0.117735,0.370081,0.454545,11,blockage
1.145339,-1.648906,-0.085075,0.137512,0.602036,-1.715166,-0.260407,0.400461,3,gear_tooth_crack
0.387611,0.919887,0.285137,0.071502,0.680529,-0.066231,-1.367973,1.110871,12,leakage
1.523833,-0.664896,-0.293105,-1.305113,1.277439,1.140073,-0.66049,-0.074886,9,intermittent_contact
0.429875,-1.526448,0.269627,-0.062409,-0.374166,0.03281,-0.128842,-1.313639,7,electrical_fault
-0.198004,1.428425,0.916827,-0.164137,0.0,-1.158807,0.632948,-0.320739,9,intermittent_contact
-0.642047,0.332178,0.366635,-0.600512,2.027766,-0.027379,0.102782,1.343493,9,intermittent_contact
0.345602,2.660471,-4.027775,-1.451573,0.019907,0.213227,0.973196,-0.525069,10,cavitation
1.366266,2.289716,0.450573,0.644764,-0.154796,-0.350442,0.871916,1.361977,6,thermal_cycling
0.937077,0.051389,-1.799772,0.731388,0.794902,-0.037335,-1.839373,0.901957,12,leakage
0.152924,-1.221492,-1.261018,-0.081117,-1.952695,1.830406,-0.361615,-0.443192,7,electrical_fault
5.054614,1.673752,0.480006,1.052567,0.93998,1.624675,1.834816,0.373109,5,thermal_runaway
0.96768,1.517042,-0.523992,-1.060084,0.48176,0.359108,0.010436,-0.635206,12,leakage
0.50015,0.406907,0.569067,-0.528438,0.638524,-0.025775,0.822849,-0.873519,4,misalignment
-1.164719,1.95637,1.155961,-0.531061,-1.79902,-1.981031,0.473401,-1.369239,6,thermal_cycling
0.551324,-0.273762,0.999319,1.31771,1.702805,0.058398,0.880385,-0.51696,9,intermittent_contact
-1.626406,0.884976,-1.762196,-0.727647,-1.315472,-0.879741,0.201859,1.235023,5,thermal_runaway
1.160412,6.020096,2.143898,1.855933,1.273307,-1.240002,-0.876439,1.387463,11,blockage
-2.422429,-0.321751,-0.768553,1.581693,0.215968,2.555477,0.036007,-0.760842,7,electrical_fault
0.169608,-0.575558,0.472519,0.07937,-0.605001,-0.177866,1.413567,1.380888,3,gear_tooth_crack
-1.238823,-2.212332,0.037724,3.446209,-0.380041,-1.427787,0.025298,-0.897804,2,shaft_imbalance
2.558283,0.787945,-0.53474,-1.701307,0.198167,2.350613,-0.843165,-0.968727,4,misalignment
0.177666,6.419531,0.232389,-1.129787,0.13973,-0.853709,1.060567,0.122952,11,blockage
0.496167,-0.613387,0.514336,1.284807,-0.46487,0.852414,-2.354909,1.475067,7,electrical_fault
0.337575,1.407482,0.090585,0.643939,-2.050172,-0.048718,-0.84323,-1.218813,0,normal
-0.917893,-0.953915,-0.62213,0.663288,-0.168929,0.196395,-1.224303,-0.461642,1,bearing_degradation
-0.693506,0.831032,-1.342175,-0.406944,-0.584874,-0.046587,0.278864,-1.007893,0,normal
0.96089,-0.05181,-0.447004,-0.709316,-3.742323,1.534892,-0.198359,0.35945,6,thermal_cycling
-0.11537,-0.392545,-0.513807,0.040972,0.990033,-0.941621,-2.527471,1.23952,12,leakage
-1.103674,0.731031,1.991905,0.765793,-0.659497,1.187826,-0.469096,-0.831706,9,intermittent_contact
3.605638,0.819337,-0.092767,-0.502218,1.275075,0.313092,0.926149,0.459774,2,shaft_imbalance
0.178476,0.891912,-1.501176,-0.951579,-0.15213,-1.332794,-0.271717,-0.326349,6,thermal_cycling
0.197705,-0.498439,-1.306799,-0.978719,-0.479366,0.866169,-1.447061,-0.974073,11,blockage
-0.012686,-0.051477,-1.419454,0.984277,2.247163,1.25031,1.337974,0.796948,5,thermal_runaway
-0.264652,-1.804012,0.805655,0.627255,0.522374,4.721803,-0.28411,-0.607071,8,sensor_drift
-1.171973,-4.000048,-1.828112,0.206061,0.231663,2.465859,0.280958,0.630145,4,misalignment
-0.586223,0.45842,-0.197159,-0.171934,0.634899,2.715518,1.304573,1.869127,7,electrical_fault
-0.699252,-0.16565,-1.062046,-1.226769,-0.050474,-0.891529,-0.741019,-0.781191,0,normal
-1.13186,0.276489,-0.643449,0.182922,-1.211803,-1.633877,3.098282,0.069341,9,intermittent_contact
-0.337934,1.648503,-1.694351,0.709365,1.241446,0.578837,1.971008,0.938516,5,thermal_runaway
1.94262,0.650123,-0.265585,-0.070356,0.405602,-0.420248,1.31881,-2.035727,3,gear_tooth_crack
0.107815,0.227172,-1.443204,-0.096609,1.40833,1.086708,-0.125199,1.563669,3,gear_tooth_crack
0.174998,2.00256,0.588242,0.70444,2.155041,1.344544,-0.121392,0.025359,10,cavitation
1.186511,7.158938,-1.774427,-0.69794,1.29964,-0.847111,-2.985051,0.087315,11,blockage
0.479354,2.094386,-0.977308,-0.709834,-0.423327,-0.745569,-0.888236,0.045917,9,intermittent_contact
0.099931,1.005653,-0.236003,-0.508,0.136492,-0.964972,0.178662,1.468047,2,shaft_imbalance
0.478663,0.015669,-3.37581,-1.204865,-0.080152,-0.025676,0.939809,-2.912545,10,cavitation
-1.644173,-0.31933,0.456105,-1.214924,-0.671464,-0.882369,-0.453905,0.412423,2,shaft_imbalance
1.483402,-0.016743,0.05448,-0.243437,-2.131292,1.271757,0.675519,-2.37001,7,electrical_fault
1.527222,1.323451,-1.560741,-0.939315,0.657463,1.300724,-0.966812,0.183272,9,intermittent_contact
1.343128,-0.620769,0.173985,-0.078052,1.176976,0.569469,-0.378646,1.340767,8,sensor_drift
-1.765256,2.851325,-0.069711,-2.268364,-1.839655,-1.483567,0.663215,-2.77867,1,bearing_degradation
-1.305618,-0.588162,-0.000117,0.739381,2.432956,0.702796,-1.0125,-0.093845,3,gear_tooth_crack
-1.278748,0.67063,1.874317,0.323618,-0.256184,0.54486,2.051218,-0.51696,8,sensor_drift
0.000368,-0.92594,-0.511581,-0.036129,-2.035856,1.426802,-1.372904,-0.938856,8,sensor_drift
-0.819964,-0.127688,0.614402,-1.401566,0.454899,0.404248,-1.125408,-1.090338,9,intermittent_contact
1.972104,-1.761337,0.265164,-0.111869,16.015683,-0.3974,-0.543457,-1.099588,6,thermal_cycling
-0.892776,-0.189738,-0.366818,-0.55822,1.215317,0.921167,1.266994,-0.78837,9,intermittent_contact
2.009512,0.439296,-0.095615,1.722002,-1.302267,-0.137143,1.999674,-0.144041,3,gear_tooth_crack
-0.562117,2.257644,1.191232,1.768123,-0.788462,-1.825023,-0.292954,2.516472,7,electrical_fault
-0.361319,0.893893,0.046466,-1.060063,-2.109991,0.13994,1.507873,-0.907147,10,cavitation
-0.802192,-1.175004,0.221826,1.88901,0.0,1.27987,-1.298437,-0.191463,9,intermittent_contact
-0.246107,1.481788,-0.320753,-1.36592,-0.679879,-1.610952,-1.295773,0.670987,3,gear_tooth_crack
3.158137,-0.35242,0.96807,0.144345,0.538144,1.369798,-1.275072,2.298151,5,thermal_runaway
0.449978,0.563313,0.114584,0.329944,0.77761,-0.809486,0.878059,-1.373003,0,normal
-1.22242,-0.68567,-0.961379,-1.125316,1.80371,2.046353,1.12551,-1.236502,8,sensor_drift
-0.801235,0.409683,0.974193,-1.959199,-0.514776,-0.443105,-0.172145,1.706317,7,electrical_fault
-1.152396,-1.133363,0.761725,0.883921,-0.648766,-1.355292,0.130881,0.31441,7,electrical_fault
-1.69307,0.795431,-0.676557,-1.117261,0.029263,-0.334126,-1.518054,-1.380721,5,thermal_runaway
-1.725427,-0.98315,1.250871,0.207428,1.226981,1.015676,-0.312454,-0.297351,9,intermittent_contact
1.070645,-0.017466,1.284298,0.011132,18.462901,0.8045,0.392726,-1.540729,6,thermal_cycling
0.357514,-0.461568,0.321758,-0.939725,0.650848,1.194357,0.304526,0.997049,6,thermal_cycling
-1.264234,1.163055,1.552472,-0.410573,-0.649079,1.054594,1.216149,-1.114411,3,gear_tooth_crack
-0.406302,-1.164053,-0.217523,-0.013704,-0.58271,-0.501475,-0.203973,0.819761,7,electrical_fault
0.55964,0.114006,-0.240408,0.333507,0.487806,0.377123,0.724281,0.215654,11,blockage
-1.836661,3.252596,-0.904615,1.275035,-0.007911,-0.462583,1.036374,0.472451,1,bearing_degradation
0.028775,0.199651,-1.452662,0.417133,0.204131,-0.401151,0.389688,0.512385,10,cavitation
4.15755,0.949948,1.296844,-0.75656,0.299457,0.75854,2.161411,1.178019,5,thermal_runaway
0.614396,0.678913,-0.655682,-0.200193,0.070243,-0.335705,-1.56631,-1.235009,3,gear_tooth_crack
0.16296,-0.040858,-0.498285,0.032074,1.457828,-0.494772,-1.083994,0.945125,10,cavitation
0.946953,1.047813,-1.057687,-0.40261,0.666973,-1.137662,0.365177,-0.326492,7,electrical_fault
2.286468,0.400065,-2.434178,-0.666263,-1.203749,0.921963,-0.093819,1.063518,7,electrical_fault
-1.127781,-0.379807,-0.752892,-0.894346,-0.326262,1.427485,1.837387,-0.335939,0,normal
2.281633,0.297511,0.886759,-0.489077,-0.185957,-0.713554,-2.651708,-1.378009,0,normal
-0.396125,-2.264818,0.258761,-0.803741,-0.044481,-0.269548,1.490176,-0.383626,9,intermittent_contact
0.80842,0.139078,-0.463126,0.842881,1.053653,0.746911,1.336107,-0.235442,8,sensor_drift
1.41981,1.344403,-0.366213,-0.083078,-3.700238,1.282628,-0.815524,-1.046199,6,thermal_cycling
0.460219,0.99435,0.082718,1.410162,0.309413,0.624184,-0.833263,2.158659,0,normal
0.136522,0.893601,-0.762329,0.388526,-1.096933,0.06374,-0.647923,-0.877654,3,gear_tooth_crack
-0.397778,0.372326,0.835615,-0.113916,1.77672,0.239149,0.270485,-0.908998,0,normal
0.232493,1.280198,0.786745,-1.295581,-1.658024,0.442558,1.167853,-1.660649,7,electrical_fault
1.033809,-1.7041,0.926856,-0.252722,-0.211547,0.409751,0.581199,-0.826343,0,normal
0.663417,-0.010026,-3.4342,2.389674,-0.781305,-0.349101,-0.605171,-0.567227,10,cavitation
-2.536649,0.03049,0.050177,0.580334,-0.887391,-0.588243,0.540921,0.90451,12,leakage
1.249665,0.635371,0.740014,0.636906,0.340791,-1.783611,0.083621,-0.556192,0,normal
-0.152089,-0.069224,-0.445771,0.563956,0.727317,0.261877,0.714838,1.162237,11,blockage
-5.583037,-0.399377,1.786919,4.028597,-2.181984,0.291019,2.121487,-0.182846,4,misalignment
2.308689,6.144822,-2.127909,-0.451123,-0.653318,-0.548165,0.059744,0.478042,11,blockage
-0.294569,-2.516095,-2.12817,-1.018118,0.531223,0.1138,0.184367,1.950943,0,normal
-1.77598,1.254017,0.19775,-1.858868,-0.941501,-0.548816,-1.571293,0.087674,12,leakage
0.401856,0.095277,1.827448,-0.389985,0.67931,0.736497,2.183208,-1.193637,8,sensor_drift
0.419009,-1.923491,0.287941,-0.868731,-0.338858,-1.561533,-0.358672,0.277884,5,thermal_runaway
-0.601245,-0.666523,0.42378,1.608882,0.398396,0.780484,-0.832196,-0.414272,5,thermal_runaway
-0.39516,-0.73728,-0.519661,0.820147,-0.280693,-0.222893,-1.061114,0.196865,12,leakage
-0.662117,-0.220255,1.283486,-0.856786,0.459942,0.246863,0.133854,0.585681,11,blockage
-1.314808,0.755828,-1.592497,-2.338283,0.40713,0.519103,-0.199632,-1.147903,1,bearing_degradation
1.16806,-4.25225,-0.017023,0.530319,1.30501,-0.721062,-0.273615,-0.214245,1,bearing_degradation
0.093347,0.991327,-2.193386,0.532733,4.997917,-0.281473,1.352826,-0.38985,6,thermal_cycling
-0.284364,0.185326,0.619171,-0.339258,1.063852,-1.141938,0.006339,2.597674,0,normal
-0.198285,0.837988,-1.895812,-0.973893,0.669928,0.552776,-1.058542,0.559702,3,gear_tooth_crack
-0.245879,2.855579,-0.945489,-0.821556,-2.390993,1.151446,0.416694,-1.335625,11,blockage
-0.190692,0.254923,-0.377682,-2.300466,-1.4046,0.357628,-0.1333,-0.516478,4,misalignment
-0.366675,-2.63871,-0.303273,-1.278287,1.258833,-0.976144,0.77981,-0.104939,7,electrical_fault
4.658861,-3.822864,1.709193,-0.697221,0.719828,-1.344307,-0.145661,-0.058039,1,bearing_degradation
-0.374818,2.546312,1.705847,0.197777,0.906678,-0.595029,-1.955196,-0.11688,11,blockage
2.660436,0.708526,0.620079,0.895164,1.794347,0.068073,-0.776284,-0.43714,3,gear_tooth_crack
-0.660826,-1.303942,-0.575623,0.655645,0.889196,0.35289,1.201436,1.729202,3,gear_tooth_crack
-1.594075,0.375681,0.652555,-2.352449,0.19619,0.694609,0.580878,0.802448,3,gear_tooth_crack
0.125364,0.522221,-0.053453,-0.647804,-0.812026,0.50898,-1.901739,1.678164,7,electrical_fault
5.575127,-2.223054,2.275542,1.334771,1.052691,1.206846,-1.419527,0.92508,3,gear_tooth_crack
-2.559687,-0.028906,1.165865,3.964155,-0.198616,0.507392,1.042945,0.835635,4,misalignment
-1.200188,-0.104706,0.15156,-2.63954,0.303983,0.805124,0.545345,0.505189,4,misalignment
-0.141549,2.328059,-0.601211,-0.765299,1.309873,-1.232129,1.253901,-1.127793,4,misalignment
-0.051637,1.018359,1.499698,-1.370623,-0.866177,-0.810156,0.478189,0.223988,12,leakage
-0.36971,-0.659333,-0.81895,0.21605,-0.343632,1.546647,-0.184764,0.05872,2,shaft_imbalance
-0.264374,-0.726169,1.813456,1.39159,-2.480406,-0.52311,0.46841,-1.063546,4,misalignment
0.791204,0.906881,0.70942,0.928402,1.556981,-1.735538,-0.315554,0.500688,2,shaft_imbalance
0.420421,1.970933,1.175269,0.22719,-0.723107,-0.701567,0.533034,0.143126,3,gear_tooth_crack
-0.790068,-0.025649,-0.360616,1.338009,-0.153319,-1.224822,-0.827581,0.965051,3,gear_tooth_crack
-1.564898,0.026884,-0.217577,1.038178,-0.633541,1.189823,0.386799,-0.033491,9,intermittent_contact
0.740274,0.110448,1.003381,-0.201259,0.127546,0.374575,0.287361,1.613272,3,gear_tooth_crack
1.656848,3.33207,-3.466528,-1.250418,-0.593157,0.01965,-0.786286,0.096057,1,bearing_degradation
-1.208524,0.877174,0.481394,0.760147,7.428746,1.586007,-1.114722,-1.288977,6,thermal_cycling
-0.015818,-0.272361,0.679235,-0.760774,1.264674,4.83809,0.866807,-0.659505,8,sensor_drift
-0.223497,-0.993443,1.488272,-3.375819,-0.081759,0.233959,-2.306048,0.441254,7,electrical_fault
-0.103807,-0.20419,0.031271,-0.85373,0.446078,0.060668,0.935311,1.59039,5,thermal_runaway
-0.812941,-0.415357,-0.612097,-0.140791,1.06598,0.157049,-0.158635,-1.035654,0,normal
-0.86337,0.065722,-0.57065,-0.097941,-0.259453,0.31687,-0.497907,-0.410203,5,thermal_runaway
-1.185692,0.845774,-1.101979,1.116166,0.795633,0.289556,-0.004393,-0.944659,9,intermittent_contact
-0.774075,0.041137,-0.56151,-1.449541,-0.888354,-0.715379,1.137128,1.297861,8,sensor_drift
2.762251,-0.429137,0.018468,-0.543367,0.283156,1.417382,0.154985,-0.173049,5,thermal_runaway
1.161959,-1.120646,-0.877494,0.386128,-0.002542,-0.585647,-1.279262,0.309076,7,electrical_fault
0.917516,1.064494,1.716715,-0.709352,-0.216724,-0.537566,0.978705,1.139586,12,leakage
-1.00177,-0.674881,-1.087899,1.408631,-1.555868,-1.102141,-1.956048,-0.754229,5,thermal_runaway
-1.097338,0.700723,-1.355814,-0.794599,1.303565,0.84022,1.487398,-0.271674,0,normal
-0.13332,1.177304,-0.566662,-0.279952,2.390136,0.951852,0.476841,-0.774703,4,misalignment
-1.647513,-1.087051,-0.014818,-0.20012,1.144246,0.226901,-0.46291,-0.133582,2,shaft_imbalance
-0.162962,-1.698212,-1.117146,1.539504,1.161518,0.971622,1.470721,-1.869564,12,leakage
0.254229,0.789307,-0.277717,-1.117716,-1.556614,0.595561,0.108197,0.45552,7,electrical_fault
-1.295378,-0.404975,0.867796,-0.17069,-0.195621,1.879923,-1.995084,0.824225,8,sensor_drift
-2.035085,0.708662,1.265869,0.395771,-1.7107,0.402918,-0.486851,0.161656,8,sensor_drift
-0.777435,0.57668,0.251287,-0.630969,16.450733,-0.568709,-0.378001,0.354807,6,thermal_cycling
0.079821,-1.823963,2.693597,0.218006,-0.162827,-0.489414,0.678024,-0.461064,10,cavitation
-1.968165,0.920139,1.747452,0.76546,0.230289,1.853439,0.458878,0.802748,9,intermittent_contact
-0.900304,-0.29921,0.096349,0.433339,2.504532,1.519081,3.19236,-1.065342,12,leakage
-0.543669,-1.89714,-0.527146,0.047877,11.404573,-0.330271,-0.68926,-0.572807,6,thermal_cycling
-0.041375,3.42693,0.91387,-1.402765,-0.398426,0.263479,0.376792,-0.14066,11,blockage
0.536249,0.563311,-1.874849,0.335525,0.890017,-1.787619,0.471031,0.087065,10,cavitation
-0.337861,-2.57349,-1.346674,-1.901217,1.666609,0.041366,1.837746,-0.289665,1,bearing_degradation
-0.428357,0.878187,0.379016,-0.963705,1.41854,-1.842091,-0.298252,1.626627,11,blockage
0.309658,3.545865,-0.509559,0.545491,0.116007,-1.689766,1.032299,-0.246481,11,blockage
-0.83582,-1.851112,-1.405506,-0.423775,0.01169,0.847852,1.306558,-0.485557,2,shaft_imbalance
1.114134,0.159632,-0.187191,-0.568644,-1.76802,-0.019214,-0.851011,1.218339,7,electrical_fault
-0.490714,5.241576,0.21279,-0.245132,0.451968,-0.823164,0.951592,-1.121599,11,blockage
-1.09972,3.917792,-0.128613,-2.909524,0.463196,1.292009,1.570744,-0.035348,10,cavitation
-0.777685,0.667761,-0.972121,-0.661619,-0.311644,-1.171473,-0.963529,1.552122,6,thermal_cycling
1.90108,-0.596554,-0.714748,-2.240987,-10.342287,0.580608,0.578554,-1.037051,6,thermal_cycling
-0.427353,-0.27812,0.638921,4.087923,0.404217,0.246407,0.483792,0.474868,6,thermal_cycling
-0.538853,-0.065154,0.742465,-1.210533,0.70049,0.318366,-0.260792,-0.218063,7,electrical_fault
-3.593495,1.42297,3.940903,1.802769,0.163881,-0.598826,-0.555172,-0.118588,1,bearing_degradation
1.145762,2.035857,-0.202438,-0.099242,0.238046,-1.110971,-0.690667,1.781926,3,gear_tooth_crack
-1.132878,-0.147798,1.269648,-1.48546,-0.035317,-0.043199,-0.429277,0.981061,4,misalignment
0.418936,-1.22664,0.479238,-1.655379,1.757766,-1.029603,-0.725394,0.570034,1,bearing_degradation
-0.936013,0.458728,1.266651,0.920068,2.097253,-0.298978,-1.216987,-0.540558,11,blockage
0.612007,0.636852,3.275071,-0.345813,0.803314,-0.199854,-0.707798,0.653986,1,bearing_degradation
-0.195587,-0.89489,0.100702,-0.118241,1.504812,-0.765306,-0.171966,-0.373619,12,leakage
0.834923,-1.60793,-0.09207,1.595918,0.551941,-1.870457,0.658339,-0.747737,2,shaft_imbalance
-0.680759,-2.356206,0.588835,4.45394,0.103457,-0.559202,-1.145228,-1.871701,1,bearing_degradation
0.598549,-0.094855,-1.437693,0.251167,2.346194,-0.859073,-1.089052,-0.046537,6,thermal_cycling
0.556075,0.177261,0.291231,1.473611,1.226034,-2.867055,-0.317439,-0.164651,0,normal
-1.881823,2.235821,0.082323,-1.542329,-1.483261,0.998128,1.174454,1.35977,10,cavitation
-0.532677,6.800249,2.081067,-0.001218,2.113065,0.679992,-2.052901,-0.034274,11,blockage
1.129274,-0.42643,1.735512,7.182763,-0.785308,1.735023,-1.32506,1.61543,1,bearing_degradation
0.523485,-1.444549,-0.296159,0.230806,1.526928,1.192803,0.20893,-0.911522,7,electrical_fault
2.103242,-0.689345,1.153377,1.167365,1.139273,2.666716,1.804896,2.012181,8,sensor_drift
3.400844,0.517791,0.486004,1.335249,-1.384079,-1.145438,-1.160167,-1.464091,3,gear_tooth_crack
0.31336,0.021254,1.716884,-2.091036,0.377123,-0.727126,-2.355964,-0.36053,2,shaft_imbalance
-1.766962,1.421627,-0.401255,-0.750725,1.64266,1.26516,0.024449,-0.293403,0,normal
0.694442,-1.044904,0.145156,6.496131,1.085536,0.939906,0.667046,-1.786619,1,bearing_degradation
-2.488117,-1.000187,0.354636,1.010182,0.177334,-1.039994,0.106538,-1.755248,4,misalignment
2.235797,-1.737109,2.704001,2.439502,0.96487,0.342403,1.31398,0.632899,10,cavitation
-2.238637,-1.339536,0.118592,0.547657,-1.483898,1.976563,-1.661573,-0.317027,8,sensor_drift
0.27588,-1.352525,0.864798,-0.605772,0.200469,-0.142114,0.794596,-0.421042,8,sensor_drift
-0.770299,-0.178739,0.069037,0.695994,0.7759,1.029118,0.574883,-0.267974,12,leakage
-0.587854,-1.371841,0.600251,1.24101,0.427834,0.565934,-0.887096,-0.596195,10,cavitation
0.065713,0.758141,-1.318796,-1.92135,7.16983,0.072013,-1.312116,-2.094881,6,thermal_cycling
-0.673852,-0.261264,0.018991,-0.034679,-1.885573,-0.397483,0.056206,-0.28137,0,normal
-0.26584,1.69239,0.725776,-0.395649,0.278264,-0.38084,0.417631,-0.070505,11,blockage
-1.320173,1.564129,2.159844,0.411863,-9.108094,0.062271,-0.148246,0.340079,6,thermal_cycling
-0.401279,3.077124,1.200178,1.351061,-1.057872,-0.298748,0.430844,-1.218128,11,blockage
1.893064,-0.799006,0.052365,2.087743,-0.546034,0.64424,0.678318,0.235383,5,thermal_runaway
5.915086,1.39061,-0.026742,0.595184,0.373644,1.524023,-0.97061,1.709454,3,gear_tooth_crack
4.859194,-0.626767,0.355203,2.440442,-0.578471,1.089734,-0.218078,-1.634343,3,gear_tooth_crack
0.66357,-0.880108,-0.93851,-0.467196,-4.535501,0.637089,0.904405,0.088315,6,thermal_cycling
-0.578817,0.645171,-0.820874,0.511705,1.101343,-0.088296,0.987827,-0.068843,9,intermittent_contact
-1.266807,-0.475406,-0.756921,0.380393,0.307727,-0.636487,1.856311,0.085133,7,electrical_fault
-2.636946,-0.744745,0.602475,-0.312305,0.994029,0.131028,-0.734976,0.452746,8,sensor_drift
0.573203,1.316443,1.306826,-0.125852,0.924794,1.788583,-1.263762,0.576651,3,gear_tooth_crack
-0.983191,0.833643,-1.493544,-0.304682,-1.279554,1.193377,-0.774392,-0.08726,12,leakage
-0.351094,-0.687873,-1.052496,1.425598,0.627645,-0.090485,0.108737,-0.107662,10,cavitation
-1.387923,0.753442,1.073264,0.296155,-7.202676,-0.276836,0.43794,-0.865705,6,thermal_cycling
1.468794,2.892985,1.858583,-1.741346,-0.492343,-0.215156,-1.115557,0.538402,10,cavitation
-1.867477,7.107379,-1.792499,0.025617,-0.135675,-1.736299,0.254163,-0.108606,11,blockage
0.499042,-1.233064,-1.91715,0.327837,-0.623439,0.653089,-0.04317,0.394199,10,cavitation
-0.827971,1.729572,0.841245,0.943337,-1.181165,0.053758,1.605683,0.945415,12,leakage
-0.820398,-1.127383,-2.749189,1.927562,0.504208,-0.029831,-0.564803,0.29617,1,bearing_degradation
1.49691,0.352429,1.948466,-0.831946,-0.642077,-0.232266,-1.212653,0.925884,9,intermittent_contact
1.794397,0.50095,-1.463168,-2.484944,-0.926854,-0.671236,-0.748583,0.98102,2,shaft_imbalance
-1.120298,-2.243641,-0.459937,2.1283,0.509898,-0.846241,0.445035,-0.134148,10,cavitation
-1.120748,-0.748152,-1.268419,-0.05996,-0.348011,-1.078056,0.503286,-0.258743,7,electrical_fault
-0.211633,-0.80325,-1.469742,2.193343,0.662108,-0.69242,1.693155,1.356162,3,gear_tooth_crack
-1.967804,-0.525713,0.489647,0.561021,-0.221142,0.287322,0.140159,-1.489037,10,cavitation
0.256209,1.358211,-0.929072,-2.540589,0.570002,-0.743387,-1.835505,1.840372,4,misalignment
-0.42502,-0.0954,0.68328,2.347303,-9.920157,1.588849,0.244056,0.820253,6,thermal_cycling
-0.453801,-2.509929,-0.462984,-0.553903,0.241037,5.275229,0.192812,2.008638,8,sensor_drift
0.129753,-1.311205,-0.348889,0.85692,-1.73548,-0.084828,0.28515,2.003687,9,intermittent_contact
0.944853,2.98061,2.35791,0.80145,0.766662,0.259353,-0.16996,-1.414007,4,misalignment
3.965919,2.682149,1.847194,1.613752,-0.292377,-1.171653,0.697835,1.927862,3,gear_tooth_crack
-0.122084,-2.192543,-0.548073,1.231875,0.553077,0.248914,1.008668,0.484453,0,normal
-0.305899,-0.455518,-0.054743,-1.45229,2.199124,-0.042517,1.64559,-0.333207,7,electrical_fault
-0.177861,1.198996,0.176342,0.18581,-0.994036,1.204482,-0.767333,-0.284724,9,intermittent_contact
0.58864,-0.087906,-0.969399,-0.956837,1.447059,-0.156421,1.640354,-0.513636,0,normal
0.626693,1.906755,-1.262175,-0.152815,-7.829546,0.000928,2.568801,-0.173333,6,thermal_cycling
0.461056,0.109366,1.179215,-0.848884,-0.155609,-1.059952,-1.843115,-0.580178,10,cavitation
0.287749,1.057481,2.262809,-0.829848,0.65118,0.542334,-0.329746,-1.026009,5,thermal_runaway
-0.282351,0.56703,2.129218,2.202775,2.324804,1.217341,-0.669447,0.847312,2,shaft_imbalance
1.380679,-0.00433,-0.87529,-0.246433,1.231928,-0.425142,0.949558,-0.625346,2,shaft_imbalance
0.537936,0.032024,0.166919,1.386947,-0.936879,0.811785,-1.160484,-0.765194,5,thermal_runaway
1.425749,-0.698797,-0.534564,1.579127,0.33604,0.903401,-0.909944,-0.203342,4,misalignment
-1.117023,-0.60902,1.965749,-0.568869,1.352991,-0.859768,0.138268,1.08592,8,sensor_drift
2.504616,3.489697,1.059604,-2.398433,-2.27891,-0.944368,0.517294,1.297891,4,misalignment
0.727319,1.088685,-0.616114,0.648796,-0.340894,0.986228,0.115574,0.620262,7,electrical_fault
0.360145,-0.568429,-1.087942,-0.889979,-0.67669,-1.287802,-1.692707,0.503461,7,electrical_fault
0.344375,1.325468,-1.464924,-0.672418,0.46702,0.355036,0.952023,-0.69162,11,blockage
-0.669788,0.455027,1.343011,0.14272,-0.350563,-0.17046,1.776103,0.404613,7,electrical_fault
-1.236675,1.400356,-0.003906,0.080686,0.860199,-0.500972,-1.156334,0.325251,12,leakage
0.15408,0.96941,1.23816,-0.665062,0.937377,-0.784142,1.826209,-1.133771,0,normal
-0.100431,0.292074,-0.577631,-2.69975,0.072595,-0.875216,-1.069199,-0.625349,2,shaft_imbalance
0.128345,0.940312,-0.420175,0.058453,-0.979437,-0.863972,-2.529151,0.456568,7,electrical_fault
0.498102,2.036454,0.890743,-1.80825,-0.1624,-0.749554,-0.195128,-0.225432,2,shaft_imbalance
0.099035,0.930838,1.797595,0.516298,-0.371717,-0.893131,0.011451,-0.299265,0,normal
-1.075288,0.869761,-0.484731,0.545794,1.097328,0.741282,0.90916,-1.151594,0,normal
-1.53399,-0.965429,0.016456,1.333094,1.611589,-0.725746,-0.406439,2.871961,7,electrical_fault
-0.505598,-1.147147,-3.525202,2.16999,-0.700659,0.594631,0.077562,-0.060376,4,misalignment
-0.132971,-0.281954,0.35638,-0.767427,-0.176516,-0.037252,1.101821,-0.411113,9,intermittent_contact
0.406227,0.72984,0.183415,-1.434647,1.155347,0.350278,-0.445379,0.326716,12,leakage
-0.245688,0.537559,0.874694,0.461805,0.427463,-0.051203,-1.592955,0.897716,3,gear_tooth_crack
-0.711668,-1.637738,2.206447,-0.45257,-1.130514,0.603513,0.186927,0.548199,12,leakage
0.156584,-0.318922,1.086747,-0.864157,0.053433,-0.620142,-0.699919,-0.459,9,intermittent_contact
1.048794,1.008957,-0.194889,0.11885,0.000477,-0.743761,-0.830274,-0.409833,9,intermittent_contact
1.953469,1.839291,0.772987,1.223435,-0.849604,0.240332,-0.149981,-0.467158,12,leakage
-1.946868,1.311621,-0.185692,0.238655,0.073037,0.774457,1.097671,-0.214558,12,leakage
-0.740027,0.966315,-0.65529,-1.709307,-0.288135,-0.058406,0.441036,0.166872,7,electrical_fault
1.378422,0.263438,-0.0136,-1.357058,-2.055709,0.563474,0.892251,1.441087,2,shaft_imbalance
-1.226064,3.43687,5.878837,2.792179,-1.18127,-1.030904,-0.377051,-1.415607,4,misalignment
0.029818,5.764621,-1.25347,-0.261201,1.124246,1.114805,0.203431,-0.33343,11,blockage
-6.835956,-3.188132,0.156464,1.896985,0.165951,-0.506454,-0.323728,-1.126344,4,misalignment
0.977067,-0.990804,-1.456459,0.153392,2.034934,-0.242573,-0.36449,-0.441056,4,misalignment
1.392113,-0.34931,0.662992,0.307022,-0.415653,0.957081,1.876224,0.543941,5,thermal_runaway
-0.543192,0.363862,-0.736449,-1.355391,8.460277,-0.516073,-0.0137,-2.68486,6,thermal_cycling
-0.888134,-0.358017,0.803585,1.72077,-1.382182,0.392827,-1.040544,0.474697,0,normal
-1.813927,-0.77378,-1.016045,0.76367,-0.552878,-0.292247,-0.515208,0.852814,4,misalignment
-0.218794,3.72871,-2.28432,0.275958,-1.095385,0.827864,-1.128246,0.322578,11,blockage
-4.785824,-1.237328,3.285353,0.740324,-0.662966,-1.213034,-0.527809,0.336707,1,bearing_degradation
-0.887119,0.415406,-0.474711,1.32248,0.731185,-0.69262,-0.386014,3.269313,10,cavitation
-1.08313,0.039398,1.689494,0.123946,-0.293478,3.150462,0.072012,0.196171,8,sensor_drift
0.835133,-0.321029,-0.306074,-0.670222,1.613794,-1.169975,0.430288,-0.623661,7,electrical_fault
1.267505,-1.713548,4.311601,-2.454045,-1.683146,0.351217,1.047199,0.475093,10,cavitation
-0.351281,0.379528,0.538765,0.208912,0.12064,2.77041,-0.546702,-0.171825,8,sensor_drift
-0.525034,-1.987713,0.277994,-0.544852,-1.085685,4.357554,-0.783412,-0.684789,8,sensor_drift
-0.221326,-1.115216,1.420596,1.237261,2.255948,0.395704,-0.326669,0.619064,6,thermal_cycling
-1.50272,-0.164943,-0.501515,-2.036536,-1.057853,-1.230375,-1.053795,1.33331,7,electrical_fault
-0.005886,1.10544,1.846427,-1.149579,-1.275814,0.594568,-0.450071,-0.64004,10,cavitation
-1.642251,-1.172457,-0.381256,1.131938,1.291813,5.420147,-0.003876,-0.570405,8,sensor_drift
-0.590994,0.339368,1.410416,1.813725,0.20664,-0.237122,0.30849,1.364385,4,misalignment
-0.884359,0.313688,-0.123188,0.718715,-0.971598,-1.000113,-0.563295,0.584763,12,leakage
0.385301,-2.382884,-1.646815,-0.868154,1.951355,-0.150289,-1.331988,2.457669,4,misalignment
1.333165,-0.002206,-0.986547,2.359705,2.482422,-0.12316,0.573153,-0.374064,5,thermal_runaway
0.524302,-1.055232,2.094745,0.265452,0.166119,-0.065212,0.466553,0.525421,5,thermal_runaway
0.047041,1.731711,1.695302,0.156012,-0.226671,0.526482,0.059893,0.634425,4,misalignment
-0.998845,-0.536956,-0.084983,-0.518619,-3.297299,-0.47655,-0.245526,1.447544,6,thermal_cycling
0.621316,0.162659,-1.480139,0.346516,1.371186,-0.753153,-1.854475,0.590841,12,leakage
-0.681343,-1.359205,-1.887989,1.137353,-5.323417,1.04657,-0.120288,0.806012,6,thermal_cycling
1.122886,1.131594,-0.871081,-1.735061,-1.199018,0.204163,-0.554068,-0.071741,2,shaft_imbalance
3.527703,-1.407685,-0.703585,-3.076626,0.972989,0.43492,-0.444445,0.611354,1,bearing_degradation
0.036008,-0.636426,0.490682,-0.056485,0.255985,0.117828,-0.103045,-1.290824,5,thermal_runaway
2.234189,-0.930428,0.462954,-0.736608,-0.168174,0.183974,0.860292,1.019515,7,electrical_fault
0.630828,-0.81518,-0.956096,0.078574,-1.537649,4.845296,-0.223831,-1.16954,8,sensor_drift
-0.037757,0.097009,0.445125,1.971291,-3.973559,-0.330044,-0.175315,-0.942215,6,thermal_cycling
0.353921,4.337597,1.078366,0.734266,-0.775322,0.668895,0.711221,1.055541,11,blockage
0.310543,0.454902,-0.670736,0.965309,0.173296,-0.448647,0.587693,0.388616,10,cavitation
0.786511,0.562679,0.349156,0.01612,-0.352306,0.424341,0.083558,2.132766,9,intermittent_contact
-0.056229,0.150372,0.782586,-0.606449,-0.727574,2.121675,1.003206,0.821937,1,bearing_degradation
-1.721706,0.299342,-2.423813,0.726223,0.506166,4.970573,1.026527,-0.260072,8,sensor_drift
-1.456029,0.402738,1.709133,0.144735,-0.113743,1.045043,-0.078145,0.594589,2,shaft_imbalance
-0.003999,4.700652,-1.696468,-8.363018,-1.312,1.256419,0.273988,-0.226505,1,bearing_degradation
0.777833,-1.433856,1.453998,0.135153,0.0,0.010495,1.361084,-2.131125,9,intermittent_contact
-2.044452,-1.300786,0.895865,0.709797,0.298741,-0.682148,0.715613,-1.202901,5,thermal_runaway
-0.39706,-0.528174,-2.726085,0.934967,-1.021983,-0.490657,-1.059758,0.569682,10,cavitation
0.640387,0.541357,-1.184527,0.368516,3.641088,0.892248,-0.391847,0.200717,6,thermal_cycling
0.866225,0.732428,-1.719161,-0.403592,-0.863186,1.29351,-1.350099,1.604229,0,normal
-0.078242,-0.665372,0.44953,-0.001249,1.114089,0.545638,-1.03853,0.900625,10,cavitation
0.508809,1.020957,-0.886407,0.198537,-0.140736,0.653683,0.255813,-0.614038,5,thermal_runaway
0.838044,0.803228,0.693045,-0.012689,0.244939,1.063509,-0.652075,-0.628408,1,bearing_degradation
2.055055,-2.329624,-4.875573,-2.721644,0.740643,-0.753124,0.872499,1.108348,1,bearing_degradation
-2.80755,-0.354576,0.086297,-2.356502,0.0,0.085869,0.080227,0.72119,9,intermittent_contact
2.069539,-0.491358,1.074956,-0.713347,0.217232,-0.433402,2.074486,0.179705,4,misalignment
-0.45884,-0.424774,0.314077,-0.245762,0.952054,-2.251777,-0.826705,-0.782416,0,normal
2.240229,-0.266397,-0.99595,-1.917545,-0.946038,2.530319,-0.160982,1.920743,3,gear_tooth_crack
-1.098381,0.054133,0.457317,-0.543711,0.23183,-1.361526,0.394823,1.445448,5,thermal_runaway
1.187344,4.894771,-0.596667,-1.679165,0.241768,-0.860359,0.042823,-1.038148,11,blockage
3.162856,-1.137398,-1.777387,1.605165,0.156604,-2.210902,0.030395,-0.425029,10,cavitation
-0.272125,1.118907,0.103993,-0.085119,1.207357,-1.72287,-0.280017,-0.612646,7,electrical_fault
-0.813579,1.216089,-0.14621,1.571728,-0.310957,-0.428082,-0.022637,1.292251,7,electrical_fault
1.796878,-0.223957,-3.242238,-0.348995,-1.393386,-0.609619,1.451936,-2.434473,4,misalignment
-1.522062,-0.204135,-0.831536,0.359541,-0.386418,-1.569296,-0.082489,-0.056795,9,intermittent_contact
-0.393325,0.061886,0.897993,-0.10765,-0.568374,-1.99015,-0.497287,1.653865,10,cavitation
0.565299,-0.108779,-1.854315,0.438464,-0.027737,0.693132,-0.409715,-1.722815,12,leakage
-0.045586,1.895412,-0.926036,0.891318,1.048293,0.72175,1.996457,0.955207,9,intermittent_contact
0.543029,2.570475,-1.783591,-0.565246,-1.035843,0.288719,1.437832,0.537507,10,cavitation
-0.289645,0.080287,-0.238418,-0.552639,-0.304418,0.483314,-1.329622,2.343357,3,gear_tooth_crack
-0.88355,0.099879,0.806469,-2.033372,1.772211,1.052537,0.810515,1.202081,9,intermittent_contact
-2.430372,0.644897,0.290088,-1.604032,-0.412341,-0.061092,0.17832,0.769588,4,misalignment
5.023423,0.138991,0.507002,1.467907,-0.327856,-0.016172,0.150781,0.119675,3,gear_tooth_crack
-0.540167,1.371685,0.851714,0.4876,1.384757,-1.269579,-0.487414,-0.62863,12,leakage
-3.155659,-0.934402,0.794943,2.447791,0.501845,0.818917,0.639607,2.000043,4,misalignment
0.151693,1.998088,-0.58907,0.77753,1.355131,0.846222,0.599901,0.854463,11,blockage
-0.280793,-1.683293,2.307464,-1.816014,0.212105,-0.647598,1.008061,0.845947,7,electrical_fault
0.367571,1.156259,-0.473043,1.158021,0.058586,0.028719,0.443434,-0.137447,10,cavitation
-0.7278,0.033837,-1.844063,-0.737178,0.671012,-0.45244,1.091906,-0.758985,1,bearing_degradation
0.143665,5.475122,-0.235837,0.617112,-0.32635,-0.081671,-0.175914,-1.227015,11,blockage
5.983197,3.660571,5.861103,9.296496,-1.168635,-0.288615,1.44425,-1.86706,1,bearing_degradation
0.015195,-1.406534,0.036633,2.035914,-2.351136,-0.075534,-0.45481,-1.007295,12,leakage
-1.051079,-2.746499,0.050124,-0.767325,-0.023369,0.832185,-0.987554,-0.050879,10,cavitation
-2.52059,-0.198431,-0.118377,-0.241042,-8.456662,-1.321302,2.159491,0.318293,6,thermal_cycling
-0.54192,-0.93949,0.562426,-0.083017,-1.941697,5.58234,-0.93983,-1.31818,8,sensor_drift
-2.499959,8.472884,-1.301304,0.168278,0.261626,1.388926,-0.96325,-0.802326,11,blockage
-0.483426,-0.133696,1.017487,1.389024,0.065665,-0.511322,-1.588454,1.838324,6,thermal_cycling
1.525328,0.179165,0.044616,0.16908,-1.004672,0.179228,-0.392831,1.322462,9,intermittent_contact
-0.179611,0.196776,0.820528,-0.393741,0.521167,-0.265839,-0.117542,0.829519,0,normal
0.998818,1.6235,3.110109,1.627001,0.337707,1.684737,-1.624425,-0.068383,4,misalignment
0.988553,0.040257,-1.286393,-1.360258,-1.427136,-1.767622,0.109485,1.125044,0,normal
0.571095,-3.216532,-0.817712,0.168739,0.279727,0.707158,1.548847,0.586654,9,intermittent_contact
0.074451,-0.386273,1.675983,0.088844,3.521545,-0.01723,-0.59753,-0.487614,6,thermal_cycling
0.719873,-0.546614,-0.298208,-0.529688,-0.309941,2.283315,-1.785785,1.104129,8,sensor_drift
-0.569331,0.422264,3.599548,-0.892338,0.875832,-0.279048,-0.387273,0.516953,10,cavitation
-1.571706,-0.634981,-1.59221,-1.189995,0.078868,-1.660785,3.145641,-0.605314,10,cavitation
0.600392,-1.023633,0.707433,-1.130602,-0.72353,-1.104416,-0.4584,0.564058,12,leakage
-1.227768,-0.118908,0.999928,-0.070374,0.794361,-1.605007,-1.434174,-0.734856,5,thermal_runaway
4.191403,1.68428,-3.435739,-3.236256,-1.082342,0.438258,-0.805554,-0.281482,4,misalignment
-0.070055,-3.168824,0.696808,0.875209,0.154523,-1.878345,1.286606,0.229907,7,electrical_fault
-0.578824,-0.247187,1.198267,-2.103295,-0.650179,-1.005761,0.562101,-0.142715,10,cavitation
-0.169669,-4.135796,-0.864583,-2.147236,1.161735,-0.707739,-1.602275,-0.034026,1,bearing_degradation
-0.357924,1.38204,2.981333,3.235258,-0.251444,1.131401,0.240395,-0.872239,4,misalignment
-0.52699,1.698116,-1.151698,0.176032,-1.092289,2.600743,-0.249261,0.828453,5,thermal_runaway
1.019879,-0.351595,1.287647,-0.720161,-2.312717,2.605335,0.214583,0.778526,7,electrical_fault
1.266538,0.563845,0.514755,1.06449,-0.008822,0.44826,0.911962,-0.410029,5,thermal_runaway
1.081865,-0.219759,0.279817,-0.845367,1.162206,-0.47328,-0.813858,-0.962024,10,cavitation
2.372635,1.945207,-4.306025,-0.138956,1.862492,0.471701,0.566356,0.672155,1,bearing_degradation
-0.313971,-0.050284,0.067137,0.71709,0.831611,-2.004763,1.189952,0.273639,12,leakage
4.139418,1.622435,1.765187,-3.710584,1.537292,1.634631,0.533597,0.037083,4,misalignment
0.235169,1.093234,2.485972,-0.269797,0.794927,-0.005245,0.506059,0.042159,3,gear_tooth_crack
1.496073,2.160858,0.17035,0.665469,1.081058,-1.32467,0.928278,-0.42644,3,gear_tooth_crack
-0.596441,1.427906,0.249634,0.299959,1.04364,-1.113287,-0.409878,0.329587,5,thermal_runaway
0.15033,4.102604,-1.262467,-2.623885,1.374805,1.208743,-1.306076,-0.755808,11,blockage
-2.561588,-0.149496,-0.384638,2.890117,-0.333445,0.412754,-0.158844,-1.730592,4,misalignment
0.279658,1.39025,1.480252,0.402014,-0.001833,-2.354393,0.416802,0.597639,11,blockage
0.870766,0.114794,0.241604,-0.213675,-0.788283,-0.260693,0.144932,-0.102724,2,shaft_imbalance
1.975199,-0.219822,-1.047651,-0.698471,-0.095834,-1.708088,-0.146717,0.613586,1,bearing_degradation
-0.256179,0.430391,-0.213072,-1.623268,-0.204713,0.753413,0.60199,-0.293268,3,gear_tooth_crack
-3.393445,-5.575312,-2.970777,-3.58812,-1.380243,-0.876119,-0.204987,-0.725864,1,bearing_degradation
0.447424,0.26988,-2.600685,-0.922127,2.142755,0.656029,-0.601605,0.366628,12,leakage
1.584623,-0.4012,-1.946457,-0.344591,0.04716,-3.272967,1.207336,-0.099077,7,electrical_fault
1.813575,1.705477,-0.277858,0.579224,-1.927108,0.197109,0.586642,0.803977,5,thermal_runaway
-0.262399,-0.476491,1.880896,-1.353387,0.15726,0.138709,0.745311,-0.571567,10,cavitation
-2.347103,0.328521,-0.279298,-0.132276,-0.931584,-0.668857,0.692616,-1.43607,7,electrical_fault
-3.069384,5.170686,-0.490127,-6.064992,-1.498145,1.552367,0.421411,0.453061,1,bearing_degradation
-0.104982,-0.126164,0.42932,1.10165,0.343905,-0.810884,-2.181156,-0.768937,3,gear_tooth_crack
-0.147512,2.257814,-2.065557,-0.282467,0.0,-0.133993,1.080425,-0.447037,9,intermittent_contact
-1.020232,0.815185,1.272135,-0.512595,-1.730352,0.575936,0.411005,0.082143,6,thermal_cycling
-1.469969,-1.313788,1.726345,-0.634254,-1.516465,-1.004769,0.79413,0.11284,9,intermittent_contact
-1.758588,2.38321,-2.631124,1.038824,0.236271,1.155751,-1.585255,0.030753,1,bearing_degradation
2.006888,6.263664,-1.285339,0.503234,1.480167,1.803549,1.047618,0.078529,11,blockage
-0.516024,1.083653,1.151241,1.280744,10.016722,-0.508693,0.372382,-0.345865,6,thermal_cycling
0.674888,1.217751,0.356485,1.719328,-0.705516,-1.837975,0.714628,-0.771834,2,shaft_imbalance
1.303265,0.416984,-0.901749,0.891297,-0.1914,0.506505,-0.629004,-0.600171,9,intermittent_contact
1.772432,0.942519,-0.58461,-0.131502,-1.288238,-1.474543,-0.385425,1.308531,12,leakage
0.633629,0.616146,-0.515364,0.551044,0.824184,-2.226954,0.304422,2.081051,7,electrical_fault
-0.60804,-0.519681,-3.168512,0.548914,0.604658,-0.445274,0.057358,1.052136,10,cavitation
4.483955,1.746443,-0.809753,1.714322,-0.31463,-1.506086,0.662458,0.111045,3,gear_tooth_crack
-3.981154,1.592914,0.585141,0.466037,0.549828,0.133475,0.762115,-0.127904,10,cavitation
0.73152,1.08542,-1.102427,0.439909,-0.000711,0.737582,-0.65142,-0.336295,7,electrical_fault
-1.550543,-1.149157,1.611998,1.949242,-0.422683,-0.666016,-0.550817,1.658897,1,bearing_degradation
0.832003,0.054534,-0.617633,-1.366632,0.818191,0.660678,1.428431,1.764241,2,shaft_imbalance
0.387703,0.193736,0.26457,-1.428617,0.390476,-0.786328,0.394417,-0.73519,8,sensor_drift
-1.049396,0.046101,-0.350865,-0.261935,0.093961,-0.069358,0.07222,-0.397184,7,electrical_fault
-1.034483,-1.659445,-0.143193,-0.689222,1.007455,-0.358552,0.775682,0.485774,4,misalignment
-2.148325,1.647118,0.149647,0.3693,0.30417,0.913356,-0.079741,-1.481568,7,electrical_fault
0.583797,-1.612858,0.084372,-1.508708,-1.844053,-0.584172,2.810686,0.788346,5,thermal_runaway
-0.331431,-0.581123,-0.701897,1.221758,0.0,-1.58729,0.58587,-0.954633,9,intermittent_contact
-1.520897,-0.086909,-0.317849,0.342691,-1.4125,-0.286113,0.545034,-0.066022,2,shaft_imbalance
-1.186131,0.893365,-1.187547,-0.371894,-0.894712,0.476764,-0.211909,-1.110635,10,cavitation
-0.97264,-1.216191,0.067488,0.627146,-0.100455,-1.093131,-0.100981,-0.725179,5,thermal_runaway
-2.587136,-1.73541,-0.263604,1.356044,1.887761,-0.414497,-0.170647,-0.836866,3,gear_tooth_crack
-1.38239,-1.468418,1.073066,1.541829,-0.932363,-1.194394,-0.157277,2.155288,2,shaft_imbalance
-1.933289,1.235773,-0.199662,2.936655,-0.739404,2.105275,0.748367,-1.028264,2,shaft_imbalance
1.418915,-0.589848,1.29711,0.406998,-0.822156,0.355258,-0.171981,0.102452,8,sensor_drift
-0.609868,-0.436719,0.624018,1.687183,0.374201,-0.026722,-0.018764,1.137965,8,sensor_drift
0.511222,0.391265,-1.786708,-0.122685,0.995701,1.059224,1.025837,0.038913,0,normal
1.876594,0.369518,-0.41696,-0.626435,0.047366,0.552875,-0.244711,-1.470257,5,thermal_runaway
-1.16593,0.80239,0.418467,-1.118917,-0.224015,0.931441,-1.259033,-1.07095,2,shaft_imbalance
0.383245,-0.474866,0.730092,0.629117,1.201822,0.710139,-0.213947,-1.69053,5,thermal_runaway
-0.258051,1.268778,-0.667244,0.054978,-0.370895,2.325543,-0.6628,0.744946,7,electrical_fault
-0.098863,0.403376,0.26754,-0.304868,-0.526853,-0.245501,1.148742,-0.732008,0,normal
1.314288,0.030462,0.53564,-1.548343,0.096555,-0.907537,1.277163,0.783331,2,shaft_imbalance
1.081323,2.454926,-0.011809,-0.638766,1.350991,0.713069,-0.982455,-1.033636,1,bearing_degradation
-1.561203,0.542858,1.024513,-0.78318,-1.136923,-2.156023,-0.266414,-0.581594,0,normal
0.013095,-0.824956,-1.6781,-0.147996,2.333413,0.88837,-0.479689,0.350909,12,leakage
-0.036691,-0.519672,-1.06441,0.074292,1.067483,0.128466,-0.60982,-0.123146,2,shaft_imbalance
-1.957855,0.562303,2.893529,-0.982516,1.804104,-0.714831,0.683978,1.255634,10,cavitation
0.401657,1.861134,-1.559971,1.534724,1.67089,-0.446151,0.752004,0.967535,12,leakage
-0.232851,1.915435,-0.906937,0.004308,0.014886,0.402441,-0.429473,0.314746,0,normal
-0.224666,-1.328534,0.15936,-0.30276,0.23458,-1.313191,0.701732,1.697614,5,thermal_runaway
-1.684375,-0.275289,-4.570436,-5.58222,-0.730466,-0.279928,-0.856115,1.629198,1,bearing_degradation
0.292654,0.319786,-2.231266,-0.455976,1.204508,0.079215,-1.417009,2.355821,1,bearing_degradation
1.182422,1.251081,0.295327,-0.115177,-0.696809,1.392136,2.174943,0.046113,10,cavitation
2.282324,2.773311,-0.904772,-1.726936,1.306285,1.121004,-0.105982,-1.396099,1,bearing_degradation
-0.494813,-1.499598,-0.387485,-0.48796,0.45338,2.737101,-1.691463,0.346539,8,sensor_drift
-1.598488,-0.251831,-1.225643,-0.597226,-0.204341,0.32937,-1.651129,-0.343111,12,leakage
-0.159893,0.193725,-2.29424,1.840341,-0.339214,-1.112783,0.364788,-2.808887,10,cavitation
4.611462,3.843145,0.687279,-2.003242,0.802932,0.533851,-0.423009,1.239437,4,misalignment
-0.310258,-1.657652,-2.024638,0.111861,-0.540793,1.492146,0.242883,-0.864655,7,electrical_fault
-1.966954,-1.232782,-1.647504,0.115429,-6.850165,-1.260988,0.81633,-0.563876,6,thermal_cycling
0.333336,0.578954,0.161819,0.296571,0.381048,0.138098,-0.76016,-0.849337,3,gear_tooth_crack
1.522504,0.124324,-0.265361,1.597614,-0.295477,3.653953,-1.326457,-0.079996,8,sensor_drift
1.418465,-0.757081,-1.431959,0.930744,1.382133,1.555992,0.484996,-1.996704,3,gear_tooth_crack
-0.920798,0.077382,0.414979,0.071517,0.346846,1.585054,-0.218389,0.807138,9,intermittent_contact
3.466659,0.431594,-0.716323,-2.349032,0.888469,-0.560627,1.02271,-1.649913,2,shaft_imbalance
3.083821,-0.687324,0.284901,1.197947,-0.103701,1.769374,-1.989419,-1.868792,3,gear_tooth_crack
-0.324283,0.038971,0.614139,-0.028387,2.078547,0.42085,0.780824,-0.03686,7,electrical_fault
0.201416,-0.486467,-0.29553,0.161662,-1.04254,1.693965,0.838147,0.516829,7,electrical_fault
-0.34833,2.73517,-0.865468,0.058845,0.286745,-0.985212,-0.420566,-0.371653,11,blockage
-0.436621,-0.737007,0.882292,-0.698241,-0.461147,1.00197,0.791332,0.968844,8,sensor_drift
1.387443,1.383518,-0.488336,-2.236558,-0.506083,1.188601,0.231629,-0.355646,6,thermal_cycling
0.661889,1.08776,1.968552,0.874353,-1.929386,1.260939,-1.743212,1.35094,12,leakage
-2.357092,0.587184,1.172307,-1.950596,-0.256546,-0.017493,-0.292405,-1.378513,7,electrical_fault
0.394126,1.007242,1.499221,0.201027,0.617287,0.371186,-0.342868,-1.583436,3,gear_tooth_crack
-0.532876,-0.820754,-1.162446,0.99481,-0.765015,-1.369893,0.880149,1.251241,10,cavitation
-0.922396,0.70124,-0.725428,-0.452847,0.042176,-0.286342,-0.429217,-2.342941,9,intermittent_contact
-0.846763,-0.474071,1.305483,-0.473882,-0.328982,0.107106,-0.642429,-0.491549,2,shaft_imbalance
-0.251103,-2.480709,-0.996419,1.232902,-2.777994,-0.347523,-1.180001,0.80457,0,normal
0.85066,4.563093,1.629064,0.52276,0.033396,-0.412518,1.149973,1.192171,10,cavitation
2.085969,1.585762,-0.033813,-1.318434,-0.324931,0.119076,-0.63571,-1.225485,10,cavitation
2.400995,0.62608,1.669334,0.892368,0.459428,-2.13669,-1.221163,0.650323,12,leakage
-0.640337,0.410632,-0.300074,1.280865,0.46728,1.106356,-1.144727,-0.573592,8,sensor_drift
-1.258656,0.302533,-0.208159,1.033101,-0.587939,0.388649,-0.464578,-0.910985,12,leakage
-0.542446,-1.186245,-0.373256,-0.533127,1.259847,-1.355992,-0.561291,0.190523,5,thermal_runaway
0.2008,1.194715,1.886703,0.677325,0.449587,0.740337,0.466589,0.050199,3,gear_tooth_crack
2.381423,2.701223,3.989685,0.88286,0.943109,-0.948344,-0.535221,-0.340036,4,misalignment
-0.906431,0.4599,-0.071167,-1.885762,0.375108,-1.852423,-0.945257,1.351681,0,normal
-0.401378,0.318295,-0.583875,-0.989149,0.351604,0.236993,0.960418,0.831547,2,shaft_imbalance
1.181549,1.124727,1.694937,0.545735,2.679828,3.100647,-1.758103,-2.197139,2,shaft_imbalance
1.268293,0.713132,1.619017,0.345793,-0.203619,0.855557,-1.367161,-1.709885,5,thermal_runaway
-0.043176,-0.939939,-0.43341,-0.833495,-1.715487,1.501668,1.935066,-0.849994,6,thermal_cycling
-0.487057,1.318456,-2.176933,-0.581834,-0.975758,1.536126,0.757613,-1.08335,12,leakage
-1.032397,2.309844,0.326843,-0.732285,0.91593,-0.109145,-0.252881,0.562273,0,normal
1.885562,0.416239,-0.552912,1.598686,-1.070004,1.233155,1.02125,-0.225166,4,misalignment
1.30635,1.732695,1.577561,-2.688389,-0.50604,-1.893224,1.010957,-0.191611,10,cavitation
0.057916,3.698396,-0.238023,0.028723,-0.207268,-0.290856,-1.767965,1.36487,10,cavitation
-1.308488,0.258103,-0.758209,1.319637,0.075505,0.858339,0.262323,1.806301,8,sensor_drift
-0.050932,0.291275,1.560534,0.920598,0.92793,0.349315,-1.070986,-1.406041,8,sensor_drift
2.348947,-1.76634,-0.001253,1.715322,0.071268,0.147794,0.085856,0.155958,3,gear_tooth_crack
1.800991,0.448142,-0.376595,2.492739,-0.427554,-0.571136,-1.774943,1.396092,0,normal
2.270823,-2.29102,2.853428,-1.130355,0.168206,0.854385,-0.98698,-0.546324,1,bearing_degradation
0.326029,0.402843,0.683112,0.640299,-0.055678,-0.086795,-0.66431,2.227207,11,blockage
2.750522,2.523629,2.063567,1.37401,-0.450439,0.126281,-0.660677,0.143301,1,bearing_degradation
-0.892673,3.070851,-0.66735,-0.606969,0.623889,-0.454458,-1.078885,-0.687538,11,blockage
0.072486,-0.058015,-1.592714,2.163476,1.054956,0.140541,3.241259,1.054534,1,bearing_degradation
-0.433627,-2.085028,0.389038,-0.380038,-2.099206,0.839568,1.435006,1.490124,0,normal
2.467236,-0.722574,-0.398991,-1.678431,-0.450824,-1.766,-1.571398,-0.078384,3,gear_tooth_crack
0.1204,-1.506301,-2.059238,-1.849084,12.149158,-0.307942,0.546233,-0.197653,6,thermal_cycling
-0.610078,-0.468986,-0.15652,0.09134,0.601644,1.017883,-1.499589,1.407951,8,sensor_drift
-0.746634,-3.165501,1.384951,1.643802,0.648758,-0.873882,-1.263488,-1.564502,9,intermittent_contact
0.284258,-0.155423,-1.032085,-0.368698,0.922866,4.345134,1.95416,0.526795,8,sensor_drift
0.055359,-1.080173,-0.637978,0.375124,-0.638372,0.198002,-0.890515,0.465061,5,thermal_runaway
2.626485,1.35017,0.718348,-0.085607,-1.938753,-1.322286,1.282793,-0.789756,0,normal
2.776278,-0.810296,0.451246,1.479063,-0.457114,1.270551,-1.673733,0.594512,10,cavitation
0.053181,-0.718433,-1.216688,-0.513893,0.521237,3.531764,1.171162,-0.136022,8,sensor_drift
-1.074417,-3.194627,-1.766704,-0.094108,-0.775161,0.179811,-1.144805,-0.426425,4,misalignment
1.824003,0.832339,0.921137,0.716602,-1.326587,0.589855,-1.889356,-0.091129,10,cavitation
1.357936,-0.771504,-0.439645,-0.752141,1.555493,-1.90864,1.285593,-0.377198,5,thermal_runaway
0.59245,-0.372195,-0.025022,0.385438,1.51896,-0.251102,-0.63232,-1.653944,11,blockage
0.504801,2.983267,-0.555639,-0.020423,-0.87796,0.619323,1.346475,0.192446,11,blockage
-0.816412,-1.158683,0.821789,1.201136,-0.254574,-0.017637,-1.126331,0.071021,3,gear_tooth_crack
3.743166,1.722058,-1.07797,1.296897,-0.212484,1.513885,0.864458,-0.48982,5,thermal_runaway
3.240822,2.838009,2.674728,1.119131,-0.460858,0.58061,-1.158099,0.85848,4,misalignment
-0.15619,4.956735,-0.58904,-0.383485,0.574459,-0.671608,-0.923315,1.659384,11,blockage
-2.631799,-1.405466,0.021181,-0.20043,0.533322,-0.185163,1.361085,-0.129963,4,misalignment
-2.50014,-5.293861,-1.638789,0.185644,1.259233,-0.198643,0.868665,-0.391173,4,misalignment
0.533719,-0.271553,1.606271,-2.104702,-0.664893,0.447778,-0.052104,0.69959,9,intermittent_contact
0.061705,0.037228,-0.088796,0.003796,1.718795,-2.319611,-2.001546,-0.543171,0,normal
0.487491,0.855641,-1.657738,-0.875182,1.253962,1.770787,-0.08769,-0.175676,12,leakage
-0.493277,-0.399677,-1.690169,-1.579156,-1.722659,1.084337,-1.561402,1.949962,2,shaft_imbalance
2.218328,1.127529,2.138237,-0.061199,-1.661459,-0.706137,-0.604137,-0.953025,5,thermal_runaway
-0.959746,0.404368,1.323728,-1.181363,0.125914,-0.720644,-1.027595,-0.908727,10,cavitation
-0.85479,-0.545747,0.038827,-1.036189,0.149308,1.135765,0.27389,-0.067323,9,intermittent_contact
-5.523887,-4.027615,-0.833716,0.154318,0.103383,-0.294576,1.166072,-1.091331,4,misalignment
-0.578452,4.482907,0.666068,-0.556981,1.026112,-1.36618,-0.021415,-0.625805,11,blockage
0.290836,1.13091,-0.068984,-0.353173,0.786269,1.291485,-1.550665,1.092743,11,blockage
0.241325,-0.249705,-0.53433,-1.457967,7.206712,0.994935,1.513691,-1.081037,6,thermal_cycling
0.345673,0.168673,0.423687,0.568176,0.752542,1.014671,0.113812,-0.633843,10,cavitation
2.394731,0.601373,0.205499,1.34361,0.015337,2.041176,0.023577,1.413567,5,thermal_runaway
-1.674994,-0.699922,-0.445962,3.055169,0.47993,0.52308,-0.369375,0.020283,10,cavitation
1.794855,0.301626,0.13665,-0.406542,0.677937,0.083472,0.931516,1.649901,5,thermal_runaway
-0.658316,-0.57313,-0.545372,-1.328354,-0.394906,-0.279809,0.435248,-0.547677,12,leakage
0.498475,5.723716,0.922851,-2.58155,2.23873,-0.858898,-0.883344,-0.542872,11,blockage
0.323851,0.682138,-0.182019,0.064773,0.187316,-0.337426,-2.025827,0.527183,2,shaft_imbalance
0.787868,-1.068639,1.182166,-0.25022,0.80891,-0.196116,-0.523843,-0.687485,9,intermittent_contact
-1.076268,0.33375,-0.257464,-0.632008,0.020371,-1.086117,-0.889869,1.015394,6,thermal_cycling
-0.279952,-0.242379,-1.416268,1.079518,1.285115,-0.143441,-0.759548,-0.234003,12,leakage
-0.552348,1.243342,-0.792954,-0.409738,-0.239572,0.355653,-0.193458,-1.316971,3,gear_tooth_crack
-0.161818,1.176543,-0.538678,0.459278,-0.162675,-0.734921,0.960541,0.155751,12,leakage
0.477529,-1.162429,-0.712102,1.370541,-0.48403,2.24292,-0.00192,0.408036,0,normal
0.133631,-2.239371,-4.649498,-2.487296,-0.514877,-0.561618,-0.698639,1.896848,4,misalignment
-0.646953,1.132332,-0.102982,1.097535,-1.69269,0.322766,0.596079,-0.137883,7,electrical_fault
-0.95463,1.288818,0.438351,1.314959,-1.061476,0.398778,-0.895095,0.247667,5,thermal_runaway
1.572819,7.592258,0.683464,0.114203,-1.874088,-0.864768,1.085727,-0.855811,11,blockage
-0.748651,0.730158,-0.428476,0.289125,6.471729,-0.494305,0.186372,1.600046,6,thermal_cycling
-0.503914,0.788146,-1.312517,-0.986985,0.45336,1.692478,0.466327,0.015426,12,leakage
0.258078,6.032733,1.961239,1.724446,-0.372777,-1.038462,-1.673578,0.024407,11,blockage
1.913797,0.558627,-0.610436,-1.471401,-0.067847,1.486188,-0.38052,-0.369956,4,misalignment
-1.257974,-1.003593,0.687972,1.421627,0.734003,-0.166935,1.676675,-0.443654,7,electrical_fault
-1.140503,7.294036,-1.130723,-0.370696,0.877725,1.903673,1.448789,0.125879,11,blockage
0.640661,-1.353843,-1.33797,-5.37868,0.074981,1.425541,0.812096,-0.987518,1,bearing_degradation
0.159754,0.214987,-2.077408,-0.143143,0.889873,-0.342768,-0.986342,1.155647,8,sensor_drift
0.383649,0.599357,2.959127,0.760872,0.964648,-0.759587,0.14354,0.877286,10,cavitation
1.417475,0.03408,0.188917,1.329817,1.896801,-0.017709,-0.512086,-0.462514,9,intermittent_contact
2.394127,0.699852,1.173923,0.902477,-2.325762,-0.131694,0.447874,-2.088888,9,intermittent_contact
1.091569,-1.108436,-0.831512,0.765819,-0.634283,0.699587,1.677322,-1.455383,5,thermal_runaway
-1.234637,-0.908555,1.532818,-1.0361,-0.80154,1.398281,-0.441764,0.088634,8,sensor_drift
0.125029,1.181551,2.777203,0.036242,0.666439,-1.909137,0.829043,-1.456582,2,shaft_imbalance
-0.822863,0.129124,0.639464,-0.806167,4.923673,0.105215,-1.382603,0.17456,6,thermal_cycling
-0.22847,-0.057998,0.121945,-0.013426,0.323847,0.964635,-1.469527,-0.890123,10,cavitation
0.249567,0.927171,-0.810675,-1.543402,0.586582,0.195818,-1.711539,1.90054,1,bearing_degradation
-1.87557,0.275856,-0.04674,-0.097512,-2.331201,0.706385,-0.291287,2.568361,12,leakage
-0.360535,-1.515574,0.654066,-1.339578,1.540693,-0.682692,0.800703,0.702204,7,electrical_fault
-0.861652,3.1327,1.37261,-0.077377,-0.203311,0.647291,-1.473317,0.652688,11,blockage
0.811083,-1.460181,0.8689,-0.40658,-0.003975,1.022227,1.029094,0.129153,6,thermal_cycling
-0.37368,1.43504,0.142432,1.013368,0.010209,-0.209489,-1.247509,0.349684,2,shaft_imbalance
1.455149,1.487736,0.230534,-0.822771,1.492185,-0.341336,1.404428,-2.090539,5,thermal_runaway
0.737183,5.162471,1.65578,1.180258,0.502038,0.888843,0.364759,-0.280628,10,cavitation
0.8962,0.941702,0.489095,0.967925,-1.576603,-0.107567,-1.414916,-0.35833,3,gear_tooth_crack
-1.468141,0.461234,-1.126195,0.686427,1.338654,3.345725,1.211346,0.258938,8,sensor_drift
-0.230906,0.750776,2.195113,-5.505844,-0.708008,0.435496,1.233851,1.359073,10,cavitation
-0.248851,-3.698629,-0.862075,-0.825585,-0.523429,1.689623,-1.025296,0.702968,10,cavitation
0.645446,-1.359362,0.362298,-0.363813,2.241838,-2.240704,-0.388334,-0.003689,1,bearing_degradation
-1.63353,-0.994889,-0.820328,0.328047,-0.261192,-1.25851,1.786138,0.662859,10,cavitation
0.5409,-0.272198,5.109866,1.238812,0.612683,0.637868,0.004757,-1.681479,10,cavitation
0.822684,2.322276,0.668836,0.337299,1.226306,0.804116,-1.262743,1.332651,9,intermittent_contact
-0.385052,-1.390105,-0.449216,-0.124703,0.010957,2.948204,0.590735,-0.711917,8,sensor_drift
-0.246824,0.487991,-1.078957,-1.628042,-0.34817,0.764114,1.687553,0.782128,0,normal
-1.838432,0.005041,2.746714,1.844481,1.843002,0.163671,-0.056508,0.116619,4,misalignment
0.749223,-1.687348,-0.930265,1.516369,-0.2609,0.839923,0.236955,-0.104958,0,normal
-2.280595,1.21062,-1.255804,-0.355791,-0.128971,-0.470451,0.46458,-0.74097,7,electrical_fault
-1.201831,-1.552012,0.732242,-0.763831,-0.565748,0.876629,0.624222,-1.227311,10,cavitation
-1.447569,-1.888082,-0.656676,0.245266,-0.563178,0.278747,-0.608503,-0.761957,10,cavitation
3.871938,-0.264239,0.945571,1.412047,-1.046611,2.057882,-0.601477,-0.535281,5,thermal_runaway
-0.172863,1.613455,0.629644,-0.375501,0.0,0.627361,-0.842061,1.257175,9,intermittent_contact
-0.337549,-0.049711,0.643234,-0.8922,0.502395,2.497821,0.183121,0.035718,5,thermal_runaway
0.186647,0.341804,0.051197,-3.010874,0.67883,-0.91205,0.685723,1.700685,5,thermal_runaway
1.089217,1.327686,-0.069138,1.353586,0.092127,-0.837398,-0.5944,-1.480537,0,normal
-1.501225,-0.184195,0.119969,2.472029,-0.120026,0.046601,-0.404333,0.618806,7,electrical_fault
1.182076,-0.965565,1.006245,1.458389,0.71321,-0.337265,-1.942977,-1.322489,2,shaft_imbalance
-0.499254,0.336032,0.565016,1.717122,-0.668375,0.904919,1.162463,0.704648,1,bearing_degradation
0.38592,-0.497722,-0.833362,-1.383596,0.337759,-0.585687,1.313019,-0.908124,12,leakage
2.268337,0.711082,-0.738204,1.063532,-1.409117,-0.412626,0.918932,-0.6995,5,thermal_runaway
0.549378,0.992469,-0.144418,0.146811,-0.270242,-0.693951,-0.542891,-0.200168,2,shaft_imbalance
0.248412,-1.158353,-0.606724,-1.045252,-0.276619,1.345035,0.581028,-1.432589,5,thermal_runaway
1.945384,1.065837,0.044499,-0.096483,-0.352369,4.911181,0.215657,0.06246,8,sensor_drift
0.7544,1.359534,-2.028658,1.086295,-0.254866,-1.809003,0.469396,0.909387,5,thermal_runaway
0.761284,1.630181,1.066086,-0.15185,-0.417142,0.420942,1.397031,-0.102903,2,shaft_imbalance
0.254525,0.115224,-0.210624,-0.310298,0.704313,0.726252,1.347038,1.293753,5,thermal_runaway
0.968013,0.794775,-0.01322,-1.315653,-2.833737,-0.532771,-0.571419,0.155821,6,thermal_cycling
1.358516,-0.451764,0.448489,-0.122527,1.992242,-0.610044,0.916254,-0.086405,7,electrical_fault
-0.395612,-1.858758,0.514674,0.576925,-0.439417,-1.120426,2.400304,-1.229383,12,leakage
-0.228303,-0.271684,0.318768,2.145468,0.644493,0.859861,-0.305171,-1.313274,9,intermittent_contact
1.721423,-0.351906,-0.869329,-2.677773,-0.406234,1.765653,-0.827851,-0.209921,3,gear_tooth_crack
0.735319,1.947014,-2.022316,0.2675,-2.985823,0.545242,-1.003479,-1.421729,1,bearing_degradation
0.438685,-0.362077,-0.357114,0.496632,-0.868261,-0.575549,0.015298,1.240373,9,intermittent_contact
0.650808,-1.026975,-0.582514,0.24204,-0.66742,4.526615,-2.608413,0.839246,8,sensor_drift
0.880076,-0.350165,1.072163,-1.003542,0.05881,-0.25887,2.638276,-0.389785,12,leakage
6.178826,-0.020489,-3.524175,3.524226,0.765696,1.132316,0.583525,0.653683,1,bearing_degradation
1.822238,2.797016,0.475076,-1.36442,0.434678,1.596034,-0.187088,1.043109,3,gear_tooth_crack
-0.408899,0.04118,1.142589,0.020037,-1.199117,0.543877,-0.48499,1.887924,0,normal
7.884733,-5.019844,-2.543378,-1.616415,0.267618,-0.189744,-0.18476,-0.234932,1,bearing_degradation
-0.350914,-0.298001,0.587804,-0.480022,-1.988901,-1.291536,-1.343471,0.275318,5,thermal_runaway
-1.38833,0.48301,0.096055,-0.71391,-0.424842,-0.400321,-0.244918,1.758958,5,thermal_runaway
-2.58686,-4.561928,-0.890354,-0.481187,1.062637,-0.018415,-0.277219,1.363191,4,misalignment
-0.778311,0.2,0.549026,-0.181636,-0.495766,2.202585,-0.543523,-1.019374,5,thermal_runaway
0.55971,0.667157,-0.285468,0.420817,-3.305837,0.814321,0.189066,-0.036525,6,thermal_cycling
1.240806,-1.371605,-4.028371,-2.184956,0.993885,0.208666,0.761151,-0.288553,1,bearing_degradation
0.461935,-0.045119,1.743116,0.494908,0.896027,0.608191,0.941047,0.436547,11,blockage
0.501997,-0.940794,0.177079,1.335363,0.386518,-0.359792,0.541411,-1.40648,3,gear_tooth_crack
0.923914,-0.124546,-1.637521,1.306635,-0.477069,0.682616,0.806018,1.242093,2,shaft_imbalance
-0.266397,-0.64906,1.605483,1.048953,-0.760865,0.568444,-0.742679,-1.184685,0,normal
0.324894,6.267963,0.375203,0.10631,1.543538,0.538171,1.138113,0.75634,11,blockage
-1.529538,-0.824961,0.462516,-1.582925,-6.382911,-0.392544,2.903655,0.673737,6,thermal_cycling
-0.241917,0.595871,0.074848,1.163658,-1.584723,0.735963,-0.198899,0.924884,2,shaft_imbalance
-1.559575,-0.66417,-1.079693,-1.441518,1.205519,-1.227554,-0.735073,-0.851609,7,electrical_fault
-0.559856,-1.200046,1.01114,1.837196,-1.494093,1.043261,-0.245851,1.26749,7,electrical_fault
1.310609,0.924724,1.221053,-0.776142,-0.206927,-0.202774,0.546277,0.792413,2,shaft_imbalance
1.317956,-0.218932,1.185139,0.664135,-1.37319,-0.554122,1.079268,-0.562263,9,intermittent_contact
-3.422793,-0.787116,1.660563,2.200269,-2.411273,0.083292,-0.150754,0.86411,4,misalignment
-2.209348,-1.203414,0.715869,-0.408212,-1.227395,-0.378444,0.981311,2.176119,12,leakage
-1.126028,4.200497,-0.658217,0.046651,-0.025294,0.844201,1.12997,-0.829818,1,bearing_degradation
1.890611,5.367612,0.427195,-2.419864,-0.171032,-1.316641,-1.036727,-0.530667,1,bearing_degradation
-0.924529,6.119913,0.264226,2.052458,-0.757857,-0.458878,-1.602619,0.379986,11,blockage
-0.147468,0.628142,0.854607,-1.170026,0.778495,-0.353162,0.60791,-0.261466,6,thermal_cycling
-1.444608,0.478379,-0.758825,-2.043186,-1.405113,1.321533,0.779486,-0.445716,8,sensor_drift
-0.497479,-0.533719,-0.061563,0.614153,1.712094,0.42825,-0.984114,0.666491,9,intermittent_contact
-0.249741,-0.897082,0.864257,1.964265,0.848732,-1.623006,0.754682,0.404207,5,thermal_runaway
0.397175,1.720227,-1.078508,0.178587,0.77978,1.799862,0.577691,0.863956,11,blockage
0.43891,0.127694,0.822855,-1.41185,0.415183,2.051296,0.047721,0.088474,9,intermittent_contact
-1.397786,-0.276716,-1.247919,-1.997181,-0.350051,-0.380957,1.275245,-0.53923,4,misalignment
-1.149159,0.010336,-0.408173,0.394811,-1.214668,0.714114,-1.183759,1.642734,0,normal
0.725446,0.471044,-1.154615,-0.710103,-0.673904,-0.078543,1.810329,-0.095614,2,shaft_imbalance
0.978428,0.446831,-1.885326,-0.910684,0.111019,-0.291944,0.36848,0.374873,5,thermal_runaway
-0.76665,-2.472631,0.679808,2.041556,1.38956,-0.257318,0.008845,0.887706,1,bearing_degradation
0.504445,-0.699022,0.042631,-0.086705,-0.273704,0.790341,-1.532865,-0.517014,0,normal
1.269625,3.193221,-0.827726,0.831128,-1.802712,0.208075,-0.631623,-0.447957,2,shaft_imbalance
-0.572382,2.774468,-2.37306,-9.441805,0.147491,-0.361018,-1.342754,0.671485,1,bearing_degradation
-1.054095,0.036452,-0.508341,1.602905,-1.571437,-1.16134,0.244629,0.521436,3,gear_tooth_crack
-0.906873,3.989234,-0.818132,-0.71712,0.530018,-0.002551,0.004472,-0.049388,11,blockage
1.027194,-0.069795,-0.358148,-0.976284,-6.124163,0.559214,-0.406535,-0.288742,6,thermal_cycling
-0.521139,0.627099,1.440105,-1.048863,0.255278,-0.792862,-0.146654,-0.161613,7,electrical_fault
4.374452,0.606656,0.098441,-0.670448,-0.749137,-0.580594,0.902119,0.560478,3,gear_tooth_crack
0.185772,-0.563015,0.238338,3.671188,1.159216,0.816734,0.317342,0.730274,2,shaft_imbalance
2.589588,4.533086,0.183795,0.944014,0.475466,1.020078,-0.660198,0.396513,11,blockage
-3.108491,-0.098077,9.844533,-0.977829,1.382521,0.766774,1.709899,1.850854,1,bearing_degradation
-0.438128,0.290982,-0.961841,0.352283,-0.770714,-0.474133,0.692126,1.517808,12,leakage
-0.531429,-0.513883,1.111737,-0.782856,0.452771,-1.29224,0.480248,-2.2377,3,gear_tooth_crack
3.392638,-0.917421,1.34127,1.315168,1.852865,-0.787002,-2.560737,-0.446126,1,bearing_degradation
0.403603,2.139861,-0.782246,-1.207337,-1.153015,-0.963332,-1.083896,-1.332146,1,bearing_degradation
-0.358788,-3.088417,-1.146838,-1.114447,0.070979,-0.726977,0.568199,-0.222471,10,cavitation
0.965767,-0.063907,0.036083,0.280715,0.553876,-0.133076,-0.120085,1.379832,1,bearing_degradation
-0.301266,0.699431,-0.501886,0.572175,-0.794685,-0.378238,1.40801,0.766872,8,sensor_drift
-0.385393,2.536944,0.180403,0.89794,-0.194203,0.389453,1.02618,-1.408904,11,blockage
0.159462,1.4483,-1.135396,-0.790914,-0.461234,3.290697,0.507804,0.695017,7,electrical_fault
0.696772,1.31838,0.326394,-1.482746,0.252267,-0.715077,-0.741438,1.869515,4,misalignment
0.361475,0.103164,0.014633,0.23167,0.315572,1.118615,0.476515,-0.177877,3,gear_tooth_crack
1.535273,1.290392,0.029273,2.363284,-1.328904,0.999477,0.171724,-1.207021,10,cavitation
0.225851,-1.032526,0.379403,-0.269592,0.446198,0.109394,0.504284,-0.527013,8,sensor_drift
0.664354,0.932639,0.483982,-0.260828,-2.107689,0.769236,1.221729,0.644558,0,normal
-1.214308,-0.163421,-2.240867,-2.00784,-0.334282,-0.128331,-0.313355,-2.379907,5,thermal_runaway
-0.152144,-0.878964,1.256168,-0.561454,-0.34383,1.049695,1.324775,1.472624,5,thermal_runaway
0.802893,-1.343774,-0.925604,0.476023,-0.629375,-0.928391,0.906719,0.947712,2,shaft_imbalance
2.430095,-0.348835,-0.267691,-1.092398,-1.559166,-1.180074,1.013545,0.741502,9,intermittent_contact
-0.919452,0.497161,0.142426,0.690485,-0.427253,0.15854,0.62559,-0.309347,0,normal
-1.347981,0.512963,-2.666918,0.982251,0.814408,-0.456479,0.915713,-1.092743,9,intermittent_contact
0.094028,2.830554,0.857011,-0.634909,-0.72078,-1.032456,-1.063308,1.064029,11,blockage
2.488916,1.438197,2.38933,0.644815,0.123133,0.070716,0.532083,-2.449042,5,thermal_runaway
-0.639743,-0.903402,-0.590291,-0.100979,-0.097179,-0.209958,-1.028565,0.773159,3,gear_tooth_crack
-0.220275,-0.308514,1.648416,2.10302,-3.931881,1.538165,1.030019,1.202547,6,thermal_cycling
1.512147,-0.184155,1.518483,1.865305,0.918172,-0.148896,1.776663,0.482107,10,cavitation
0.164391,-0.390464,1.847825,-0.174173,1.667888,-1.103741,0.587259,0.3194,0,normal
-0.128168,0.139784,-0.340324,-1.763955,-1.419563,0.580176,0.628661,-0.905973,5,thermal_runaway
-9.275546,-1.039256,0.569052,10.494442,-0.365098,1.972896,-0.156792,1.336049,1,bearing_degradation
-0.542558,0.462212,-1.871218,1.862318,0.602652,-0.1825,0.575547,-1.409819,0,normal
2.108016,-0.600599,0.441879,-0.562766,-8.56384,0.570355,-0.718966,0.20759,6,thermal_cycling
0.308768,0.68259,2.024931,-1.413329,1.076136,1.757245,0.433671,1.904046,8,sensor_drift
-2.415889,-0.344173,-0.505203,-0.633924,1.944762,0.31254,0.474816,-0.692015,1,bearing_degradation
2.361631,-1.618719,-0.704538,-0.522661,5.84287,-0.068327,1.074664,0.299707,6,thermal_cycling
1.237051,-0.050587,1.307916,-1.970015,-0.055453,-0.040095,-0.726994,2.383861,0,normal
-2.024561,1.398778,-1.326845,-0.851535,0.123309,-0.470874,-0.440089,1.975343,1,bearing_degradation
3.23096,1.656641,0.481159,-4.318146,1.609631,-0.559471,-0.447009,-1.222004,1,bearing_degradation
1.087835,-0.734981,-0.24155,-1.469655,-0.092075,3.629014,0.960117,-0.624735,8,sensor_drift
4.511374,-8.795177,-6.746413,6.674296,0.016762,0.995766,0.153798,1.587429,1,bearing_degradation
4.229498,0.924235,1.962065,0.961658,0.440459,-0.324607,1.749005,1.242104,5,thermal_runaway
-0.42632,2.137743,1.867735,0.622486,1.508988,-2.634714,0.195685,-0.234978,4,misalignment
-0.692426,-2.383479,-0.072638,1.107628,-1.942546,0.698801,-0.04944,-1.061735,10,cavitation
1.323533,0.194255,-0.52949,1.082765,-2.159308,-1.453507,-0.232432,1.155959,6,thermal_cycling
-1.608475,-0.133181,0.060307,0.74523,-1.176296,0.339878,0.5697,-0.022059,12,leakage
-2.560742,1.930226,-1.338445,0.495112,0.427416,1.123717,-0.328697,-2.145518,3,gear_tooth_crack
-0.330957,0.524093,0.031192,-0.250235,1.118023,0.001986,0.279785,3.111027,5,thermal_runaway
-0.815617,1.92935,0.193678,0.128005,-0.482605,2.502377,-1.25329,-0.703017,8,sensor_drift
0.161525,1.648112,-0.181231,0.447715,0.545879,-1.036623,0.510708,-1.393835,0,normal
3.87595,-0.517648,-0.278691,1.511827,-0.365056,0.191571,0.441251,-1.033775,3,gear_tooth_crack
0.741829,-0.037163,-0.065167,0.673752,1.543003,0.304992,-0.488834,1.480073,9,intermittent_contact
0.376272,0.046933,1.409791,0.432817,-0.156919,2.173395,-0.035964,0.183833,8,sensor_drift
-3.827635,-3.660571,-0.557313,-0.021217,0.101477,0.664243,-0.335316,0.382628,4,misalignment
1.084336,2.389033,0.000585,0.553802,-0.606235,4.741091,-0.890935,1.839236,8,sensor_drift
-0.586746,1.274836,0.386039,0.407349,0.564147,1.650258,0.214031,0.471734,8,sensor_drift
-1.44109,-1.94592,4.854982,-0.979024,0.13257,0.370988,0.602353,-1.204017,1,bearing_degradation
-1.097172,-0.298985,-0.595767,-2.251912,1.162478,-1.469932,-1.603219,0.947628,9,intermittent_contact
-0.279265,-0.734487,-0.050071,-0.494167,0.0,1.266979,-0.140787,-0.330037,9,intermittent_contact
0.67491,0.409213,-1.566855,0.808666,-0.176288,0.161762,0.764562,0.328242,2,shaft_imbalance
4.752629,1.108009,1.90551,1.372243,-0.132643,0.975299,0.52608,1.038804,5,thermal_runaway
1.168498,0.40022,-0.075616,-0.668102,0.830842,-1.17692,0.242792,0.025516,3,gear_tooth_crack
-0.048832,0.50715,-1.841718,-2.931778,-0.364708,0.008524,0.012046,-0.556348,4,misalignment
-0.822369,-0.992078,0.820968,-0.001918,-2.006452,0.728881,1.529974,-0.160377,8,sensor_drift
0.872912,0.151976,1.468428,0.083262,-0.620507,-1.001702,-0.107799,0.77172,3,gear_tooth_crack
0.116309,-0.870597,-0.183657,-1.83732,-2.357115,-0.970077,-0.532385,-1.757004,9,intermittent_contact
0.609086,-2.797723,0.875533,-0.208616,-1.14191,-0.344523,-0.741073,-1.225106,8,sensor_drift
-1.115978,0.009449,0.115344,-0.409911,-0.122089,0.063253,-1.073315,0.273367,12,leakage
-1.691383,-0.051297,0.239959,-0.37794,-0.829432,-0.746179,-0.293389,0.914383,9,intermittent_contact
1.639437,-0.182861,-0.31466,0.206673,-0.497224,-0.234761,1.032544,-0.647487,12,leakage
0.261366,-1.549099,0.049822,1.314503,-0.182545,0.085487,-1.887926,0.066232,10,cavitation
1.613767,-0.305267,-0.084614,0.84226,0.544067,0.154093,-0.463324,-1.550866,9,intermittent_contact
0.246756,4.48597,-0.340743,1.328642,0.310036,-1.795133,0.566491,2.371184,11,blockage
0.473883,-0.150666,-1.276179,1.59044,0.119568,-0.78096,0.399853,1.033411,12,leakage
0.018747,-0.271743,0.32658,1.08525,-1.029142,-0.933689,0.18558,0.872362,4,misalignment
-0.187399,0.881692,-0.726231,0.404974,-0.93246,0.019471,-0.051412,0.878559,7,electrical_fault
0.583232,0.387858,-1.114532,-1.871018,-0.008315,-1.899379,0.944426,-1.081335,7,electrical_fault
0.063414,-2.110811,-0.528902,0.243256,0.869542,-0.151749,-0.607968,-0.68802,9,intermittent_contact
-0.38383,-0.178284,-1.592671,-0.854115,-1.426357,0.340275,-0.853486,1.00994,8,sensor_drift
0.239828,-0.945628,0.572264,0.244664,0.409505,-0.377461,-1.708751,-1.6866,12,leakage
1.616416,-1.801609,-1.667758,0.231326,7.811084,-0.518801,0.272651,0.255909,6,thermal_cycling
2.234432,-0.948461,0.419225,-0.250034,0.256252,1.024387,0.902415,0.908393,5,thermal_runaway
-1.326517,-2.933129,2.904482,4.857896,-2.834245,-0.956944,0.005541,-1.08557,1,bearing_degradation
-0.735263,0.549713,-1.476102,0.431017,-0.634266,0.030388,-0.166844,-0.499221,9,intermittent_contact
0.648196,-0.021131,-1.698158,1.018474,0.605194,0.389589,-0.981266,1.959137,5,thermal_runaway
1.931667,-0.674024,0.200904,1.279163,1.58434,0.469821,-0.694506,-0.782811,5,thermal_runaway
1.338486,0.80847,1.075404,0.063317,1.495078,-1.741182,2.022239,2.151759,3,gear_tooth_crack
-0.806024,-0.60992,-0.455668,0.698781,0.057912,1.004303,0.371917,-1.673,7,electrical_fault
-0.115951,0.341386,0.079442,-0.314582,-0.181607,-0.003599,-1.781079,1.024431,9,intermittent_contact
1.960233,3.907027,-1.089371,1.082714,0.349519,0.695376,-0.785285,-0.284408,11,blockage
0.129857,-1.487541,0.128851,-0.336311,10.17226,0.836696,1.103323,0.206262,6,thermal_cycling
-0.656585,0.938849,-1.235125,-0.808131,-1.834116,-0.063244,0.682429,-0.914786,12,leakage
-1.691914,3.564621,0.562744,-0.524046,0.27864,-1.431339,-0.794872,1.74333,2,shaft_imbalance
0.343176,0.21797,1.12688,-0.54669,0.587033,2.446102,-0.040954,-0.00218,6,thermal_cycling
0.832051,-0.444612,0.406677,0.198432,0.078429,1.041798,-1.803253,0.097511,7,electrical_fault
-1.492056,0.949374,0.11872,-1.018327,1.952066,1.848698,-2.073871,0.176784,3,gear_tooth_crack
0.694677,0.886546,0.053318,1.676275,0.288439,-0.6601,0.855141,0.922598,5,thermal_runaway
-2.092943,0.83186,-0.711729,-1.562596,-1.746455,-1.538769,-2.269337,-1.02507,10,cavitation
0.25099,1.781333,0.356272,0.259709,1.042447,-2.089953,-2.206924,-1.547706,11,blockage
0.724283,0.063002,-1.891946,-1.958591,-0.012319,-0.220967,-0.10342,-0.027982,0,normal
-0.287879,1.166709,0.372746,1.17059,0.283139,-0.018477,0.680717,0.261285,12,leakage
0.081918,3.273661,-1.649965,1.219873,-0.600457,-0.532531,-0.735009,0.17589,11,blockage
-0.045079,-0.08405,1.127544,-1.65102,-1.7549,0.856573,0.458983,-0.115874,2,shaft_imbalance
-2.318521,0.923556,0.060043,2.37517,1.19917,1.205541,-1.036994,0.482635,1,bearing_degradation
4.332149,0.21399,-0.163811,-2.121708,0.800965,0.038697,0.055886,-0.323764,4,misalignment
-0.035048,4.775244,-1.839847,0.026562,0.599395,0.425158,-0.500959,-1.780084,11,blockage
0.084621,0.280951,-1.190136,-1.991585,0.171114,0.425715,0.402365,0.012361,1,bearing_degradation
0.210549,0.87807,3.2066,3.382482,1.081509,-0.068135,-0.291098,0.390896,4,misalignment
3.456771,1.48234,0.259124,-0.837753,1.623922,-0.228614,-0.801841,-0.573674,4,misalignment
5.587907,2.600089,0.211956,-0.739323,2.128279,0.818078,-0.535271,-1.878841,5,thermal_runaway
-1.722162,0.133763,0.527277,0.002452,-4.122179,-0.89873,0.252402,0.169859,6,thermal_cycling
-8.661291,1.892337,2.995356,-4.772233,1.319039,1.387721,0.672987,-0.452869,1,bearing_degradation
-0.251237,-0.068642,-0.059633,0.33267,1.065131,0.301486,0.041425,0.147871,2,shaft_imbalance
-1.386434,0.092752,-1.534149,-1.780013,-1.3047,-0.161796,-0.963611,-1.435442,10,cavitation
1.46447,-0.490111,0.644366,-0.33463,-4.412325,0.901285,1.103005,-0.679319,6,thermal_cycling
0.957615,1.339969,0.315535,0.658572,1.303131,-0.174786,0.083471,0.486728,7,electrical_fault
0.130034,0.85,-0.547342,0.695138,0.231187,0.33688,-0.854628,-0.384708,9,intermittent_contact
-0.075367,2.774648,0.943535,-1.221315,-1.236435,-0.393123,0.919627,-0.597678,11,blockage
-0.52103,-0.805866,-0.111707,1.312777,-1.187715,0.279258,0.301539,-0.964065,12,leakage
-1.776398,-0.653963,0.215303,-1.024529,0.908063,-1.202697,-0.286366,-0.586052,0,normal
0.137605,0.318014,-1.041974,-1.516238,-1.570069,2.083033,-0.827573,0.065173,9,intermittent_contact
0.871583,0.717597,0.361069,0.216173,0.547316,0.763283,-1.352164,0.247303,2,shaft_imbalance
0.048859,0.453021,-0.816841,1.169165,0.740836,-0.503417,-1.011168,-0.373549,9,intermittent_contact
1.616252,1.093237,0.662285,-0.18162,-0.993595,0.187028,1.110676,0.409871,3,gear_tooth_crack
0.522284,1.869969,1.532745,-1.035079,-0.140509,0.850367,0.919711,0.591862,5,thermal_runaway
0.555912,-0.4638,0.465497,-1.010869,1.504507,-0.661069,0.501085,1.065978,0,normal
4.548098,1.862503,2.647625,0.896479,0.518044,0.505061,-0.144559,0.564684,10,cavitation
-0.59415,-1.446058,0.07213,-0.529493,0.232676,0.021852,1.601779,-0.239356,0,normal
-0.973143,-0.286345,1.503325,1.197433,0.704283,-0.009811,0.231253,-0.241306,2,shaft_imbalance
-0.592373,-0.830629,1.7689,0.002657,0.224566,0.546948,-0.892649,-0.438273,9,intermittent_contact
0.327939,-0.471465,0.774988,0.880932,-0.359662,0.330307,1.180527,1.890459,1,bearing_degradation
-0.288719,-0.047987,-0.437748,-2.149433,0.363075,0.28865,0.48665,-1.062317,10,cavitation
-1.534373,-0.648136,1.056661,0.819773,1.34353,-0.059242,-1.318291,-1.107842,7,electrical_fault
1.113039,-0.355998,-0.289319,0.206736,0.598671,1.094548,-1.340591,0.437443,3,gear_tooth_crack
-0.741685,-1.7921,-1.809937,-0.05844,-0.53511,1.437237,-1.472684,-0.590465,4,misalignment
1.559438,2.087307,0.33953,0.216988,0.774565,-1.149142,-1.126973,-1.299312,2,shaft_imbalance
-0.874928,-0.520872,0.285505,-1.475654,-0.237453,2.050877,1.828986,0.897216,9,intermittent_contact
-1.211806,-1.717277,-1.102076,-0.20662,-0.092384,-0.284189,-1.479861,-0.211817,12,leakage
-0.616193,-1.194365,-1.064473,-1.828395,0.729829,1.808915,1.425329,-1.626084,0,normal
-0.054033,-1.309175,0.8535,-0.318423,1.160387,-1.029615,-0.206585,-2.31376,12,leakage
-0.027134,1.408626,-0.427377,-0.905067,-0.009435,-0.381554,-0.571823,-0.180465,9,intermittent_contact
-0.877816,-0.380494,-1.359235,-1.641384,0.101002,1.096504,0.977971,0.024855,12,leakage
-1.833828,0.094723,-0.407899,0.659089,0.061142,0.022256,-0.105987,1.562299,7,electrical_fault
1.621851,-1.839669,-0.356402,0.35351,1.283845,-1.889853,-1.315664,-1.947305,1,bearing_degradation
0.329849,-0.40008,0.224618,0.132352,0.3868,0.499483,-0.343901,0.183969,2,shaft_imbalance
0.469988,-0.69111,-0.522246,-0.710872,-1.154215,-1.295352,1.029251,-1.265686,12,leakage
0.438981,0.60072,-2.527029,3.157756,1.132475,-0.197864,-0.718478,0.987306,3,gear_tooth_crack
0.786239,-0.12776,0.587258,-1.12881,-1.656431,4.335904,0.774751,-0.711045,8,sensor_drift
0.208046,0.376225,-0.806609,-0.154258,-0.093999,-2.21528,-0.219594,-0.157318,1,bearing_degradation
0.236672,-0.730278,0.9939,0.534456,1.581309,0.846761,-0.349532,1.305488,5,thermal_runaway
-1.106968,1.406979,-1.111728,-0.182744,0.389086,0.607142,-0.455399,-0.764248,2,shaft_imbalance
-0.862951,1.992832,-1.929285,0.577851,0.366763,0.642943,-0.70837,1.169197,3,gear_tooth_crack
1.001754,-0.285032,0.988546,0.07579,-1.357339,0.026354,-0.898452,-1.222885,7,electrical_fault
-0.651966,0.359869,-1.098164,-0.110688,0.042741,-0.922537,0.559106,-0.155755,7,electrical_fault
1.643608,0.781746,-0.056282,1.205768,0.04731,-0.26555,-0.609771,0.09776,12,leakage
-0.975653,-0.544714,0.367029,-1.771589,0.0,0.019651,0.433216,0.219184,9,intermittent_contact
-1.11399,1.548835,0.00956,0.133183,-0.625345,-0.002183,-0.429161,-0.734616,10,cavitation
0.561182,-0.566435,0.00312,-0.604333,-0.128542,-0.066225,-0.632377,0.821254,9,intermittent_contact
-1.001805,0.577209,0.16175,-0.791561,-2.119041,0.232775,-0.59082,0.019624,6,thermal_cycling
1.530056,-1.610723,-0.937621,0.176804,-0.371124,-0.035711,0.33403,-0.489487,5,thermal_runaway
-1.598319,-0.692195,0.559216,-0.442713,-0.858695,-0.902183,0.091678,-1.533828,7,electrical_fault
0.154369,1.224509,-0.427677,0.850198,1.442878,1.381604,-0.188135,-0.972662,7,electrical_fault
-0.754323,-2.111284,1.890578,-0.876288,-0.803948,-1.941708,0.866429,-0.090865,5,thermal_runaway
-1.34449,-0.730372,0.242277,0.084391,1.858178,0.483082,1.909167,0.715139,3,gear_tooth_crack
-0.726144,0.369706,0.668418,-0.669681,0.051832,-0.623603,-0.526507,-1.124929,0,normal
0.917055,-2.754211,-2.721719,-0.706182,1.279842,0.208559,0.384296,-1.016991,4,misalignment
0.334457,-0.928244,-1.356087,0.963871,-0.258796,1.727363,-1.016425,-1.558583,5,thermal_runaway
-0.243931,-0.677392,-0.542452,-0.997478,1.290006,-0.642396,-0.200568,-0.476521,12,leakage
0.40295,0.551767,0.330296,0.95988,1.30426,-0.286713,0.819469,-1.296188,5,thermal_runaway
-0.04092,-0.997333,-0.018159,1.116809,-0.007054,-2.50559,-1.0468,0.581088,7,electrical_fault
0.067385,0.569497,-2.23789,-0.326275,-4.276938,-0.640362,1.235,-1.316755,6,thermal_cycling
3.251554,-0.013773,-0.8609,-0.296114,0.963182,0.579817,-0.882594,-0.263829,3,gear_tooth_crack
0.73637,0.770022,-0.397011,-1.163996,0.536035,0.063515,-1.51655,0.254521,3,gear_tooth_crack
0.414583,1.135039,0.252549,0.649724,-0.521764,2.496544,-0.517402,-1.124541,8,sensor_drift
0.097383,0.934015,-0.493695,-0.328508,16.327321,-0.994351,-0.236144,0.343216,6,thermal_cycling
0.020932,-0.882035,-0.793924,1.296978,-0.278754,0.614471,-0.009984,-1.754547,9,intermittent_contact
-1.790025,1.376647,-0.241279,0.001849,-0.810134,1.444429,1.531422,-0.228994,12,leakage
-1.10478,-0.475401,-0.863308,-1.193991,0.162722,-0.468822,0.748602,-0.360357,9,intermittent_contact
-0.541404,-0.02728,-0.868278,0.01209,-0.365032,-0.560077,-1.948591,0.947466,8,sensor_drift
-1.116704,4.720453,0.576284,0.098197,1.378641,0.929134,-0.58763,-0.023475,11,blockage
0.152469,-0.536123,2.327907,-0.863907,-0.99709,-2.256624,-0.8401,0.652148,12,leakage
0.491583,0.41862,-1.002395,-0.197107,1.095154,-0.730712,0.031178,-0.017849,1,bearing_degradation
-0.931813,-0.031127,2.128029,-2.812049,0.369959,0.579799,-0.054216,0.67149,4,misalignment
-0.038684,1.069126,2.188205,-0.109837,3.720358,-0.802427,1.031921,-0.517485,6,thermal_cycling
-0.446344,-0.294907,0.889383,1.040266,1.02463,0.575406,1.383905,-0.931614,10,cavitation
-2.253056,1.826405,-0.333358,0.252473,-1.225216,-1.271344,-0.712944,0.642898,5,thermal_runaway
0.576545,3.48503,-1.099503,-1.107559,-0.63124,-0.189693,-1.524024,-0.726921,11,blockage
-0.095337,1.255689,3.760925,0.622039,2.285676,-0.176642,0.149842,1.542905,4,misalignment
-1.643113,0.482914,0.270117,-0.051226,0.066568,1.285774,1.038589,0.896913,5,thermal_runaway
1.604953,2.864224,-0.617129,-1.460714,0.099234,0.043788,-0.54713,-0.74121,10,cavitation
-1.16953,0.637418,1.111125,-0.350182,-0.211534,0.695983,0.724418,0.429058,7,electrical_fault
-1.379275,-1.515541,-1.373704,-0.574899,-1.208742,0.185708,-0.246448,2.221992,2,shaft_imbalance
0.201509,0.980238,-0.134895,-0.053196,0.19505,-0.440012,0.665774,1.027832,2,shaft_imbalance
0.22308,1.433215,0.09152,0.580777,-0.056783,-0.170408,-0.779482,0.430301,0,normal
-0.804216,-1.710448,-0.092183,-1.158001,-1.483549,0.185963,0.969244,0.394472,9,intermittent_contact
1.709143,-0.882372,-2.105376,-1.64348,-0.548645,0.973385,-0.986158,-0.989524,4,misalignment
-0.446069,0.980191,0.281173,-0.697557,-0.86594,-1.647496,0.290733,-0.354588,0,normal
-0.335013,0.34257,1.611194,0.249889,-0.937691,-1.263439,1.64578,0.513793,3,gear_tooth_crack
-0.370941,-3.413231,-2.14147,1.909596,-0.510913,-0.223982,-2.421178,-0.301913,1,bearing_degradation
-0.167541,1.057292,-0.653109,-2.692987,0.169564,1.703264,0.915276,0.825184,4,misalignment
0.202356,1.680669,0.033464,0.305426,1.841702,2.036428,-1.060765,-0.411493,9,intermittent_contact
-0.475879,0.528091,-0.079545,0.745535,-0.294382,-0.073685,1.63816,1.144071,12,leakage
-0.360759,1.540839,1.177412,-0.496229,-0.105675,0.515656,-0.215961,0.657732,2,shaft_imbalance
-2.913308,-1.448521,0.212832,2.45139,-1.169677,-0.885825,-0.662607,0.366357,10,cavitation
0.122051,1.018926,-0.115414,0.422429,1.651726,-0.246619,-0.766373,0.470372,3,gear_tooth_crack
2.684944,-0.350862,0.355588,2.025806,0.442732,0.051919,-0.408412,0.631025,5,thermal_runaway
-1.845349,-1.07321,-0.253096,-0.594041,-1.622767,-0.358607,0.566971,-0.694659,1,bearing_degradation
0.223299,2.67417,0.315384,-0.450292,-0.430273,0.600877,-1.000549,0.320529,11,blockage
0.190768,-1.18792,0.607146,-0.207773,2.657376,1.433546,-1.735345,-0.461146,6,thermal_cycling
-0.235822,-0.596799,1.18492,-0.001656,-0.150157,0.475323,0.691037,0.035502,2,shaft_imbalance
-2.130242,-0.041819,-0.673388,0.123676,0.346785,-0.256628,-0.704653,-1.989438,2,shaft_imbalance
-0.006416,0.56734,-0.536997,0.511061,-0.306102,-0.264522,-0.309142,-0.193929,11,blockage
3.629647,1.184851,-0.989625,-1.140134,-0.35862,-1.062031,-1.005706,1.574936,3,gear_tooth_crack
0.000169,-1.20588,-0.370879,0.024777,0.23832,0.895645,-2.32384,-0.125869,7,electrical_fault
0.141828,-0.289332,1.528758,0.708066,0.302117,0.69252,-0.705329,2.174772,3,gear_tooth_crack
-0.026313,-1.319663,-0.594955,0.468337,-1.661709,-0.762085,-0.329783,0.109858,9,intermittent_contact
0.061501,-2.167673,1.052822,-0.513851,0.388794,2.209426,0.965299,0.492626,8,sensor_drift
0.671016,-1.644271,-1.343579,1.117326,2.281407,1.289846,0.471572,-0.581859,8,sensor_drift
0.219795,0.43816,1.661543,0.122359,-0.923412,0.130304,0.013273,-1.108736,11,blockage
1.243248,1.617887,-0.426548,-2.916257,1.022857,-0.524451,0.589862,-0.207177,10,cavitation
-2.167543,6.072788,-0.507158,-0.311333,0.244737,2.011113,-2.017272,0.978456,11,blockage
-2.05119,0.693669,1.054991,1.783771,-0.715411,0.616108,1.640848,0.272556,2,shaft_imbalance
1.050595,-0.674281,-1.169551,-0.398214,-1.083232,-0.458311,-0.96957,-0.32703,9,intermittent_contact
-1.517267,-1.054444,-0.345997,1.398812,8.291766,1.0586,-0.623133,0.532618,6,thermal_cycling
2.643027,-0.805308,0.215741,0.310426,-0.529988,1.407603,2.196945,-0.597704,9,intermittent_contact
-0.823338,-1.128743,-1.240631,0.413652,5.827704,0.141775,0.527549,-1.685697,6,thermal_cycling
-1.115293,0.497425,2.11354,0.151389,-0.185398,0.054251,0.131006,-0.205702,10,cavitation
3.566636,2.08439,-1.868802,-3.261934,0.81052,-0.820268,0.766417,0.092834,4,misalignment
1.363749,-1.235696,0.55023,-1.666863,0.424142,0.408142,-0.190276,1.021544,10,cavitation
-0.988965,1.665359,0.493295,-0.074167,1.868833,1.958326,-0.03594,-0.017572,2,shaft_imbalance
0.265439,1.810161,0.412382,-0.374768,-0.188771,-0.0313,2.026643,1.233609,3,gear_tooth_crack
0.525454,0.281373,-0.190041,-1.918014,-0.991192,0.023484,0.539253,1.462755,2,shaft_imbalance
-0.39969,0.160399,0.512632,-0.070479,-0.551961,-1.334497,0.752781,0.642848,10,cavitation
-0.547008,-0.715393,-0.481011,0.920925,2.429982,0.279908,1.553024,2.843273,6,thermal_cycling
0.855497,0.497139,0.035892,1.712551,1.752767,0.904596,-0.543534,-1.192483,5,thermal_runaway
0.743175,1.019065,-0.330246,2.151387,0.352874,1.639553,-0.841104,-0.207049,8,sensor_drift
-0.746616,2.69998,1.192408,0.374571,-0.354147,-0.341092,0.433339,0.09,10,cavitation
-0.703738,-4.743807,1.802092,-2.189282,-0.310907,-0.377236,-0.961565,-0.149936,1,bearing_degradation
0.027605,-0.671178,0.551925,-0.438467,-0.837525,-0.865352,0.321549,0.205815,3,gear_tooth_crack
-1.226516,-0.029988,-0.901531,0.063732,0.999109,0.430275,-1.472825,-0.143026,2,shaft_imbalance
1.304624,1.119765,0.819766,-0.03916,1.22957,-0.052645,0.677968,1.012039,3,gear_tooth_crack
-1.040081,-0.471879,-1.292402,-0.286688,-0.517751,1.673715,0.283019,0.493121,5,thermal_runaway
0.141436,0.286015,-0.166295,0.568323,1.003426,1.34147,-1.017004,1.280674,7,electrical_fault
0.518033,1.964985,0.124781,0.058278,-0.419155,-1.779149,-1.182407,0.786681,11,blockage
2.65693,3.382689,-2.737762,0.473363,-0.669045,-0.079846,-0.060314,2.996239,1,bearing_degradation
-0.284348,1.046255,-1.366057,-1.147146,-0.433872,-0.060212,0.163475,1.274354,10,cavitation
1.351882,0.488366,0.454922,-0.337285,0.640128,-1.332407,-0.138677,0.539884,6,thermal_cycling
1.376029,3.421953,-1.185643,-0.885626,-1.102632,-0.045799,-1.633024,-0.475895,11,blockage
-0.374789,0.722202,-1.477143,-0.171233,-1.659597,-1.055434,0.839201,-0.049905,0,normal
-0.652134,4.616546,0.675473,-0.022312,-0.976007,0.276673,0.6432,0.107002,11,blockage
0.239425,3.493349,-0.485632,-1.306932,-0.437509,1.40702,-0.258016,0.366245,11,blockage
-1.050683,2.367353,-0.934542,-0.702255,0.497372,-1.266419,-1.163501,1.50871,11,blockage
-0.324478,-0.410231,-0.879302,0.100274,-5.216007,1.273665,-0.107502,-0.044531,6,thermal_cycling
-0.576826,0.44271,0.818932,1.760057,0.944446,1.971027,0.540955,-1.586043,12,leakage
2.006244,0.651486,0.341204,-0.74738,-0.649123,-0.708959,-1.283148,-1.50042,1,bearing_degradation
0.571609,-1.795184,0.312973,-0.996421,1.438247,-0.903984,2.548781,-0.951834,4,misalignment
-1.019848,3.011688,1.803656,1.837797,1.350906,0.542107,-0.757642,-1.015694,4,misalignment
-0.401454,0.150054,-1.16112,-0.280806,-0.775393,-0.16313,0.67469,-0.487606,12,leakage
1.435098,2.047459,1.586395,0.925609,0.249431,-1.605379,-0.481409,-0.19698,10,cavitation
4.261965,2.648713,1.275579,1.401336,1.40627,2.113304,2.709077,2.255226,5,thermal_runaway
3.605321,3.431767,1.139706,-1.406166,-0.916831,-0.556888,-1.295128,1.357858,4,misalignment
0.629591,-0.402934,0.281472,1.393325,0.47755,-1.477763,-0.628764,-0.675265,5,thermal_runaway
0.242536,0.589459,-0.477283,1.246981,0.443562,-1.287164,-0.107504,-0.172148,3,gear_tooth_crack
0.739961,-0.844516,-0.875499,0.193134,1.541525,0.726457,-0.037533,-0.98159,7,electrical_fault
0.644691,3.115928,0.463469,-1.169275,-1.858334,1.03872,0.57158,-1.351312,11,blockage
-0.558864,0.227269,1.372898,0.426543,0.957958,-0.333299,0.616925,-0.671344,8,sensor_drift
0.291149,-0.662947,0.042564,0.391857,0.067118,1.987757,-0.49175,-1.442586,12,leakage
-0.428328,-0.352134,0.532309,0.365444,0.412733,0.430821,2.141648,-0.406415,0,normal
-1.075648,1.352155,0.125354,1.05179,-1.099989,-0.405555,-1.376628,0.646328,9,intermittent_contact
0.750034,-0.07756,-0.214756,-0.374783,1.932608,0.560296,0.251955,0.19745,11,blockage
-0.333742,0.854929,-0.206721,1.837992,-0.652776,0.394994,2.18939,1.041955,9,intermittent_contact
0.809378,-0.022319,0.285898,0.054288,4.474766,-0.856301,1.365217,-1.324727,6,thermal_cycling
1.263038,-0.568314,-0.609776,1.037878,0.166216,-0.246999,1.846521,0.577731,3,gear_tooth_crack
-0.762928,-0.271755,2.018112,-0.671524,-0.27719,0.392034,-1.928489,-0.015677,6,thermal_cycling
-1.035078,-0.012085,-0.21069,-1.215891,-1.563478,0.685749,-0.350952,-1.02228,0,normal
-0.074786,-0.160009,-0.45874,0.791148,-1.410237,0.337437,-0.92169,-0.847852,9,intermittent_contact
-0.261229,0.349789,1.034466,0.014452,-0.991137,-0.657943,1.591102,0.629146,10,cavitation
-0.899768,-1.258172,0.332616,0.153343,-2.224559,-0.581159,0.255188,-0.072214,8,sensor_drift
-1.388342,1.20915,0.255705,1.117844,-2.103013,0.056823,-0.716899,0.036147,5,thermal_runaway
1.20904,0.276629,-1.120667,-3.36544,-0.272967,0.516875,0.761009,-1.399186,4,misalignment
0.188131,-0.023577,-1.313558,0.381366,0.716054,-0.542066,1.867896,1.335572,3,gear_tooth_crack
0.236536,-0.105393,-0.152666,1.525947,2.192803,1.252903,0.277409,-1.637267,7,electrical_fault
0.310907,0.590572,-0.074471,0.283184,0.865363,-0.023373,-2.943888,1.67827,2,shaft_imbalance
-0.030897,1.586423,-1.72252,0.609581,-0.032835,0.580211,0.127836,-1.726024,4,misalignment
-0.911062,-0.514607,-0.506182,0.792482,0.145507,0.09279,0.536263,-0.596413,2,shaft_imbalance
-2.411235,-0.641397,-0.132009,-1.160651,-0.382143,1.119916,1.192049,-0.533138,7,electrical_fault
1.370711,-1.407549,-2.444898,-4.387506,-0.160984,-0.282186,-1.726194,0.858915,4,misalignment
0.53354,2.524133,-0.987278,-0.697355,-0.764884,0.482441,1.350933,0.91939,5,thermal_runaway
-0.832271,1.26688,-0.078728,-0.115656,-2.280951,-0.064553,-0.342334,-1.774163,5,thermal_runaway
-1.385956,0.703603,0.592533,1.689779,2.370095,0.156206,1.023403,0.261306,6,thermal_cycling
0.551572,0.626622,-0.070373,-1.20366,-1.419798,2.103695,-0.032924,0.47707,8,sensor_drift
1.270226,-0.458172,-1.79834,-2.104808,0.102704,-1.837641,-0.330989,1.676893,10,cavitation
1.620148,1.268885,7.362788,-2.960035,0.177651,-0.415493,-0.952537,-1.479133,1,bearing_degradation
2.718695,1.366745,1.617696,-2.664855,0.745972,-0.083859,0.454714,1.233423,4,misalignment
-1.551212,-1.171546,0.95799,1.38534,-0.41731,-0.930664,-1.784791,0.94057,7,electrical_fault
-1.325007,0.039325,-1.617179,-0.556764,1.11503,1.854255,0.093529,1.019216,2,shaft_imbalance
0.759572,-1.348496,-1.097498,0.335996,0.209277,-0.524051,0.505931,-0.962263,2,shaft_imbalance
-0.818002,1.154152,-1.618004,-0.24412,1.058327,-0.100664,-1.739175,-0.719065,12,leakage
0.527187,0.211021,0.813841,0.027262,1.146863,3.986311,-0.040558,0.240508,8,sensor_drift
0.624477,-0.725477,0.478054,-0.216155,1.800903,0.787861,-0.803809,-0.302091,9,intermittent_contact
2.806792,-1.379602,2.211692,-1.71849,-1.587401,-1.058116,0.797215,0.661728,3,gear_tooth_crack
-0.12957,-0.014814,-0.720211,0.503062,-0.772884,-0.365614,0.866083,0.645019,6,thermal_cycling
0.821432,0.006415,-2.729224,0.658283,1.165332,0.666804,0.53974,0.406744,12,leakage
-3.033421,0.364378,-0.008677,1.049729,0.959947,-0.510344,-1.899949,-1.596009,12,leakage
-0.499009,1.031273,-0.442204,-0.395461,0.357032,-0.946352,0.630712,-0.377935,12,leakage
-0.078214,1.101979,-1.548974,-1.530727,-0.373832,2.981348,-0.014446,-0.82153,4,misalignment
0.855779,8.776568,-4.415391,-0.490318,-0.380563,0.633072,0.148069,-0.766659,11,blockage
-0.265589,-0.279524,-0.163843,-0.305277,0.486538,-0.394943,-1.410457,-0.267809,7,electrical_fault
-0.134539,0.114706,-0.09611,0.146281,-1.540879,-0.44368,0.419965,2.004499,10,cavitation
-1.404547,7.374869,1.221771,-1.051824,-1.529385,0.814628,-1.349975,1.303584,11,blockage
1.323586,-0.160874,-0.335693,-1.396696,-1.433937,-0.467026,-0.108377,-0.555621,2,shaft_imbalance
0.47859,1.145331,0.957199,0.318785,-0.032975,0.842662,-0.074599,-1.289168,7,electrical_fault
0.468871,-0.174225,0.536876,0.020811,-1.25029,-0.580639,1.993496,1.166825,12,leakage
0.076131,-0.359371,-1.51997,-0.005747,-0.769535,-0.199072,-0.118762,1.844304,2,shaft_imbalance
-0.372265,-1.308016,-1.152103,0.172893,0.118663,0.077098,-1.285526,2.02635,9,intermittent_contact
1.695262,-0.996687,-0.137304,-2.151786,-0.502125,-0.647048,1.281231,1.158223,1,bearing_degradation
0.834934,-0.579849,-1.137299,0.949269,-1.019066,0.800717,1.069083,-0.649768,7,electrical_fault
-0.171087,-0.38459,0.332214,-1.897628,1.498334,-0.574769,0.345792,1.590851,2,shaft_imbalance
-0.538299,-0.037755,-1.581311,0.70419,1.940867,0.721225,1.461799,-0.846102,0,normal
1.959167,-0.712976,0.268571,0.240236,0.085338,-0.434314,0.241326,1.757347,5,thermal_runaway
-0.664519,-0.78477,1.113413,0.403251,-0.135924,0.814562,0.27411,1.4285,7,electrical_fault
0.639474,-1.24758,0.209115,-0.220318,3.495736,-1.193716,0.054326,-0.831253,6,thermal_cycling
-0.307326,1.924718,0.077629,-0.255549,0.274325,-0.988054,-0.162286,-0.422439,10,cavitation
1.048561,-0.36574,-2.587702,0.63667,0.016124,0.357641,0.744826,-0.76697,4,misalignment
0.903041,3.814188,-2.79748,-0.873633,-0.430742,2.129943,0.386454,-1.314594,11,blockage
-0.132206,-0.837557,-0.452042,1.072824,-1.975897,0.25465,2.462219,2.031063,3,gear_tooth_crack
-0.702506,0.108941,-0.032237,-1.958011,0.100505,0.873922,1.408066,1.45294,12,leakage
1.433967,0.358967,2.164245,0.219595,7.170276,-0.019682,0.14263,0.322851,6,thermal_cycling
-0.039706,0.442455,-0.304427,-0.409649,0.092354,-1.920916,0.477035,-0.000563,0,normal
1.836315,-0.276761,2.00347,1.684236,-0.436489,-0.359749,-0.837159,0.78737,2,shaft_imbalance
-0.354565,3.199032,0.729729,0.16931,0.69903,-0.244469,0.447642,-0.06946,11,blockage
0.538115,1.337398,-0.154506,-0.695943,-0.223859,0.242497,0.176573,-1.084388,0,normal
1.187522,-0.384936,0.083748,-0.221071,1.236463,4.897354,-0.058368,0.076603,8,sensor_drift
-0.081422,1.864228,-0.231369,1.349808,-0.68107,0.512545,-0.214747,0.479469,2,shaft_imbalance
-0.974985,-2.159032,2.73251,0.736164,0.065612,-0.626237,-0.26701,-0.357878,2,shaft_imbalance
-1.281288,0.132585,-1.212211,1.375426,0.206646,-0.640064,-1.238141,0.38915,5,thermal_runaway
-0.406134,-1.028504,-0.217144,0.277344,-0.494748,0.553954,-0.582994,0.620372,0,normal
-0.584476,-1.279633,0.678001,0.85658,0.357953,-1.138792,-0.131489,0.285046,9,intermittent_contact
-0.760509,-0.560754,-0.022248,-1.562884,0.22877,0.967466,0.292934,-1.588898,0,normal
-1.160213,-0.785354,0.198814,-1.843541,0.424415,0.88903,1.287273,0.701247,8,sensor_drift
0.444884,-0.385109,0.612317,-0.786478,0.280991,0.120131,1.362319,0.558743,7,electrical_fault
-1.618227,2.446318,-1.594875,-1.04784,-1.040601,-1.49666,1.352594,2.422448,0,normal
0.398357,0.146813,-0.472994,1.188617,1.945041,-1.444209,-1.211323,-1.644758,6,thermal_cycling
0.633385,0.316027,-0.557025,-1.221583,0.024232,0.586929,0.016243,-0.182311,7,electrical_fault
-1.130877,-1.103407,2.484578,0.440548,-1.041616,-0.683416,-0.000725,0.542404,5,thermal_runaway
-0.288965,0.300031,-0.670561,-1.994676,-0.745926,3.415167,0.468463,-0.206389,8,sensor_drift
2.024264,1.007674,1.106723,-1.812791,-1.771384,-0.697116,-1.540939,0.338036,4,misalignment
0.739118,0.15013,-1.034274,-0.969905,-1.317215,-0.311726,1.462317,-0.728445,2,shaft_imbalance
3.77568,0.104537,0.214795,-1.285651,1.607882,0.883824,-1.53119,1.59248,5,thermal_runaway
-1.690634,0.86183,0.773719,0.149363,-1.69671,0.55658,1.824846,-2.296126,12,leakage
0.246127,2.010093,1.450308,-0.653104,-0.471624,1.599148,0.589331,-0.391142,2,shaft_imbalance
1.27266,-0.720393,-1.088156,-0.814401,0.53496,-1.728383,1.104784,1.478562,10,cavitation
2.353351,0.03493,0.351589,0.039212,0.341572,1.092687,1.104226,-1.766608,5,thermal_runaway
1.219752,-1.697281,1.41548,0.520791,0.0,-1.469035,-0.572436,1.025193,9,intermittent_contact
-0.882304,1.674105,0.74781,-0.7864,4.784343,-1.389462,-0.663479,1.32757,6,thermal_cycling
-0.282565,4.340107,-0.934808,1.600599,-0.76477,-1.358564,1.935897,-1.479647,11,blockage
-0.22141,-1.314615,-1.271815,-1.282054,3.186418,0.405624,0.595857,0.011261,6,thermal_cycling
4.484246,-0.696399,-1.394729,0.31131,-1.170378,-0.296136,-1.036866,1.79337,3,gear_tooth_crack
0.24166,1.65857,0.647406,0.969644,-0.674279,-0.06886,0.564571,0.443026,12,leakage
-0.878967,-0.460918,1.103868,1.095573,0.0,0.508287,-0.018335,1.284049,9,intermittent_contact
5.718435,0.320112,2.205678,-0.275999,0.945545,1.20788,0.874047,-0.436842,5,thermal_runaway
-0.907106,-0.413176,0.81655,-0.037296,0.989696,-1.508372,-0.305064,-1.939022,3,gear_tooth_crack
-0.295338,0.855734,0.033461,1.877523,-1.934507,0.409748,0.799926,-0.272898,6,thermal_cycling
-1.225831,0.341447,1.865381,0.014572,0.998653,-0.211718,0.921835,-0.150212,7,electrical_fault
3.320575,2.665548,0.797286,-0.501267,0.659772,-1.240399,0.810404,0.071725,3,gear_tooth_crack
0.172811,-0.03986,-0.711421,-0.769173,-0.460874,0.460276,0.66226,0.797044,3,gear_tooth_crack
-0.05015,2.265151,-0.638148,-1.44812,-0.675897,0.8679,1.870714,1.51061,11,blockage
1.611009,1.893164,-1.722857,0.957028,1.591267,-0.232264,0.473555,1.240733,2,shaft_imbalance
0.119606,-0.479003,0.115055,0.213919,0.074703,-0.895488,-1.550042,0.998129,7,electrical_fault
0.503139,0.240713,-0.231369,0.161517,0.934168,-1.44881,0.066696,-1.305139,7,electrical_fault
1.506559,-2.628159,0.051703,-1.80635,-0.860196,-0.778574,-0.066451,0.377541,7,electrical_fault
0.146762,-0.150493,0.902455,-0.561607,-0.945618,-2.76153,-0.073598,0.881879,6,thermal_cycling
-0.979621,0.549116,1.852266,-2.367179,-1.732963,-1.401936,0.931948,-1.35474,4,misalignment
-0.119897,-0.330793,0.795256,-0.301389,-1.699926,-0.4475,-0.946346,-1.294022,9,intermittent_contact
0.032201,5.032337,1.92093,-1.765945,-1.645801,0.382895,0.231547,0.84967,1,bearing_degradation
0.293016,2.166828,-0.377686,0.168713,0.029131,0.903416,1.704874,-0.588254,11,blockage
-1.674683,-0.486308,-0.053783,1.76793,0.130275,0.98274,-0.499296,-1.184944,0,normal
-0.141137,0.211431,-1.2761,0.811255,0.880552,-0.280014,1.245005,1.049752,2,shaft_imbalance
1.620281,-0.862227,1.243335,-2.541276,-1.585135,1.753085,0.474042,0.341386,2,shaft_imbalance
-2.286112,-0.803636,0.131296,-0.376853,0.601395,0.982184,-0.318391,-1.682228,6,thermal_cycling
-0.57367,1.163496,-0.306202,1.104495,0.428965,-0.342845,0.479691,0.32045,0,normal
-0.819183,0.595198,0.544042,-1.618673,9.562661,0.868014,1.465737,0.725317,6,thermal_cycling
-4.273434,0.771586,-1.175275,-1.189799,-1.129112,0.014732,-2.870411,-0.033686,10,cavitation
-1.222707,1.556984,-0.735449,0.675864,-1.334219,0.180777,-0.163135,-1.42395,12,leakage
-0.377807,0.916311,-1.733209,0.862,-0.379687,0.376948,-1.126988,1.328631,0,normal
6.339613,0.175255,-0.530901,0.019306,2.198146,-3.243715,-2.31858,-0.270115,3,gear_tooth_crack
0.851789,1.379869,-3.312425,0.83765,0.212117,-0.034863,0.60978,0.260557,2,shaft_imbalance
2.48227,0.062953,1.228708,-0.550275,0.963922,-2.444963,-0.410443,-0.098411,3,gear_tooth_crack
1.164831,-0.41426,0.006302,2.894002,-0.341778,0.236975,-2.191235,-1.981805,10,cavitation
-0.558182,1.411962,-2.082429,-2.191458,-1.185074,1.976389,-0.956983,1.146107,1,bearing_degradation
2.054192,-0.496049,0.830339,0.087633,-0.461759,2.192886,1.436652,0.87623,8,sensor_drift
-0.744983,-0.632086,0.616235,-2.3271,-1.861194,-0.280733,1.549891,-0.43573,0,normal
1.939094,2.719271,3.531819,-2.147276,-0.606268,0.05245,-0.203067,0.838168,10,cavitation
-0.172154,0.466799,-1.35975,0.971314,-1.031273,-1.725045,0.369678,-0.21488,12,leakage
2.510634,1.979367,1.443102,-0.703172,6.243464,0.400665,-0.893854,-0.989399,6,thermal_cycling
0.592856,0.428544,0.05422,0.484094,0.201672,1.277311,0.676719,1.039723,9,intermittent_contact
1.243776,-0.500119,-0.086284,-0.077663,-0.039833,-1.313642,0.151725,0.594365,5,thermal_runaway
-0.956436,1.289928,-1.085127,0.700988,1.332485,-0.491642,-0.720996,-0.169693,6,thermal_cycling
-0.552479,0.975222,-0.843966,0.821349,-1.606106,0.384484,-0.874239,-0.009515,2,shaft_imbalance
2.514169,0.198915,-0.890143,0.068511,0.641894,0.416643,1.452753,0.099805,12,leakage
1.156684,0.860577,0.315035,-0.449936,0.128942,-0.131462,0.124301,0.936443,9,intermittent_contact
-0.057259,3.22467,-2.423651,-0.548212,1.624132,-0.082542,-0.27305,0.710015,11,blockage
0.176147,0.583622,-0.496369,0.040427,-0.843171,1.469298,-1.314001,-0.821971,7,electrical_fault
-0.096632,0.206756,0.954943,1.470816,0.27756,0.407597,0.475363,-1.404422,2,shaft_imbalance
-0.238623,7.432701,1.062482,-0.007231,-1.198569,-1.028043,-2.10914,0.124618,11,blockage
-1.710269,0.756809,-0.83473,-0.419809,1.228107,1.053366,-0.609635,-0.454008,7,electrical_fault
-0.122268,0.524938,1.577431,0.323815,0.179057,-0.291352,1.946964,-0.423385,10,cavitation
-0.559749,-0.368333,-0.851529,0.196899,-1.303326,0.411466,-0.546472,0.716638,9,intermittent_contact
0.142746,-1.005781,-1.710096,0.377561,1.568728,1.088784,-1.841635,0.391733,11,blockage
1.006353,0.571797,-0.621306,1.040932,0.66554,-0.705845,-0.514048,1.000504,7,electrical_fault
0.647426,1.218321,1.399027,-0.770719,0.657381,0.075203,1.84706,-1.387292,3,gear_tooth_crack
0.304717,-1.039984,0.750451,0.940565,-1.951035,-1.30218,0.12784,-0.316243,0,normal
0.97803,0.439947,2.391121,-0.405831,0.277697,-1.181896,-1.320002,1.600867,10,cavitation
-2.823808,-1.043191,-0.704687,0.903192,-0.222222,1.874952,-1.386796,-1.099651,12,leakage
1.142858,0.55963,-1.617671,-0.502417,1.977557,0.829954,0.609424,-0.507226,5,thermal_runaway
-0.822534,1.093094,-2.856448,1.43462,0.223893,1.613441,0.203166,-1.382762,1,bearing_degradation
1.400604,-1.120271,-1.064623,-1.42106,0.0,0.373216,1.483204,0.891674,9,intermittent_contact
-0.079611,-0.084544,0.562013,-2.323984,0.14786,0.358118,-0.723953,-1.295777,8,sensor_drift
1.112696,0.511451,1.033444,1.171423,0.553722,0.143547,-0.670975,-0.244214,9,intermittent_contact
0.131057,-0.620883,0.257289,0.804079,-0.262767,-0.043431,0.213831,0.493574,12,leakage
1.281472,0.788209,0.248578,0.108017,-1.174148,-0.399464,0.940569,0.398998,12,leakage
2.859987,-8.294281,4.789802,3.128919,2.040493,-1.320135,0.425922,0.248394,1,bearing_degradation
0.429366,-2.096647,-1.418306,-1.764293,0.843939,-0.362611,-0.447866,1.954693,1,bearing_degradation
-0.410837,0.043317,0.865087,0.055475,-1.843783,0.051561,0.063936,0.900575,9,intermittent_contact
-0.810065,2.218151,0.450061,2.073894,-0.35471,1.023104,0.352892,-1.672235,7,electrical_fault
-0.298482,0.893863,0.857808,0.259717,-0.32857,-0.3154,-1.075147,0.180492,8,sensor_drift
-0.734831,-3.321483,-1.845704,0.989116,-0.171066,0.539339,-1.279045,-1.271145,4,misalignment
1.149418,1.525678,0.479664,1.390063,-0.928675,-0.157539,2.405191,1.94293,5,thermal_runaway
-0.364804,-0.516607,-0.426631,-1.638607,0.09815,0.148834,-1.635035,-0.548162,8,sensor_drift
-0.822256,0.815002,-2.231554,-0.544624,0.61332,1.497372,0.471703,-0.672087,8,sensor_drift
-1.133342,1.180437,-0.006061,-1.50614,0.022261,-0.995738,-0.425638,0.006192,3,gear_tooth_crack
1.049174,-0.975959,-0.910575,0.558549,-0.221536,0.647485,-0.013647,0.701664,0,normal
-1.430986,-0.136783,0.680564,-0.136391,0.325532,-0.43726,-0.384696,-0.659613,9,intermittent_contact
1.225255,0.832773,1.100179,-0.87745,-0.556958,-1.48903,1.104961,-0.744065,2,shaft_imbalance
-1.340201,-2.435253,1.92474,-0.547901,-1.263589,0.267919,-1.637893,-0.981548,2,shaft_imbalance
0.601309,0.417689,0.951637,-1.518874,-1.216517,0.591309,-0.415079,0.485495,4,misalignment
-0.766972,1.37184,-0.565029,-0.182985,0.646665,-0.321159,-0.190358,1.114342,12,leakage
1.568943,0.422569,2.605986,0.049851,0.958913,-0.726049,1.400789,-0.704284,3,gear_tooth_crack
0.319779,-1.077162,0.110363,-0.679456,0.712768,0.169474,-0.467975,-0.241751,10,cavitation
-0.321599,-0.629638,0.383005,-0.745335,-1.619437,0.969808,0.294396,-1.80301,12,leakage
1.783464,0.301282,-0.018236,-0.644376,0.975225,1.497589,1.041326,2.255668,12,leakage
0.115359,-1.747296,0.443418,-0.978809,-1.270723,-1.727748,1.190407,-0.834711,3,gear_tooth_crack
3.903415,-0.321482,0.451707,0.032982,1.198894,-1.305205,1.944559,1.126687,5,thermal_runaway
-0.317219,-0.06015,1.109459,0.048343,-1.276725,2.445566,0.568317,-0.699094,8,sensor_drift
-1.562147,0.191345,-1.724103,-0.518714,2.249653,0.4682,0.984541,0.513939,7,electrical_fault
-0.41827,0.301267,-0.246629,0.789028,0.247788,1.867906,-0.038118,0.315432,11,blockage
-0.646487,0.369986,-0.81431,0.287798,-6.859009,-1.901976,0.955957,-0.695894,6,thermal_cycling
1.186913,-0.871728,1.861399,-0.764375,-0.380836,0.329706,-1.54106,-1.538176,8,sensor_drift
1.555633,5.291197,2.489767,0.932971,-0.647232,-1.032824,-0.45646,0.665101,4,misalignment
-0.845013,0.490064,-0.561565,-0.445776,-0.877571,-1.04434,-0.474793,1.048011,7,electrical_fault
-0.585466,-0.999305,1.072919,0.773541,-0.061043,0.290074,-0.087679,0.860402,5,thermal_runaway
-1.114109,-2.179073,-4.072914,-2.716591,-0.067847,-0.828606,0.185658,-1.03283,4,misalignment
-0.055685,0.005323,1.140209,1.207425,-0.329209,-0.213953,0.664292,-0.585188,0,normal
-0.521523,-0.06348,0.252854,-0.777468,1.069511,0.738966,0.706363,-0.967077,12,leakage
4.530424,1.528376,2.097473,0.302839,2.343822,-1.365854,1.960551,-0.395502,3,gear_tooth_crack
0.726511,-0.849685,0.480425,0.292571,0.990354,-0.879581,0.574143,1.628489,12,leakage
0.584481,-0.767207,-1.675932,0.366553,-0.065331,1.403814,0.181719,0.778519,5,thermal_runaway
1.229376,-0.805994,-1.393672,0.942594,0.492297,-0.620519,-1.582167,-0.744623,0,normal
3.014,-0.21934,0.181778,-2.260286,1.203959,0.74563,0.345071,-0.602391,10,cavitation
0.615819,-0.213854,-3.520767,-2.412732,2.895213,0.046805,1.50199,-0.699456,4,misalignment
-2.47728,-1.807673,-4.720103,-0.972748,0.214733,-0.347386,-0.313519,0.164531,10,cavitation
-0.614487,-0.554278,1.955804,0.666281,0.654087,-1.202111,-1.857547,0.970636,9,intermittent_contact
0.075671,-0.377134,1.217031,-0.210264,0.545511,-0.425237,-0.687094,0.767236,9,intermittent_contact
-1.019577,0.447802,-1.542633,0.448024,-0.282501,0.160694,0.324016,0.281637,9,intermittent_contact
0.117282,1.021436,-2.546533,0.176286,-0.372415,-1.641998,0.081927,-0.13648,3,gear_tooth_crack
0.76201,-0.127239,2.326533,0.12815,-0.793795,-0.266495,-0.713931,-0.305777,2,shaft_imbalance
0.221571,-1.059405,0.586438,1.08175,0.453492,1.289728,0.237552,-0.126993,12,leakage
0.169685,1.604787,-0.454765,2.144366,0.00252,-0.064967,2.408736,-1.828506,8,sensor_drift
1.557419,0.107702,-0.737335,-0.255153,7.499222,-0.053067,-1.012222,0.436794,6,thermal_cycling
-1.092039,1.179937,-0.620655,-0.683731,-0.28465,-0.775994,0.426055,1.226542,9,intermittent_contact
1.467292,-0.571361,-1.31437,-0.413401,-1.42266,1.334224,0.084851,-0.728454,7,electrical_fault
0.365609,0.555441,1.252075,1.429629,0.909633,-0.587279,-1.029117,0.533961,3,gear_tooth_crack
0.83469,1.796456,-1.10252,-1.839048,-1.546893,0.665308,-1.199682,-1.326613,8,sensor_drift
0.776131,-0.220705,0.61721,0.287213,0.548541,-2.045987,-0.86676,0.569365,3,gear_tooth_crack
0.047311,0.037468,0.363073,-0.108731,2.615697,1.954642,-1.222609,-1.410013,8,sensor_drift
0.436455,-0.162211,1.848977,-0.245256,1.37954,-0.158735,-1.841703,-0.269643,6,thermal_cycling
-1.824208,-0.266889,-0.876277,0.269823,0.98427,-2.556883,-1.640167,-2.131034,12,leakage
-1.863047,-1.298049,0.853747,-0.272702,0.697407,0.384885,0.260096,-0.944087,9,intermittent_contact
-1.199213,-1.859802,-0.613092,2.316873,4.505069,1.054374,-1.418243,-0.325222,6,thermal_cycling
-0.501638,1.35491,3.155221,3.167603,0.28868,0.117765,-1.10729,1.585798,4,misalignment
0.135098,1.509616,-2.891352,1.95981,1.048995,-0.553125,0.486349,0.830697,10,cavitation
0.089797,-0.797711,1.765018,1.556656,-0.143015,-0.382607,-0.362699,0.174646,4,misalignment
0.997199,-0.784342,-1.271906,-0.776113,-0.609681,0.890581,0.379777,0.572941,8,sensor_drift
0.149842,0.411172,0.118348,0.444727,-0.153685,1.45405,-0.456471,1.132235,0,normal
0.094118,5.829229,2.311476,-0.391377,-0.224945,0.583125,0.635363,1.419975,11,blockage
-5.822398,-0.624663,2.574332,-6.995472,-0.137353,-0.397795,0.548088,1.77279,1,bearing_degradation
1.769046,3.017244,-6.06127,-4.527619,0.936113,-2.172198,-0.554793,-0.054615,1,bearing_degradation
-0.237448,0.140951,0.596607,2.633191,0.135957,-0.28547,0.391299,-2.075372,10,cavitation
-0.328998,1.21049,-1.667082,-1.382709,-0.10172,-0.412228,0.885652,0.060461,4,misalignment
0.986899,-1.077823,-0.367161,1.190234,1.39188,-1.427661,0.376613,0.653624,12,leakage
-1.018316,0.102472,-0.242619,-0.958012,-0.983102,0.276414,0.995539,-0.129736,0,normal
-0.913989,-0.321267,1.738171,1.281732,-0.107434,1.122464,0.121003,-1.774194,8,sensor_drift
-2.247634,-0.707239,-0.078877,0.445542,0.238986,-0.049495,1.457489,2.014856,9,intermittent_contact
-0.520389,5.654513,0.430461,1.861608,0.736004,-0.14628,-2.558517,0.2409,11,blockage
0.798244,0.907874,1.267423,2.414447,-11.417483,0.599595,-2.58121,0.951354,6,thermal_cycling
0.274165,0.960768,-0.369995,-2.543874,0.164616,-0.416483,0.832678,-0.359897,4,misalignment
-0.103433,-0.687245,2.589427,-0.890931,14.247101,0.164097,-0.201928,1.023296,6,thermal_cycling
0.25959,0.07859,-1.639266,-0.161196,1.728692,0.228976,0.37375,-0.407254,4,misalignment
2.980603,1.332246,0.958116,0.775417,-1.814302,-1.009132,-0.851719,0.501096,3,gear_tooth_crack
-0.256654,0.750122,1.933793,1.960485,-1.228,-0.926533,1.484919,-1.058281,0,normal
0.007055,-0.100086,-0.159728,-0.610871,0.375858,1.271542,-2.490179,-0.169661,9,intermittent_contact
-0.351058,0.595939,-0.536055,-1.179072,-0.865698,1.281334,0.074777,0.451087,1,bearing_degradation
0.27052,0.955467,-0.599278,2.669386,0.31389,-1.273357,1.287183,-1.252943,5,thermal_runaway
-1.338069,-0.488569,-0.597878,0.99223,-0.156797,-0.243256,-0.392434,-1.720623,9,intermittent_contact
-0.67075,3.07335,-1.382087,0.232949,0.287791,0.538094,-0.515393,0.24177,7,electrical_fault
1.451499,-2.261843,0.972309,0.431247,-2.073466,1.59188,0.972213,-0.428212,2,shaft_imbalance
-0.106067,0.403523,0.507507,0.347517,0.557855,-0.853006,-0.914029,-0.042622,3,gear_tooth_crack
3.232545,0.284654,1.828393,-0.263298,1.15498,0.792284,0.474239,0.328978,5,thermal_runaway
-2.107323,-0.518357,-0.778576,1.050836,-0.390416,-0.674735,0.580911,-1.518991,12,leakage
-0.528205,0.671576,0.462474,-1.848191,-1.781485,-0.331645,0.970672,1.166648,10,cavitation
2.803521,0.323839,1.391493,-0.081732,1.676735,0.012887,1.012375,-0.562857,10,cavitation
0.427916,-0.429948,-1.065554,1.21974,3.924033,-1.86162,-0.683665,0.757641,6,thermal_cycling
1.53519,0.580162,1.772361,-2.606638,1.731429,0.536301,-0.385839,-0.66827,1,bearing_degradation
0.111771,-0.13096,0.781198,-1.020204,0.676926,0.020651,-0.791552,-1.321819,7,electrical_fault
-1.316925,1.208263,2.234093,1.001834,1.426985,0.085371,-1.661505,-1.84412,0,normal
-0.123809,0.742029,-1.877989,-1.074766,0.876544,0.270095,0.411972,1.859495,0,normal
-1.095615,-0.7238,2.224071,-0.101564,0.359905,0.790488,-0.646824,1.07514,9,intermittent_contact
-0.51373,-0.074638,0.560916,-2.307315,-0.855737,0.164851,0.472856,0.442721,4,misalignment
-0.119678,-1.733297,0.684518,-1.001901,0.101307,-1.077736,0.424248,0.019327,1,bearing_degradation
0.659088,0.199876,-1.104336,-0.751017,-1.590928,-0.223963,-0.42466,-0.528447,9,intermittent_contact
-0.75848,-0.457545,0.86191,-0.437839,-1.436189,-1.532283,-0.766999,-1.490109,9,intermittent_contact
-0.828879,0.285991,0.07864,1.279007,0.851755,-0.73996,0.504553,-0.746891,7,electrical_fault
2.306336,3.956601,2.267939,-1.339021,0.276374,-0.808658,-0.073073,0.761541,11,blockage
0.538661,2.033976,1.428661,0.338761,0.062873,0.781476,1.365164,-1.760558,9,intermittent_contact
0.342544,1.048833,0.621526,0.392928,0.879464,-1.353052,-0.75241,-1.385259,7,electrical_fault
-1.274831,0.373065,-1.390705,0.016444,1.60999,0.7746,-1.850741,0.848371,3,gear_tooth_crack
0.43456,0.957859,-0.301427,0.737542,-0.371257,-1.896095,-0.249373,1.645802,10,cavitation
2.05233,1.136866,0.348764,-0.708309,-0.550541,-1.803256,-0.368282,0.661838,7,electrical_fault
0.217215,-0.053437,-0.106773,1.823917,-1.34208,-0.004978,0.053771,0.643301,9,intermittent_contact
-0.711389,-1.17561,0.374026,-0.946483,0.548455,0.721005,2.573001,-0.454601,11,blockage
-1.88339,1.206664,-2.781856,0.247553,-1.168949,-0.98362,-0.764929,0.7295,10,cavitation
0.369556,-0.303902,0.527982,1.008851,0.774235,0.718808,-1.49805,-2.492513,3,gear_tooth_crack
-1.148153,0.252992,1.291861,-0.8438,-1.704794,0.037704,0.771437,-2.964566,7,electrical_fault
0.979959,-1.000418,-1.309332,1.569525,0.848773,1.025486,0.505201,1.311373,9,intermittent_contact
-0.102209,0.720095,1.127336,-0.38226,9.095982,0.073306,-0.852168,-0.57788,6,thermal_cycling
0.722121,1.387339,-0.189124,0.852428,-0.461935,-1.328395,1.976975,-0.604634,1,bearing_degradation
-0.869402,1.701775,-0.378567,0.052977,7.20999,1.116601,1.33322,-1.187272,6,thermal_cycling
3.084587,1.437108,0.937566,0.639364,0.810895,1.855493,-1.23808,1.2195,5,thermal_runaway
1.649144,-1.245963,0.208722,-0.348632,0.139472,1.222376,0.37881,1.220383,2,shaft_imbalance
-0.795579,-0.374996,0.258918,-0.608985,-0.694445,-0.545696,-1.466963,-0.469403,2,shaft_imbalance
-0.067142,2.460267,-0.196074,-0.112311,0.76842,-0.5758,-0.149624,-0.348536,12,leakage
2.112473,2.011763,0.767148,2.042169,-0.036806,0.488057,-0.71177,-2.506985,4,misalignment
-0.458012,1.8019,0.842094,1.464085,3.520816,-1.319364,-0.948848,-0.696173,6,thermal_cycling
0.369657,0.9381,1.203454,-2.131045,2.888709,-1.29006,0.249413,-0.072896,6,thermal_cycling
-0.026424,-0.149956,0.56904,0.089001,-0.996306,-1.658269,0.310956,0.531921,2,shaft_imbalance
-0.237051,-1.112367,-1.287865,-0.166237,-1.388194,6.309099,0.09695,2.092715,8,sensor_drift
1.564585,-1.153215,1.355366,-3.781373,0.659664,-0.505716,-0.109901,1.673695,10,cavitation
-1.575937,2.895575,1.536112,-0.04336,0.18096,-0.495825,-2.123875,0.922248,1,bearing_degradation
0.282054,0.172206,-0.921045,0.285076,1.112981,0.813427,1.112696,1.230032,11,blockage
0.275778,0.270546,2.079501,1.366756,0.36405,1.359133,0.538904,-0.46007,2,shaft_imbalance
0.116929,-0.005649,-0.159151,-0.353348,-1.163919,4.987947,-1.017411,0.067625,8,sensor_drift
-0.182588,-0.590347,0.014664,1.084353,-0.993091,-0.738812,0.3811,-0.577743,2,shaft_imbalance
0.218364,1.609548,-1.543475,-0.642572,-1.105889,-0.973515,0.570372,-0.622188,11,blockage
0.666526,-0.197719,0.556574,1.154475,-0.19423,1.076974,-1.213027,0.656511,5,thermal_runaway
1.799898,-0.257837,1.972523,0.455566,0.814229,2.226262,0.4534,0.900563,8,sensor_drift
1.188784,0.625676,-1.264542,1.777183,0.658797,-0.010196,1.590219,0.159298,0,normal
1.383797,0.728366,1.713794,-1.640987,0.058264,0.137754,0.451922,-0.294152,1,bearing_degradation
-0.944258,-0.173034,-0.676928,-0.594022,0.519724,-1.533962,-0.232663,-0.326077,2,shaft_imbalance
1.633915,-1.837938,0.452535,0.00614,0.836656,-1.219711,0.348414,-1.06912,4,misalignment
0.8564,1.295746,4.278124,-4.890007,0.532401,0.620713,1.370797,-0.104857,1,bearing_degradation
1.490486,2.151073,-1.585995,0.256457,-0.712613,-0.705388,0.539991,0.441562,4,misalignment
-0.051568,0.546667,0.554797,0.676615,-0.64486,0.34044,-0.876059,-0.619643,0,normal
-0.359682,1.504778,-0.232992,-0.761229,0.346968,-0.834938,0.234828,1.647089,12,leakage
-0.228841,1.326387,1.369733,0.640198,0.893353,-1.302501,-1.699797,-0.37199,12,leakage
-1.082088,-0.940988,0.52232,0.536585,-0.949804,1.914276,0.286371,0.124206,7,electrical_fault
1.160529,-1.865812,-0.299044,-1.535721,-0.27571,1.663188,-0.78944,-0.339817,10,cavitation
-0.765936,0.354779,0.432966,-0.321255,0.314371,-1.879011,1.603121,0.611938,10,cavitation
-1.048115,-1.118218,0.380352,-0.163587,1.302796,0.206355,0.172963,0.778035,12,leakage
1.568558,-0.815804,0.098603,0.452621,0.712433,1.05127,-0.434068,0.651483,9,intermittent_contact
-1.535869,0.04915,-0.958236,0.139522,-4.350316,0.197144,0.711984,-0.110791,6,thermal_cycling
0.344248,2.017093,-0.349801,0.220633,-0.073676,-0.442286,-0.089632,-1.430905,11,blockage
-0.7626,1.241062,-0.641864,1.77906,-0.109052,-0.386562,0.045108,-0.386632,3,gear_tooth_crack
0.551038,-0.546827,-2.670031,-0.014395,-9.306168,-0.063108,-0.621428,-0.896789,6,thermal_cycling
0.099567,0.835464,0.158401,1.043752,9.444719,0.280927,0.40476,1.878642,6,thermal_cycling
1.70622,2.076581,-1.833601,3.80349,0.387496,0.490369,1.502115,-1.054842,1,bearing_degradation
-0.348704,3.130574,1.358135,-1.1001,-0.185515,1.893305,1.09941,-1.613505,11,blockage
-1.204994,0.8864,0.351728,-0.681233,0.0,0.222607,-0.897545,0.382692,9,intermittent_contact
-0.25016,3.651988,-1.177217,-1.55751,-1.188189,0.192207,-0.273034,0.413629,11,blockage
0.321777,1.946277,2.562138,0.908615,2.060682,-0.383895,0.289665,0.465926,4,misalignment
-0.129556,0.955322,2.136451,-0.899934,0.632418,-0.667883,0.575877,-0.391135,2,shaft_imbalance
0.617567,0.677596,1.534652,-0.732305,-1.579532,-0.606639,-1.373634,-0.982977,10,cavitation
-1.008478,-1.122232,-0.12798,0.268406,0.50912,-0.129917,-0.33564,0.791141,2,shaft_imbalance
1.894532,1.876194,-0.185586,-0.691283,0.2721,0.009508,-1.293559,-1.027992,2,shaft_imbalance
-4.148531,-4.074121,-0.596424,1.989728,1.282192,1.28126,2.095487,0.485457,4,misalignment
-0.622627,-1.369438,-0.530297,-1.656333,0.300801,-1.606157,-0.355455,0.728964,12,leakage
2.361813,-6.683404,2.719789,-1.659768,1.152683,1.571395,-1.450179,1.411167,1,bearing_degradation
0.413028,0.177402,2.751859,-0.718344,-0.386999,0.072658,0.645029,2.01179,12,leakage
1.857104,0.520221,0.541107,-0.4215,0.839077,-0.956847,0.109004,2.883284,3,gear_tooth_crack
-0.02056,0.017882,2.915655,-1.06319,-0.993633,-0.242136,1.252859,-2.166735,2,shaft_imbalance
-1.654833,0.571994,-1.423834,-1.609598,0.0,0.292718,-1.070059,0.643389,9,intermittent_contact
0.1478,-0.964552,-0.552251,0.687676,0.471046,-0.513188,0.311464,-0.074376,9,intermittent_contact
0.977526,0.877159,-0.242665,0.434938,-0.032991,0.786002,-0.567778,0.903462,11,blockage
1.020883,-0.548346,0.041206,-0.061516,0.704148,-1.025179,1.016977,0.466329,0,normal
-2.593224,-0.435565,3.034868,-1.975004,0.525321,0.223724,-0.541654,-1.936189,1,bearing_degradation
0.709769,-2.047741,-3.513216,-0.791715,0.262288,0.092995,1.624456,0.960077,4,misalignment
-0.999145,0.036805,0.173007,-1.856312,-0.180307,0.014072,-0.215149,-0.81339,0,normal
-2.295511,1.519451,0.677162,-0.402822,0.582969,1.096187,-0.735929,-0.729377,12,leakage
-0.231787,1.404128,-0.074449,-1.322168,-0.7931,1.710576,1.532494,0.595877,3,gear_tooth_crack
1.52537,0.992155,-0.294135,-0.008732,0.195381,0.361813,-1.3566,-1.542485,1,bearing_degradation
-0.761974,0.148627,0.36621,0.417472,-1.320489,0.854686,-0.800212,0.632858,0,normal
2.162908,0.772839,-2.653481,-4.065799,0.138363,0.706542,-0.018638,-0.32469,4,misalignment
-2.895372,-2.181048,-8.471524,-9.969503,-1.121591,0.466677,-1.312439,0.42695,1,bearing_degradation
0.108557,-1.454119,0.855641,-0.406601,-1.403013,-2.507315,0.903414,-0.859918,3,gear_tooth_crack
-1.939637,0.32046,-0.138487,-0.364835,-1.521892,0.283669,-1.956781,-0.337889,12,leakage
-4.873693,-3.864817,4.75341,-1.366928,-1.073,-1.372514,0.777355,0.711464,1,bearing_degradation
-0.086222,0.281299,0.849442,0.036409,-0.660719,-0.980232,-0.42304,-0.295581,10,cavitation
0.204889,-2.556781,0.048717,1.009158,0.147976,0.146267,-0.364994,-1.058941,2,shaft_imbalance
1.302925,2.414873,-0.292766,1.578564,-0.920015,2.394053,0.454697,0.54202,7,electrical_fault
-1.117328,0.414616,0.578662,0.087963,0.219585,-0.258706,1.478279,-0.900692,0,normal
2.673076,0.407519,-0.661101,-1.195643,-0.904815,-0.774119,-2.901082,-0.675655,5,thermal_runaway
0.805614,2.244467,-0.215612,0.549477,-0.431829,0.085352,-1.507235,-0.00053,2,shaft_imbalance
0.601505,0.278474,-0.403667,0.833118,-1.217285,3.496224,-0.413891,0.381539,8,sensor_drift
0.173153,-0.092956,-0.251496,-0.840661,-0.310635,0.337235,1.418635,0.947436,3,gear_tooth_crack
0.952074,2.467341,0.841385,-2.263138,1.38922,1.225572,0.465475,0.280718,2,shaft_imbalance
-0.450081,-1.557319,1.21204,0.171274,-2.378781,-1.43315,-2.40475,-0.273814,10,cavitation
-1.830341,-2.369079,0.815337,1.938657,-1.309422,-1.035005,-1.292446,-0.524591,4,misalignment
1.32644,0.521976,-0.636935,-1.48132,-0.80092,0.137872,-1.193073,1.348891,4,misalignment
-1.367331,7.217436,-2.424303,0.527836,1.633261,-0.33319,1.703366,0.702495,11,blockage
-0.24863,-0.691142,0.544478,0.333169,-4.727001,-0.549543,-0.049728,0.417032,6,thermal_cycling
-0.51193,1.63174,0.357024,0.177201,0.686973,0.940694,-1.245604,0.056363,9,intermittent_contact
-1.718326,1.799598,-1.218935,0.155747,1.398334,0.650764,1.421388,-0.586344,12,leakage
-0.780856,0.038368,-0.697118,-0.3097,-0.98166,-0.208157,0.463077,-0.53555,9,intermittent_contact
-0.204639,1.284404,0.25695,-1.194239,-0.544198,-0.883987,-0.522558,0.431901,10,cavitation
-0.316372,0.284796,1.652289,-0.5917,0.566553,0.965087,-0.388025,1.735371,9,intermittent_contact
-1.5255,-1.992287,0.533009,-1.876877,-0.779586,1.053629,0.223448,0.768,10,cavitation
1.9503,-0.551441,-0.246926,-0.7234,-0.230437,-0.166689,-0.35395,1.872708,4,misalignment
-3.862708,-0.293005,0.684402,2.242613,-1.35215,1.546855,0.901377,-0.081063,4,misalignment
-0.693682,-0.292351,0.298959,1.117691,2.096701,0.174988,1.863286,0.626213,12,leakage
-1.330266,0.181912,1.43893,-0.010562,0.298593,-0.011282,0.099153,1.117682,7,electrical_fault
-0.297105,1.172855,-2.205203,0.763499,-0.247021,0.415984,1.664902,-0.47781,12,leakage
-1.493076,-0.594474,0.575429,3.145612,-0.275668,0.957383,0.233097,-0.206735,4,misalignment
-0.031557,0.11482,-0.4494,0.505616,-1.610526,2.051995,1.79286,-0.606808,8,sensor_drift
1.454499,1.39813,-0.229558,-0.964166,-0.029794,-0.133718,-0.062782,-0.398025,7,electrical_fault
0.942838,-1.716286,-0.436375,-1.323827,-8.755568,0.901832,0.975654,0.268009,6,thermal_cycling
-0.126791,1.495179,-0.000415,0.202075,-1.403573,0.126869,-0.91472,-1.759974,11,blockage
1.727118,7.569406,-0.815124,-0.866023,0.573906,1.557265,1.921632,0.395887,11,blockage
-0.491612,0.001177,0.475492,0.37471,-1.15099,1.113409,-0.091634,-0.930243,2,shaft_imbalance
-0.379676,-1.802856,-0.752161,-0.909103,-0.871216,2.000963,0.056412,0.245371,0,normal
0.383817,1.187184,0.038878,0.686309,0.815957,0.596339,-0.016473,-1.17494,2,shaft_imbalance
0.100937,1.133789,2.106885,-0.576848,-0.016837,1.822055,-1.522199,1.027581,0,normal
7.969623,-8.559138,1.043103,-7.377317,-0.013754,-1.08274,-0.395444,0.9253,1,bearing_degradation
-3.512873,-2.267111,0.308196,2.007658,1.466968,0.634476,-1.109725,-0.214336,4,misalignment
0.655067,1.070254,0.055394,1.662882,1.283159,-0.852228,0.321568,-1.547297,3,gear_tooth_crack
0.685298,0.701206,-1.414249,0.09634,-0.509855,-0.861636,-0.626464,-0.055919,9,intermittent_contact
-1.54937,-1.133057,0.192677,-0.513839,-0.342096,-0.061874,2.341683,-0.497481,9,intermittent_contact
-0.528036,9.375411,-1.413965,2.157294,0.85672,-0.278029,-0.418869,-0.63827,10,cavitation
-2.413569,-0.519874,-0.413935,0.331846,-0.317947,-1.518583,-0.663908,-0.203973,9,intermittent_contact
-1.358122,-0.42812,-1.458137,-0.295305,1.135018,0.453301,1.589119,0.294733,6,thermal_cycling
0.22556,0.94765,-1.111105,-1.171972,-1.093324,0.288917,1.244947,-0.431339,0,normal
0.184017,3.564095,-3.922333,0.373054,0.005538,0.762534,0.124677,0.04438,11,blockage
0.960387,0.831544,-0.643547,0.339547,1.08678,-1.379562,-1.385319,-1.440649,7,electrical_fault
-3.365727,-0.672977,1.014937,3.315884,1.123519,-0.165594,-0.059906,0.431685,4,misalignment
1.345967,0.53299,-1.389262,0.986608,-0.572403,0.919611,1.159553,0.603321,4,misalignment
2.401479,1.158292,0.096194,0.70274,-0.550971,1.970335,0.587904,1.532193,5,thermal_runaway
-0.630902,-0.409165,-1.215187,-1.936263,0.239135,-1.9889,-0.993039,-1.771582,2,shaft_imbalance
-5.620787,-0.283595,0.184095,1.141774,0.335923,-1.424708,0.074654,0.534497,4,misalignment
-0.537666,-0.053096,1.863536,-1.245398,-1.63775,-0.795508,0.813373,-1.609851,2,shaft_imbalance
0.491722,-1.524845,0.411856,1.762154,1.88208,1.78196,-0.795758,1.275046,2,shaft_imbalance
2.521206,-0.767304,-0.518939,-1.268558,-1.818253,-0.879756,-0.860132,-0.625102,10,cavitation
1.737372,-1.63864,-7.333008,-2.633278,0.801357,1.499827,1.190525,-0.404856,1,bearing_degradation
2.26424,6.74733,0.744404,-0.784521,0.1773,-1.049054,1.209389,-0.856281,11,blockage
1.013185,-0.410173,-1.983395,1.197954,-1.18584,-0.35468,0.293502,-0.073303,10,cavitation
-0.435615,-0.590519,0.590869,-0.259281,0.973084,6.144475,1.09915,1.364419,8,sensor_drift
0.032209,-1.719148,1.423003,-0.353166,-0.142325,0.9716,0.1976,1.003842,5,thermal_runaway
0.310978,0.712953,-2.25366,-0.722328,0.029238,-0.4803,0.13446,-0.624079,12,leakage
1.017347,1.062664,-1.584853,-0.580658,-1.515273,0.624389,-0.883842,0.080513,4,misalignment
-0.05386,-0.328681,2.026401,-1.120241,-0.508197,0.313914,0.573312,-1.14101,8,sensor_drift
0.516038,0.930741,-0.160275,0.282254,0.686884,0.503021,-0.679887,-0.057065,4,misalignment
1.836522,-0.07883,0.672286,-0.938987,-0.452237,1.037938,-0.878872,0.055171,7,electrical_fault
1.711306,-1.802115,0.640966,-0.145972,-0.184352,0.62766,-0.029714,0.392539,12,leakage
-0.713875,-1.31683,0.835808,0.349351,2.382602,0.420189,0.387703,-0.166928,0,normal
-1.349017,-0.126928,-3.885598,-6.535606,-0.672326,0.117836,0.583468,2.269613,1,bearing_degradation
1.316577,-0.936933,-3.01134,-1.289854,-1.185648,1.182919,-0.560594,-0.12271,10,cavitation
0.176754,-1.001661,-1.135389,1.946336,0.059183,0.136069,-0.702733,0.310808,5,thermal_runaway
0.312713,-0.253838,0.744334,0.775229,0.327411,-0.25564,-0.35753,-1.367754,0,normal
-1.307616,0.581492,0.041183,1.621771,0.466872,0.365894,2.009559,0.434438,12,leakage
4.923206,-0.611996,-0.030862,-0.879028,0.91745,-0.695172,-0.629149,-0.346486,3,gear_tooth_crack
0.308307,-0.814938,-0.244598,-0.932031,-1.517944,0.353196,-0.107697,-0.128859,4,misalignment
0.089509,-0.23726,-1.212368,-0.955312,-0.282014,0.241452,1.440813,-0.041797,0,normal
3.481892,-0.764578,-4.10571,-2.323684,-0.047717,-2.105539,-0.544322,-0.247613,1,bearing_degradation
-0.065268,1.737339,-0.437719,1.140702,0.661556,0.884647,0.950653,-0.327969,11,blockage
0.163888,-2.527043,-0.16625,-0.500035,-1.254477,1.696793,0.155827,-1.442194,7,electrical_fault
-0.396657,0.347258,-1.619988,-2.116397,1.971932,-0.954503,-1.130102,-0.186973,2,shaft_imbalance
-1.322541,-0.486194,0.420227,-0.102397,-0.650564,-0.674212,-0.712337,-0.87951,0,normal
1.986603,0.100275,-1.488829,1.644311,-1.220954,-0.559391,0.271743,0.417175,3,gear_tooth_crack
0.928999,5.413643,3.289667,-2.110167,1.966869,2.4441,-2.706338,-0.097503,1,bearing_degradation
-2.106785,-0.260581,1.625779,2.999241,-1.431146,-0.484777,-0.895981,-1.267979,2,shaft_imbalance
0.843952,0.831821,0.030097,1.141372,1.570755,0.808024,-0.570283,-0.039681,3,gear_tooth_crack
0.327373,-0.281475,-0.298688,-1.038018,0.630809,0.302048,0.582926,0.078988,9,intermittent_contact
2.170197,1.303665,-0.470758,-1.216186,1.426902,-0.321761,-0.705786,-0.388268,2,shaft_imbalance
-1.490927,-0.175034,1.021812,-0.7674,-0.074662,0.702453,1.208124,-1.647033,10,cavitation
2.134711,1.50905,-1.635606,0.361785,-1.294477,-0.296198,-1.884898,-1.574226,9,intermittent_contact
-0.066193,-0.407731,0.025962,-2.002814,-0.759868,0.98324,-0.628945,-0.828875,0,normal
-1.602237,0.334877,-0.51721,-0.500949,-1.283124,-1.907971,0.499679,-0.519612,10,cavitation
-0.217295,0.791241,-1.374326,-1.105253,-7.806782,-0.148532,0.315277,-1.068876,6,thermal_cycling
-2.332196,-0.669237,1.457479,1.410476,0.939783,1.420086,-0.790514,1.624596,8,sensor_drift
-2.157286,-0.435815,2.722439,2.059111,-0.049712,-0.128282,0.322835,0.342851,4,misalignment
-1.068805,-0.427509,1.843593,1.172479,1.634368,-0.113828,0.106785,-1.579279,10,cavitation
-0.358702,-0.846452,1.31613,-0.774571,-1.916185,-1.453396,-0.57614,1.492506,7,electrical_fault
0.006077,0.370769,2.020741,-0.940806,-0.472982,-0.527064,0.854626,0.745164,12,leakage
-0.727211,0.519978,0.150956,0.299019,-0.306698,-0.214608,-0.350691,-0.248658,5,thermal_runaway
-0.949917,-0.390541,-0.306146,1.529414,0.133659,-1.798433,0.951654,1.845928,5,thermal_runaway
1.253406,7.638305,2.569742,-1.319699,2.328379,-0.339843,0.124267,1.772405,11,blockage
1.362224,-0.151336,-0.529449,1.124056,-0.405093,-0.579493,-1.127154,-0.820176,5,thermal_runaway
1.86175,2.175351,1.018047,0.852039,-1.018927,0.044242,-0.519377,-0.323095,11,blockage
-0.356041,1.649797,-1.993493,-2.923613,-1.129781,0.612212,0.106471,0.883504,4,misalignment
-0.096612,-1.107824,0.931977,-0.821407,0.349772,-0.071316,-1.052783,-0.609103,1,bearing_degradation
0.130649,-1.325811,1.342144,-0.301085,-0.454944,-0.133432,2.513037,0.441528,9,intermittent_contact
-1.017613,1.542926,-0.020509,-1.66058,-0.029214,1.867411,0.248009,0.142979,8,sensor_drift
-1.985465,1.484781,0.941446,0.673359,0.348326,-2.304228,-0.751101,-0.256081,5,thermal_runaway
-0.033155,1.622108,0.814083,-0.413167,-0.195085,-0.986516,1.817745,0.306475,12,leakage
1.123904,0.586024,0.236536,-1.166339,0.240788,4.039512,-0.912446,-0.601594,8,sensor_drift
2.073226,1.09403,1.096154,-1.728702,-1.320924,-0.084444,-0.657753,0.625878,9,intermittent_contact
0.309002,2.032337,-1.023648,0.203207,-0.799657,-0.547005,-0.04959,1.347323,0,normal
0.724999,0.007473,-3.045174,-0.185414,0.80271,-0.237505,-0.59008,-0.297747,4,misalignment
1.677923,-0.318105,-1.418442,0.15113,2.226228,1.331765,1.941919,-0.567691,4,misalignment
-2.441376,-1.337356,1.115486,-0.840153,0.545816,-0.71345,0.812831,0.099084,12,leakage
-0.479803,-0.258068,-0.367254,-0.106141,0.22399,-1.121964,-1.021355,0.780174,12,leakage
-0.163164,0.21356,0.144827,1.333062,-0.721043,-0.206712,0.097936,-0.90349,12,leakage
0.279292,-0.928606,0.317147,-0.611188,1.046915,0.056297,-0.759334,0.688954,5,thermal_runaway
0.372858,-0.018643,-0.244462,0.103168,0.613044,-0.542081,-0.947686,3.023781,1,bearing_degradation
1.260971,-0.685411,1.331888,0.94086,-0.46569,6.440576,1.148801,0.489632,8,sensor_drift
1.278624,0.150299,0.312587,0.767484,0.170601,-1.453512,-0.846796,-0.285406,2,shaft_imbalance
-0.015255,0.499625,1.56053,0.450614,1.958374,-0.083094,-1.357835,-0.12192,4,misalignment
-0.541738,3.20721,1.174167,-0.012249,0.254697,-0.566326,-2.250999,0.679073,11,blockage
-0.245777,0.477001,-0.068239,-1.045555,-0.535967,-0.470099,0.739626,0.255572,4,misalignment
0.253205,0.895218,0.273321,2.238832,1.429787,-0.307528,-0.318027,0.469697,1,bearing_degradation
-0.292171,-0.103488,-0.251977,0.152563,1.471492,-2.566658,-0.23685,0.176512,0,normal
-1.388415,-0.439622,-2.430968,2.191987,-0.025017,-0.003728,-2.037437,-0.388666,2,shaft_imbalance
2.742978,0.749675,-0.456144,1.183582,-5.632843,0.057947,-0.182016,-0.250034,6,thermal_cycling
2.450771,1.177268,-1.630616,-4.410463,1.661812,-0.598732,-0.134231,-0.915684,4,misalignment
-0.418818,0.594902,1.501762,-1.371025,-1.200383,0.016941,1.091011,0.44347,9,intermittent_contact
7.357079,-1.137163,3.025828,1.042997,2.593548,1.457271,0.71115,0.249171,1,bearing_degradation
-0.990402,2.027773,1.818518,-0.453634,-0.548148,0.173861,-0.34313,-0.079526,10,cavitation
5.503003,2.600612,0.497091,1.148607,2.059738,0.783778,-0.515798,-0.259247,5,thermal_runaway
-0.057595,-0.532705,0.106545,-0.077939,-0.279435,0.150802,-0.682385,-0.86219,12,leakage
1.289069,-0.42287,-0.333338,-0.064518,0.450465,1.536214,-1.485048,-0.266592,8,sensor_drift
1.591842,-0.672586,-0.078153,1.387803,-0.126098,3.756064,1.198361,-0.289341,8,sensor_drift
1.97254,0.122332,-0.394814,-0.089169,-0.422424,-1.540743,0.580463,-0.434499,3,gear_tooth_crack
4.727033,-1.444009,-0.174596,0.320729,-0.537862,-0.395489,0.026797,-0.432219,3,gear_tooth_crack
-0.420879,0.179509,0.134211,-1.751277,0.700256,0.724305,-0.742438,1.677948,10,cavitation
0.302322,-0.974804,0.254437,1.127366,-0.345302,-1.144686,-0.42988,0.394063,4,misalignment
0.646698,-0.319862,-1.262942,0.822349,-0.101044,-0.007659,0.838113,-0.395944,8,sensor_drift
0.63916,1.265298,0.166087,0.857828,0.444847,-0.770881,1.009467,0.945571,9,intermittent_contact
-0.263213,-0.002154,-1.243177,-0.682645,-1.540996,-0.266639,0.092009,-1.374837,6,thermal_cycling
-0.307535,0.444226,-0.133299,-1.209539,-0.778535,0.648926,0.258756,-0.090593,8,sensor_drift
5.06522,-0.875252,-0.892287,-1.478354,-0.537643,-1.830114,-0.089123,-1.608939,3,gear_tooth_crack
-0.519772,0.671487,-1.68297,-0.370615,-0.885945,0.299771,-1.034778,2.069657,5,thermal_runaway
2.473792,-0.093558,0.885057,-0.589113,-0.715747,2.483049,-1.911102,0.111757,12,leakage
1.248338,0.536082,-0.974834,-1.400212,-0.915126,0.877069,-0.101822,-0.43379,2,shaft_imbalance
1.367402,0.051652,1.429532,0.256694,0.853233,0.719093,0.623291,0.347934,0,normal
-0.347888,2.343554,0.54863,-2.152006,2.050872,0.368171,-0.47396,-1.102759,6,thermal_cycling
1.805526,2.771066,-0.739802,-2.666453,-0.290156,0.620791,-0.670593,-0.977897,10,cavitation
1.599868,-3.067706,-3.187531,-1.182854,-0.748758,-0.773093,0.970059,-1.213603,1,bearing_degradation
0.978841,0.078618,-0.8628,0.808548,-0.560449,-1.406501,1.021222,-0.537097,0,normal
2.05882,0.459525,2.365519,-0.636892,5.311394,0.016674,-0.32748,0.640041,6,thermal_cycling
0.155429,0.887016,0.110511,1.976501,14.622358,1.349039,0.976295,1.525301,6,thermal_cycling
-0.212234,3.364632,2.18598,-0.838407,1.751681,-0.382249,0.794167,0.278818,10,cavitation
-0.139576,0.660756,-0.099816,-0.431245,-0.156561,1.332139,-1.154667,0.728482,8,sensor_drift
-0.177477,-0.377193,-1.916816,-1.131986,0.961093,-2.109951,-0.766315,-0.39972,0,normal
-0.634472,0.751108,-0.228477,2.597412,0.518028,-0.695776,0.519801,-0.2372,7,electrical_fault
1.272072,4.60147,2.739694,1.414769,0.293454,1.254553,0.718118,-0.693534,4,misalignment
-0.007567,0.930378,-0.77123,1.657376,-0.684556,-0.683092,1.537358,0.21146,0,normal
0.197388,0.019885,-1.159756,0.264756,-0.529511,-0.985977,1.266742,2.169721,3,gear_tooth_crack
-0.380728,0.831129,1.676621,-0.678173,-1.344638,-1.266422,0.271566,-0.539749,10,cavitation
-1.527768,0.892148,1.238941,2.140028,-1.199164,-0.806086,-0.723691,1.323119,4,misalignment
1.616024,2.051356,2.724038,3.072586,0.770233,-0.047935,-0.976631,-0.493332,4,misalignment
0.252762,-0.741233,-0.464307,-1.808891,-1.073547,1.436709,-3.314788,-0.387351,12,leakage
1.005176,-0.393826,2.182111,-1.096167,-1.47184,-0.421105,-0.75864,-0.364932,3,gear_tooth_crack
0.7371,4.081521,-0.334036,1.776818,0.068608,1.327622,1.901077,-0.397418,10,cavitation
1.125139,0.049118,1.945127,0.557802,0.917785,-0.514712,-0.79073,0.378372,2,shaft_imbalance
-1.048149,1.171208,0.226111,-2.284994,-0.649606,0.125836,-0.409466,-1.109237,1,bearing_degradation
-0.594236,-2.699799,3.82224,2.27456,1.907636,1.221356,-0.798146,-0.08499,1,bearing_degradation
0.421171,-1.510971,-0.320206,-0.025201,0.012415,1.318395,1.136227,-0.144914,9,intermittent_contact
-2.086093,0.979357,-0.305606,-0.690843,0.303743,1.68757,1.102467,-1.060154,1,bearing_degradation
1.194357,-1.892135,2.005205,-0.610518,3.010845,0.138424,0.831087,-0.280433,6,thermal_cycling
-0.901982,-0.538154,1.6278,0.430626,-0.975473,0.523912,-0.798667,-0.603504,2,shaft_imbalance
1.864492,-0.059689,0.168431,0.176329,2.006049,-0.592135,-0.084954,0.915656,3,gear_tooth_crack
-2.261408,-1.310243,2.337085,2.244449,0.27982,2.564513,-0.121599,-0.435406,1,bearing_degradation
-1.150865,-0.087877,0.940289,0.865969,0.21161,0.886394,0.490767,1.200306,0,normal
1.923438,-0.587636,0.36242,-1.27415,-0.277321,1.434586,-0.040527,-0.234829,12,leakage
-0.449071,0.063754,1.719756,-1.512871,0.500704,2.566706,-0.220596,-1.526971,8,sensor_drift
-3.104344,1.478773,-0.618308,1.156458,-0.35231,-0.108851,0.206047,-0.539409,12,leakage
0.760261,0.773857,0.045415,0.116235,-0.327935,-0.158776,1.137662,1.345911,2,shaft_imbalance
0.786653,-0.839814,0.391624,-0.770151,0.167927,1.636227,-1.199581,2.168697,6,thermal_cycling
-0.455802,0.4359,0.401902,0.205154,0.222519,-0.566158,-0.281976,-1.670609,5,thermal_runaway
-1.263386,-0.71321,-0.106366,0.533454,0.596,0.326274,0.804098,-0.999343,6,thermal_cycling
0.451868,-0.141634,-0.568932,0.539012,-2.743233,0.119129,-1.075677,-0.041278,6,thermal_cycling
-0.421049,-0.062083,1.872359,-0.957893,0.336832,-1.135604,0.927012,1.118984,12,leakage
-0.703931,0.786171,1.457868,-0.957627,15.045456,1.516799,-0.010325,-0.519491,6,thermal_cycling
-2.308947,-2.67434,-7.282948,5.091369,-0.937149,0.918233,-0.338456,1.062534,1,bearing_degradation
0.506191,0.840145,1.084099,-0.902294,-0.393022,1.86303,-0.433366,1.011291,12,leakage
-1.449571,-0.873844,-1.012065,-0.254225,-2.84449,-0.702429,0.135463,-0.445685,6,thermal_cycling
-0.0754,-0.191437,1.777806,0.722778,4.456564,0.920045,-0.545694,1.376759,6,thermal_cycling
-0.530991,-1.494794,-0.567831,-1.163753,0.429205,1.323295,-0.363463,-0.762218,8,sensor_drift
3.837947,0.531176,0.405692,0.021185,-0.875815,0.507518,-2.323479,-0.148036,3,gear_tooth_crack
1.352941,2.732933,-1.156384,-0.519763,1.071009,0.778984,1.018074,1.417986,4,misalignment
0.585863,-0.917813,-1.429419,-0.149977,-0.218539,1.490534,2.128451,-0.60855,10,cavitation
-0.888781,-1.353492,-0.252388,0.652929,0.416655,-0.880837,0.136925,0.887126,3,gear_tooth_crack
-0.307437,1.161472,-1.450376,-2.989578,0.820935,0.962934,-1.784004,-0.124402,7,electrical_fault
-1.337361,-0.931512,-3.585717,1.820341,1.439075,0.732711,0.962165,1.446104,1,bearing_degradation
-0.218174,0.54263,1.20051,1.11607,0.07499,2.483424,-0.36502,-1.607201,2,shaft_imbalance
0.230091,-0.499035,0.082592,-0.877492,0.681586,-0.206199,-0.483664,-0.794759,2,shaft_imbalance
-0.629688,-0.473927,-1.800337,0.774994,-1.165382,-0.763914,-0.392363,0.242906,10,cavitation
-0.275142,1.494941,-0.865831,0.968278,-1.68287,-0.334885,0.162753,0.586222,0,normal
-0.520871,7.763852,-0.911076,3.328071,0.743607,1.645333,0.974968,-2.155607,1,bearing_degradation
-0.298865,0.674928,0.218691,1.742775,-0.129589,0.224474,-0.797067,-0.134397,12,leakage
0.333731,-0.5425,-0.756808,-0.492302,0.814819,0.201624,-1.606915,0.723461,9,intermittent_contact
2.073105,1.530236,-1.862858,-2.615727,-0.105672,1.628295,0.402783,2.144203,4,misalignment
0.352351,-0.457641,-1.530998,-1.039661,-0.684861,0.953489,0.152727,0.020096,10,cavitation
0.270427,0.960423,-1.093975,0.001393,-2.911401,3.546623,-0.782613,-0.756059,8,sensor_drift
-1.878125,0.126753,0.729977,0.872736,10.641033,1.510816,0.331626,0.845825,6,thermal_cycling
-0.509914,-0.107631,0.679002,2.525188,-0.110708,0.554677,-2.159112,0.064616,12,leakage
0.083393,0.595499,-0.057816,-0.782275,-1.679215,0.453058,0.03313,1.389951,7,electrical_fault
0.157769,-0.5524,-1.169287,0.463113,0.249622,-1.610221,0.456002,0.28314,5,thermal_runaway
0.049916,-3.803043,-2.493744,-3.128519,0.023955,-0.126258,0.087749,0.082545,4,misalignment
-0.1495,-0.860457,-0.071472,-0.44147,0.307715,-0.886005,-1.12477,0.732082,5,thermal_runaway
0.403556,-3.139453,-1.383678,-1.707008,-1.056252,1.297667,1.044458,1.151322,4,misalignment
2.225455,5.803923,-2.864408,0.063039,0.606959,-1.229358,-0.847,0.088828,11,blockage
-0.136151,8.371456,2.503731,2.785487,0.194232,-2.414826,0.071851,-0.379644,11,blockage
-0.706348,-1.035985,0.757679,-0.422605,-0.838945,4.125998,0.458783,-0.207471,8,sensor_drift
-0.408247,-0.593249,-0.918338,0.401577,1.69664,0.933257,-0.32242,1.014029,3,gear_tooth_crack
1.414598,0.673261,-2.378986,1.0978,0.256045,-0.666095,1.356188,1.500022,10,cavitation
-0.79295,0.45464,0.771598,-0.259716,1.37047,0.955602,0.971005,0.170578,4,misalignment
-1.601278,-0.794136,0.439637,0.524188,0.276274,-1.412766,-2.310103,0.054354,0,normal
0.244263,0.334632,2.265089,1.353854,-0.422914,0.81807,-1.397664,-0.962473,1,bearing_degradation
-0.412732,-3.749657,-2.065525,-2.40619,-0.852339,-0.635184,-0.044092,-1.108497,10,cavitation
5.286891,2.893429,1.260781,1.081571,1.070115,1.445104,1.695802,0.088691,5,thermal_runaway
-3.226669,2.720615,0.279322,3.902951,0.558117,-0.161124,-1.063149,-0.140075,1,bearing_degradation
1.53081,2.20267,0.41129,-1.900107,1.71612,0.74196,-0.235186,0.215119,6,thermal_cycling
1.078897,1.476876,-1.598408,-1.812872,1.840777,-1.713728,-0.167212,0.883117,7,electrical_fault
0.208836,0.894164,0.540155,-0.013906,0.444915,0.960352,0.464645,0.910399,11,blockage
0.142248,-0.045002,-0.435693,-1.601936,-1.098946,1.165154,-1.644301,-1.543482,8,sensor_drift
0.30558,0.893799,0.752384,1.140813,-0.001918,0.303467,0.511514,0.141657,0,normal
-2.480733,6.803861,1.397755,2.900199,-0.224732,0.162406,-0.12596,-1.030516,1,bearing_degradation
-0.206219,1.778369,0.537982,0.227013,6.047901,-0.093828,-2.155818,-1.264387,6,thermal_cycling
0.272747,-0.729806,1.048003,-0.379486,-0.751975,0.595157,-1.271957,-0.413279,7,electrical_fault
0.332815,-1.085514,0.084752,-0.411734,-1.480556,-1.045726,-0.965694,0.982413,7,electrical_fault
-0.875222,-0.808492,2.561853,-0.037744,-1.729071,-0.051343,0.281206,0.972792,1,bearing_degradation
-0.778921,-0.402175,-0.886704,-1.040375,0.846826,2.73029,-1.917691,0.67411,8,sensor_drift
0.873416,1.492983,-0.81363,0.520775,-1.366567,-1.377915,-0.578335,0.409327,5,thermal_runaway
0.804744,-0.602095,0.966996,1.178561,-0.488329,-0.140031,0.408422,-0.448636,2,shaft_imbalance
-0.395045,1.501477,-2.035601,-2.194284,-0.536738,0.421451,-0.070282,-1.399406,1,bearing_degradation
0.439681,1.093401,-0.207941,-2.626376,-0.808107,0.53444,0.97984,-2.012621,4,misalignment
0.818427,-1.08185,0.082409,0.001249,1.677095,0.696837,-0.776693,-1.290589,6,thermal_cycling
-2.123713,0.850273,1.346412,-2.240822,-1.174916,0.853121,-0.273292,1.387419,12,leakage
-1.278172,-0.291339,-0.751801,-0.001751,0.734586,3.047129,0.41963,0.137492,8,sensor_drift
-0.223441,0.369282,-0.333514,-0.827117,1.794714,1.9549,0.836601,0.118764,2,shaft_imbalance
-0.223342,1.173648,3.26939,3.611169,-0.949973,2.014242,-0.774639,0.900275,4,misalignment
-3.629303,10.803841,-1.855946,2.363348,0.148959,0.788846,0.194104,0.376405,1,bearing_degradation
0.045829,0.043647,-0.965317,-0.20868,0.579338,0.572138,-0.229964,0.676773,2,shaft_imbalance
-0.435712,2.576031,0.316336,2.177412,-0.367564,0.713821,-1.283912,0.029774,11,blockage
-1.199825,1.107662,-0.734538,-0.751802,-0.531956,-1.743593,-0.217623,0.61934,9,intermittent_contact
-1.204383,1.311964,-0.300025,-2.421504,3.530494,-0.434017,-0.298614,-0.234017,6,thermal_cycling
0.710979,1.541123,-0.38932,-0.596021,-0.497751,-0.571391,-0.605008,0.18739,12,leakage
-0.339818,0.455278,-0.190306,0.047227,0.509683,0.138556,0.308595,-0.790922,7,electrical_fault
0.796886,0.167504,-0.851502,0.190469,0.636522,-0.101748,-0.41985,-2.495554,4,misalignment
1.25695,0.551651,0.264325,1.215225,0.996582,1.517422,-0.421599,0.123029,8,sensor_drift
-0.302665,3.03165,-0.127858,-1.731955,0.883862,-1.106976,-0.674316,0.754853,11,blockage
-0.582771,-0.464748,-0.573603,-0.328104,0.575657,-1.644463,-1.0698,0.465034,10,cavitation
2.017937,-1.368383,-0.050024,0.804356,-1.048428,0.801796,-0.976385,-0.218233,1,bearing_degradation
0.07045,-0.031125,-0.570634,-0.575801,14.311404,0.534678,2.106635,-0.569793,6,thermal_cycling
-0.446289,-0.281475,0.336768,0.522352,0.201162,-0.50677,-1.27983,-1.164651,12,leakage
-1.707309,-1.113162,0.43208,-1.371722,0.999463,0.323936,0.886431,-0.891765,12,leakage
-0.744975,1.469099,0.185339,-0.935489,0.440454,0.364426,0.615336,-0.032218,12,leakage
-0.994157,-0.709059,0.520233,-0.778922,-1.526408,-0.425629,1.054361,-0.374081,8,sensor_drift
-0.65844,-1.384426,1.022886,-1.259919,-1.188026,0.265936,2.085685,-0.848786,7,electrical_fault
-0.044817,-1.354339,-0.415112,0.812452,0.106888,0.701287,-0.632674,-0.41196,12,leakage
0.485263,0.104007,0.846143,1.55695,0.0,-1.310865,-0.605366,-0.482943,9,intermittent_contact
-0.051834,0.566095,-0.721725,-1.320313,0.204863,-0.095348,2.599459,0.747686,12,leakage
1.68267,1.330771,-0.284589,-0.122354,1.021331,-1.297384,0.237248,-1.163183,3,gear_tooth_crack
-0.973637,-0.591698,0.049558,0.167076,7.244783,-0.583164,0.347049,0.950348,6,thermal_cycling
-0.824403,0.200449,0.76927,0.846624,-0.479617,-0.356074,-0.335168,-0.197621,12,leakage
-0.759882,-0.870833,2.560389,-1.077711,1.674425,-1.639221,-1.199935,0.299057,4,misalignment
-1.129238,-0.101802,-1.587223,-0.701561,13.318533,0.488805,-2.105776,1.320399,6,thermal_cycling
2.441882,-2.922735,-3.419493,-2.162039,1.048904,3.208161,-2.273178,0.695377,1,bearing_degradation
-0.272151,1.12905,0.907533,2.415828,-0.635327,0.162987,-0.77829,-0.424097,4,misalignment
0.292674,-0.613976,-0.218419,-1.374127,-0.126488,-0.545367,-1.378758,-0.289218,10,cavitation
-1.967146,-2.740843,-0.506134,1.181078,1.414038,0.04334,-0.778033,1.386852,10,cavitation
1.770804,0.217694,-0.361366,-0.69828,0.835041,2.224066,-0.503203,0.951287,8,sensor_drift
1.286365,2.966179,-0.336349,-1.441078,-1.435626,1.288857,0.417224,0.080199,2,shaft_imbalance
0.235268,-1.154112,0.889868,-1.900446,-3.516856,2.929148,0.443562,0.376752,8,sensor_drift
2.822331,10.484419,-1.634042,1.099145,-1.356532,-0.336353,0.628218,-0.163927,11,blockage
-0.399341,0.017573,0.995828,-0.894517,-0.368784,0.836474,1.542472,0.999144,8,sensor_drift
-1.005397,-1.533492,-1.122086,-0.234355,-0.990919,-0.22809,0.600444,0.574443,3,gear_tooth_crack
0.718805,-1.730467,-0.924673,-0.190831,0.635901,-0.636206,-0.681996,0.462492,4,misalignment
-0.604068,-0.139808,0.089629,-0.932352,-1.620465,-2.397629,2.952816,-1.668612,9,intermittent_contact
0.139023,1.734432,2.436519,2.302606,-0.814592,0.287611,-1.645864,1.393549,4,misalignment
-0.44156,1.138182,0.420414,0.307931,-1.59888,0.320052,-0.062775,0.537416,9,intermittent_contact
0.555582,-0.622168,0.987405,1.157508,1.436302,0.529413,1.363429,-1.880798,0,normal
1.81267,0.318593,-1.085832,1.14543,-0.768148,-2.231734,-0.707949,-2.008324,4,misalignment
0.774632,1.148661,-0.2938,0.038248,0.843804,-2.450656,-0.101767,-0.224867,7,electrical_fault
0.348694,-0.695563,-0.266552,-2.024339,-0.280387,0.467525,-1.559407,-0.228661,10,cavitation
0.464226,1.648096,0.030486,-0.392416,0.737274,-0.325867,-1.143926,-1.417231,12,leakage
-1.106802,-2.3958,-0.007471,0.428433,-1.09123,-2.79683,2.507583,0.073024,4,misalignment
-0.211997,3.642366,-1.448343,2.164547,-0.348879,-0.863639,0.812914,0.263478,11,blockage
-1.229263,-2.333576,0.230826,1.064126,-0.878416,0.342119,2.302672,-0.624708,4,misalignment
0.893691,-1.335677,-0.646826,-1.012298,0.418608,-0.368966,0.095388,-0.311016,5,thermal_runaway
-2.964529,-0.543496,2.420415,0.434884,-0.559572,0.46508,-1.560958,-0.297323,0,normal
-0.327579,-1.557407,1.340105,0.187529,0.363236,0.526618,-0.441449,1.271155,12,leakage
-0.099884,0.678845,2.675421,-0.733875,0.078836,-0.760805,-0.488834,-1.075957,9,intermittent_contact
-0.73488,0.632341,-0.34353,0.01394,0.192686,-0.222223,-0.327703,-1.049485,12,leakage
-0.629735,0.901694,1.592589,0.437403,0.675868,0.915288,-1.322921,-1.145824,8,sensor_drift
-2.396724,-0.255703,1.58049,-1.610963,-0.683409,0.58846,0.81543,0.057945,12,leakage
0.773171,-0.60146,-0.260369,-1.613553,-0.809878,-0.79011,-0.218141,-0.305919,12,leakage
-0.005777,0.202488,-0.288312,-0.94057,0.076952,-0.881274,-1.142472,0.2698,10,cavitation
-4.567842,-2.952882,7.25135,-2.886777,-0.193213,0.388625,-0.857346,0.270295,1,bearing_degradation
0.376537,2.74559,1.390292,-0.19701,1.029508,-0.573263,-0.101148,1.78392,11,blockage
0.236826,1.902907,-0.453438,0.259808,1.024922,-0.163954,-0.58096,-2.275736,0,normal
0.150229,-0.301942,-2.037687,-0.458207,-0.761457,0.247274,0.619707,0.324633,3,gear_tooth_crack
-0.793645,0.257487,0.509633,0.438477,-4.027806,1.368274,-2.088884,-1.093936,6,thermal_cycling
-0.501994,0.798181,-0.489146,1.337622,1.299509,2.019996,0.274699,1.273958,8,sensor_drift
-0.890295,-0.558902,-0.054906,-0.362728,0.331432,0.457439,2.172707,0.27819,2,shaft_imbalance
2.563211,-0.861465,-1.175074,-0.061183,-0.892479,2.454705,-1.511644,1.137049,8,sensor_drift
0.429877,1.006565,0.0205,-1.284047,0.288871,-1.176065,-0.030752,-0.796483,4,misalignment
-0.093187,-1.096368,0.656298,-1.66547,0.234036,-0.539051,0.434055,-0.228129,12,leakage
0.487416,1.514809,0.0693,-0.743978,-1.464682,0.033146,0.713015,0.2963,4,misalignment
-0.31876,3.153023,-0.374853,0.500791,-1.042955,-0.587187,-1.004931,-0.532056,11,blockage
0.33221,1.527781,-0.018753,-0.269289,-1.158391,-0.273883,0.541265,-0.006371,12,leakage
1.328479,-0.656486,2.013246,0.591321,-1.016017,-0.522238,0.781181,1.052644,0,normal
-1.227302,0.795822,-0.282352,1.173621,0.143133,3.556363,-0.47232,0.389132,3,gear_tooth_crack
3.767595,-0.886999,0.276567,2.06708,-1.124369,-0.291744,-1.476654,-0.38561,3,gear_tooth_crack
0.565749,-0.744589,-0.246499,-0.238628,-2.179898,-0.824157,-1.464885,0.470112,6,thermal_cycling
-0.009216,5.071501,-0.992978,-0.373872,0.780743,1.49437,-0.286618,0.084922,11,blockage
1.461466,5.413382,-2.509202,0.725166,-0.668285,0.518803,-0.358352,-1.70389,11,blockage
-1.372274,1.04786,-0.888638,-0.128735,0.359103,0.483653,0.860681,1.27112,12,leakage
1.480205,0.779257,-0.918999,-0.828669,0.0,-0.116841,0.80555,0.964018,9,intermittent_contact
0.121946,0.275097,-0.955286,1.351726,1.409418,-0.700082,-0.496852,-0.158652,5,thermal_runaway
1.599592,-0.251497,-1.313056,1.643593,2.037215,0.400387,1.792631,0.327615,6,thermal_cycling
0.860968,-0.738943,0.429361,1.138317,-0.586103,0.35111,-0.125179,0.681848,11,blockage
1.891942,-0.888337,-0.935199,-0.654357,-2.17911,-0.327155,-0.654088,0.992313,12,leakage
-3.113233,4.3014,-2.069466,-0.899963,1.149568,0.019746,-0.767807,-0.469605,10,cavitation
0.983018,-0.220578,1.364584,0.479878,-1.002308,-0.314772,-1.597428,-1.01416,1,bearing_degradation
0.282088,0.247007,-0.735752,0.701351,2.845294,-0.374795,0.070995,-0.446205,0,normal
-1.516675,-0.725547,0.912551,-0.258768,-0.030232,0.124615,-1.568429,-1.558734,12,leakage
2.41989,1.07508,0.679236,-0.195455,-0.490907,2.483766,0.240642,-1.135934,8,sensor_drift
0.190836,1.604346,0.576253,-0.533121,-0.809224,-0.696531,0.58883,-1.33162,7,electrical_fault
-1.589478,-0.526035,0.404767,0.085722,-2.300411,-0.566991,1.020822,0.588223,3,gear_tooth_crack
0.16569,2.165735,0.307478,0.927063,0.297228,0.788227,-0.718029,-0.121431,12,leakage
5.505539,-1.693574,-0.967483,1.257667,0.246278,0.493723,-0.579195,-1.343284,1,bearing_degradation
-1.91664,-1.867319,2.584818,1.142433,-0.824069,0.461783,2.189186,0.620462,2,shaft_imbalance
-0.662267,-0.722325,0.715791,1.49699,-0.511635,-0.456801,0.087712,-1.388966,7,electrical_fault
-0.769136,0.66497,-0.698894,1.516683,0.639557,0.861515,-0.418713,-0.621447,12,leakage
-0.30654,0.412003,-0.621113,1.110297,-1.609711,0.816737,0.017709,0.965387,3,gear_tooth_crack
-0.550311,1.818453,-0.034585,-0.759091,-1.723439,0.622887,-0.275237,1.467707,6,thermal_cycling
1.488594,0.393166,0.413795,-1.600911,0.702127,1.009128,0.199937,-0.65555,9,intermittent_contact
-1.293616,-0.01927,0.593286,-2.071134,0.987284,1.469837,1.450366,-0.700943,12,leakage
2.03321,-0.393937,-0.167489,-0.303429,-0.882581,0.335846,-0.736265,-0.185611,1,bearing_degradation
1.690826,0.849153,1.094717,0.195871,-1.375987,0.08462,-1.513688,0.242307,5,thermal_runaway
-0.607703,1.959082,0.694051,-1.450744,-0.264059,-1.482365,0.915797,0.078502,5,thermal_runaway
-1.066275,-0.177762,0.982404,-0.474744,0.079586,0.401847,0.390931,0.254145,2,shaft_imbalance
1.836387,1.047283,0.284605,1.162703,0.527596,-0.07567,-1.240188,1.908634,7,electrical_fault
-1.088699,3.188679,1.121285,0.221369,1.909599,-0.7248,1.365664,1.393401,11,blockage
-1.189579,-0.687444,0.683664,1.04146,0.098678,-0.629868,-0.260113,-0.378484,9,intermittent_contact
0.080532,0.064691,-1.058615,1.695687,1.107116,1.219705,-1.452654,0.351553,9,intermittent_contact
-1.561191,0.948544,-0.096058,-0.398105,0.227418,-0.243372,-0.401632,0.274762,8,sensor_drift
0.103023,1.424848,-1.976787,-0.907026,0.25367,1.052616,-0.131153,0.722555,11,blockage
0.633537,1.875764,-0.88763,1.724748,0.364424,0.016863,0.400124,0.390526,3,gear_tooth_crack
-0.70602,-0.802904,-1.484349,1.034475,1.465624,0.123545,0.61412,-0.522127,10,cavitation
5.959209,1.091064,-1.25828,0.282513,-0.810903,-0.360367,-0.203112,0.609129,3,gear_tooth_crack
-0.905178,-0.487624,-0.74412,-0.717289,-1.008021,-0.482765,-0.894698,0.586584,3,gear_tooth_crack
1.463255,-1.165042,1.05662,-0.005207,0.561218,-0.609386,-0.132739,1.831518,10,cavitation
0.768643,0.80784,0.007055,-0.263115,0.741597,0.70018,-0.98668,-0.848513,9,intermittent_contact
-1.882067,-0.132397,0.271897,-2.336975,1.708601,-2.240676,-0.783194,-1.487541,10,cavitation
0.420603,0.402983,-0.328883,-0.263463,-0.529892,-0.160059,1.441725,-1.629923,5,thermal_runaway
-0.443619,-2.476296,-1.517639,0.404806,0.750064,0.339438,-0.824545,-0.665153,4,misalignment
0.690245,1.506843,-0.962412,-0.611559,0.352138,-1.997423,1.357624,-0.999497,7,electrical_fault
0.726657,4.573019,-2.681852,-1.552218,-1.603221,0.14845,-2.03548,-0.403377,11,blockage
0.448718,0.360866,-1.446637,-1.322336,0.2308,0.12096,1.655894,-0.080209,12,leakage
-5.710746,-0.456581,-3.183616,-0.78687,-1.561597,0.54399,-0.396466,1.539851,1,bearing_degradation
-3.994486,-0.099331,1.900764,-0.030993,1.487491,-1.148133,-0.458278,-0.076196,1,bearing_degradation
0.306268,1.746586,0.15785,1.574779,1.779007,-0.150945,0.854934,0.162368,11,blockage
-0.540721,-0.953678,0.955653,-0.813389,-7.584974,0.031093,-0.463063,0.429467,6,thermal_cycling
0.760935,-0.44069,1.366374,0.744661,0.916393,0.916253,0.443811,2.016384,8,sensor_drift
0.538397,4.533492,-1.312218,1.02454,1.335274,-0.315333,-0.83272,0.442306,11,blockage
1.070687,0.013953,0.468933,0.55547,0.549589,0.049211,1.218545,-0.69014,12,leakage
-1.462457,0.77987,0.752872,0.843174,-1.540734,0.298918,0.675979,-1.031202,0,normal
-0.567197,1.098086,0.263916,-0.532563,1.345013,0.446279,-1.357544,-3.241673,6,thermal_cycling
-0.090289,0.75647,-0.155463,-1.011512,-1.687631,0.615337,-0.145805,0.309858,6,thermal_cycling
0.211556,-0.116721,0.129652,-1.507268,0.101422,2.598611,-1.320148,-0.784051,8,sensor_drift
-2.422505,-1.926115,-3.751408,2.208963,-0.19072,-0.42332,-0.351403,2.507725,1,bearing_degradation
1.602376,-1.0545,-0.340601,-2.517024,1.28013,-0.315748,0.464289,-2.337062,4,misalignment
8.599141,5.322481,7.850768,3.198181,1.06109,-0.688479,0.625745,-0.253191,1,bearing_degradation
0.202801,0.973428,-0.288682,-0.541061,0.894148,1.859138,-1.858888,0.082039,11,blockage
-1.654733,1.082789,-0.688998,1.158036,-0.540492,-0.631572,-1.615166,0.39105,7,electrical_fault
4.00526,-0.628158,0.916065,1.104895,0.164446,0.789209,-2.098631,1.79433,3,gear_tooth_crack
0.557887,2.719402,-0.084334,1.307384,-0.517679,-1.572387,-0.921393,0.61574,11,blockage
-1.973129,3.071225,3.882225,0.621703,-1.404443,0.555864,-0.486359,-1.515118,4,misalignment
-0.420385,-1.643703,-0.052656,-0.083692,-1.377526,5.033914,0.556247,-0.840446,8,sensor_drift
-3.967512,-3.114514,-1.103841,1.54527,0.2091,-0.709897,-0.518796,0.216617,4,misalignment
-0.925268,-1.817645,-0.628343,-0.996692,0.118039,-0.787668,-0.479591,-0.452205,2,shaft_imbalance
2.587208,-9.837988,-4.24722,4.67959,-1.454638,-0.622821,0.744409,-0.3754,1,bearing_degradation
0.90331,0.14391,-1.147876,-2.42328,-0.765579,-0.22285,-0.612929,-0.535217,6,thermal_cycling
-2.13676,-3.185802,-1.610734,2.673153,0.199811,0.504444,-0.624793,0.223256,4,misalignment
-1.028533,-0.460254,3.698713,-0.155039,-0.905175,-0.698632,-1.889398,-1.099462,1,bearing_degradation
1.923373,2.710816,2.588037,1.36008,0.732906,0.240775,-1.809517,1.089509,4,misalignment
0.210345,0.277621,-1.231372,-1.528055,0.588244,-0.763089,0.035277,0.588094,12,leakage
0.938725,1.140051,-0.251062,0.555516,-0.276549,-0.17465,0.109257,1.110051,6,thermal_cycling
4.217537,0.79201,-0.666992,0.499516,1.03352,-0.708748,0.944499,-0.521734,4,misalignment
-2.136511,0.90969,0.688576,-1.088757,0.649651,2.387979,-1.539339,-0.615101,8,sensor_drift
1.373977,0.662286,0.796766,0.722791,1.817146,0.29515,-0.933201,-1.311418,5,thermal_runaway
-1.580814,0.436951,-0.387602,1.841022,-0.54116,0.958317,0.398045,-1.474446,12,leakage
-1.016361,-1.527733,-0.682673,-0.944633,-0.139565,0.638701,0.907584,1.976525,5,thermal_runaway
0.605281,1.059504,-0.565608,-0.827916,2.468706,0.594469,-0.278598,1.239896,7,electrical_fault
0.32026,2.163053,0.821948,-1.570983,-0.83948,1.862443,-1.040267,0.068664,11,blockage
-0.270397,0.739631,2.359772,-0.353244,-0.421153,0.118664,0.987247,-0.566713,0,normal
0.570674,3.618368,1.006394,-0.167052,-0.047245,-0.564456,-1.113487,-0.899155,11,blockage
-1.56043,1.01606,0.163497,0.389015,0.41961,-1.298524,0.302879,0.907454,3,gear_tooth_crack
4.572032,-1.282171,-0.24979,-0.623891,-0.389255,1.155425,0.438455,-0.68053,3,gear_tooth_crack
0.551703,0.869466,-0.862768,1.398514,0.401189,-0.072884,-1.778637,-1.71319,11,blockage
2.518756,-1.457527,-0.926275,-1.072926,1.769272,0.229673,-0.573072,0.896118,6,thermal_cycling
2.686081,4.98794,-2.748985,-3.688369,0.033247,1.721577,1.621924,-0.008176,1,bearing_degradation
0.976907,-0.059999,-1.528738,1.237638,-0.214111,1.091219,-1.395457,-0.120987,3,gear_tooth_crack
-0.640379,2.079236,-2.254268,0.218123,1.007299,-0.57145,0.21944,0.92656,1,bearing_degradation
-1.555779,0.372402,0.340746,0.275938,-2.344882,-2.022938,0.117056,-0.923118,9,intermittent_contact
-0.140276,7.331981,-1.606801,0.373664,0.550277,0.459669,0.228458,2.152602,11,blockage
-0.118729,-3.102761,-1.243991,0.518849,1.200617,0.728837,-0.075715,1.925873,3,gear_tooth_crack
-1.524574,6.685504,-1.183312,-0.539634,-0.707929,0.557577,-1.306843,0.688884,11,blockage
-0.60595,0.790616,2.318401,0.585855,-0.787111,-0.70391,0.841858,0.763782,12,leakage
3.68352,1.209196,1.221986,-1.336181,-0.43307,-0.829092,1.765376,-0.195046,5,thermal_runaway
-0.252155,-0.286023,-2.082983,-0.792058,-0.502227,0.992665,1.214164,-1.096028,12,leakage
0.176325,-0.390085,0.020763,-0.908976,-1.631723,0.4156,-1.895489,-1.352642,8,sensor_drift
0.669378,0.751032,0.214302,0.535539,0.0,0.455596,0.440217,-0.729639,9,intermittent_contact
-0.049559,-0.115499,-0.836057,0.662082,0.650249,0.593555,1.536966,1.449345,0,normal
0.982123,0.032583,0.97308,-0.423682,-2.049864,0.626709,0.030638,-0.479614,5,thermal_runaway
1.354149,-0.669809,-3.052206,0.260197,-1.02494,0.2043,-0.069311,-0.529403,12,leakage
0.963039,0.819341,1.50948,-0.217048,-1.455662,0.921294,0.927087,0.62827,7,electrical_fault
1.887702,-1.240011,0.682348,-0.053014,-0.0102,-1.295294,-0.557735,0.532811,10,cavitation
0.687496,-1.09388,-0.798014,0.839625,-2.136425,-1.606535,0.789125,0.084292,12,leakage
-1.155569,0.034143,-0.698512,2.54154,0.127917,-0.537829,0.705862,-1.232057,10,cavitation
0.71016,-1.00043,-1.544247,0.115408,1.413888,-0.700023,-0.602004,0.599534,10,cavitation
0.996982,-0.334603,1.266071,-1.74818,0.561444,-0.445467,-1.579398,-1.135509,12,leakage
0.333832,-0.041475,-1.225352,0.759756,1.077428,-0.28535,0.795732,2.029093,9,intermittent_contact
1.305021,0.335437,0.899417,0.956315,1.349259,-0.347168,0.942281,2.247619,9,intermittent_contact
0.819694,1.563035,-0.015134,-0.621613,-1.436841,0.646348,-0.902494,2.347547,7,electrical_fault
0.996585,0.428638,0.641917,0.541917,-0.098716,-0.404461,0.705639,-0.832208,12,leakage
-0.719482,-0.694264,-0.94268,0.936569,-0.364377,0.127362,-0.063509,0.731492,0,normal
0.179641,2.593129,-0.720426,-0.171873,2.394685,-0.261134,-0.324442,0.019474,11,blockage
-0.181389,-0.410469,-1.106162,-0.697397,0.321485,0.337927,0.789825,-1.406431,5,thermal_runaway
-1.442393,0.161786,-0.42617,0.747123,6.698644,0.010648,0.893655,1.382459,6,thermal_cycling
0.725564,-1.172486,1.578348,-1.020275,0.283287,-1.63939,-2.040859,0.318291,1,bearing_degradation
1.445575,0.702729,-0.161817,1.368691,1.465618,-0.657637,1.067396,1.740433,5,thermal_runaway
-1.809617,0.469361,2.272992,0.639936,1.473413,0.182915,-0.073218,0.381271,0,normal
0.202306,0.844385,0.011426,1.328961,0.856794,0.84182,0.554117,2.327653,0,normal
-1.420384,0.800298,0.539611,-1.218188,0.997114,2.417267,0.387319,0.622128,8,sensor_drift
0.155408,2.56983,0.596516,0.337355,1.280432,-0.865215,-0.653821,-0.89019,11,blockage
0.687761,1.212884,1.10917,-1.592013,0.301552,1.015515,-1.658336,-0.007905,0,normal
-4.548388,-0.948443,2.241641,3.865832,0.065068,1.703696,-0.706676,-0.537579,4,misalignment
-3.53735,-2.776472,6.38977,-0.120351,-0.140284,-1.089258,1.418906,0.392499,1,bearing_degradation
0.965152,-0.257236,-0.034422,-0.055989,0.449852,-1.148632,0.562552,-0.720888,3,gear_tooth_crack
0.114741,-0.266773,0.314488,1.229088,0.147304,0.18427,-0.22915,-0.505074,7,electrical_fault
0.430767,1.77811,0.433725,-0.618534,0.676488,-0.831754,0.913156,0.064628,3,gear_tooth_crack
-1.205364,0.748772,0.543356,2.347523,-0.343256,0.780681,0.049741,-0.892732,1,bearing_degradation
-0.314924,3.667216,-0.828333,1.019392,0.101517,-1.425858,1.818947,-1.187755,11,blockage
0.114144,2.257691,1.0437,-0.102222,0.708198,-0.135766,-1.396664,1.3372,11,blockage
-1.151469,0.775594,-0.833345,-0.676182,-1.50463,-0.931187,1.10633,-1.25683,6,thermal_cycling
-1.444644,1.929101,-0.416435,-2.749206,-0.350442,2.04539,-1.064038,-0.89965,10,cavitation
4.733993,0.955476,-0.876495,0.334061,-0.022001,0.683553,1.175878,2.280946,5,thermal_runaway
1.602776,1.269001,-1.471336,-1.332587,-1.891836,-0.254333,-1.374795,1.082237,6,thermal_cycling
-0.428136,1.133791,0.031655,-2.130185,-1.660378,0.082414,0.465722,-2.216285,7,electrical_fault
-1.749006,2.484849,2.111757,-0.840212,-1.122427,0.228051,-1.425863,1.364283,2,shaft_imbalance
2.059368,-1.082499,-0.381558,0.415258,-5.838276,-0.116784,0.800501,0.792958,6,thermal_cycling
-0.552491,1.335815,-0.446657,-2.965682,-0.574605,0.217192,0.968384,-0.764869,10,cavitation
0.976609,-0.638612,-0.289589,0.32261,-0.006084,-2.086925,0.513728,-0.911923,4,misalignment
0.422181,-3.262441,-2.305884,-0.253456,3.00977,-0.238824,-1.247116,-0.513492,4,misalignment
-0.070382,-0.2304,-0.396215,-1.54102,-5.902179,0.270521,-0.499749,-0.82641,6,thermal_cycling
0.86194,0.618461,0.153677,-0.240043,-0.107195,-1.607975,-0.80073,1.800161,9,intermittent_contact
-0.201294,0.166873,0.272647,0.187445,-1.20153,-0.253264,0.409843,1.578712,2,shaft_imbalance
-0.294723,-0.929633,2.154482,0.80524,-0.228159,0.471857,0.180026,0.255249,10,cavitation
-4.745917,0.056867,2.411868,-5.98034,-0.386963,-0.597238,1.650369,-0.735506,1,bearing_degradation
-0.725932,0.457412,-0.739511,-0.684963,1.126943,0.974658,-0.706376,-0.733576,1,bearing_degradation
-0.049803,0.470422,-0.321078,-1.208308,-5.252493,0.548619,1.415299,-1.316229,6,thermal_cycling
-0.590544,0.009591,-0.044011,0.627003,-2.341111,2.275402,-1.012396,-2.518303,8,sensor_drift
-1.051996,0.890794,1.210077,-1.212166,2.736483,-0.670983,-0.752517,0.472794,6,thermal_cycling
0.606376,0.473764,-1.237911,-1.71159,-1.525917,-0.184603,0.001306,1.808448,4,misalignment
-1.871223,1.558556,-2.315113,-1.066382,0.245558,-0.429765,0.595854,1.567622,10,cavitation
-0.317907,-0.867005,0.119226,-0.571449,-0.166158,1.882175,-0.16972,0.413792,0,normal
0.595543,-0.613353,0.801106,-0.265874,0.17805,-2.645171,-0.337335,1.263542,5,thermal_runaway
2.27963,0.404447,-0.417253,0.106512,-1.080555,-1.870255,-0.187956,0.971285,4,misalignment
-1.152249,-0.240437,0.102031,0.078989,1.13368,-0.36127,0.352034,-0.988627,0,normal
-0.942113,1.954992,0.089078,-1.267873,-0.231913,-1.458918,-0.633231,0.615752,9,intermittent_contact
-0.507277,-0.013008,1.892762,1.944507,0.996439,0.42761,0.938893,0.871061,2,shaft_imbalance
0.543609,1.613381,-0.490444,0.336971,0.605842,-0.007229,-0.211666,-2.06376,7,electrical_fault
1.476257,0.93235,-0.959739,-1.017508,-1.096054,2.174133,-0.910442,-0.38557,8,sensor_drift
-1.803841,-0.087028,-1.007894,0.612552,-0.204173,-0.070444,1.201578,1.053631,10,cavitation
2.229274,0.99549,0.971139,0.028022,-0.217226,-0.209409,0.390531,1.401186,0,normal
0.929322,-0.472105,-1.296438,0.056402,1.599019,-0.122906,-1.02797,0.525558,5,thermal_runaway
-0.799799,-0.627802,-0.410821,-0.015737,0.958571,0.461414,0.060841,0.276993,3,gear_tooth_crack
2.417223,1.081109,1.298828,0.108538,1.051047,-0.120996,0.102427,0.363032,5,thermal_runaway
-0.636652,1.283388,0.727868,0.74646,-1.776556,-1.734302,-0.793193,-0.248439,12,leakage
2.299589,0.090743,1.785318,0.357319,0.962961,-0.724611,-0.853759,0.459706,0,normal
-0.566416,-0.842916,-0.423315,-0.496089,0.800688,-0.000909,2.310727,-0.536089,12,leakage
0.221678,9.079722,0.935664,0.111465,1.558085,-0.989422,0.094521,0.703919,11,blockage
-0.581747,-0.215329,0.221992,-0.540826,-0.347624,-1.519721,-2.3954,1.976923,12,leakage
0.808649,0.516111,1.944277,0.109976,0.589251,2.809114,1.711729,0.010269,8,sensor_drift
0.893589,0.497115,0.706042,-2.621564,-1.953878,1.784215,0.773874,0.353642,9,intermittent_contact
-0.744986,-2.787196,0.503719,-0.798715,0.768011,-0.220286,-0.571756,-1.743226,10,cavitation
-0.951985,1.510059,1.257989,0.556981,0.204348,0.226108,-0.078736,0.640785,1,bearing_degradation
-0.433632,1.338197,1.276203,0.889289,-1.934955,1.433712,-0.237177,1.678411,9,intermittent_contact
0.044369,0.243787,-0.434087,0.212902,-0.505491,-1.896196,1.140201,-0.565448,5,thermal_runaway
-0.552679,-1.665049,-1.838275,-2.067136,0.616757,-0.826191,-0.254776,0.891916,8,sensor_drift
-2.512943,1.095352,1.446899,-0.577814,0.48614,-0.311709,1.932544,-0.525916,12,leakage
4.778685,-0.391266,-0.666732,-2.45979,0.208809,-0.592744,1.022514,0.410477,4,misalignment
-0.405979,4.315414,0.917903,-0.529658,-0.013386,-0.215792,0.308721,1.657145,11,blockage
-0.972814,-0.479444,-0.235118,0.073031,1.211382,-2.536545,1.252977,0.335463,2,shaft_imbalance
2.003509,0.8242,0.169707,-0.439054,-0.394573,-2.129198,0.25764,0.845483,0,normal
0.701318,-0.567031,0.376257,0.887222,0.327871,0.799127,-2.066639,-0.492857,3,gear_tooth_crack
0.011445,0.248787,0.044212,-0.202914,-1.082427,-0.151052,-0.746098,-1.250316,0,normal
-0.848862,0.05035,1.040338,0.165077,0.554172,-0.264057,-1.572883,-0.251788,12,leakage
0.678269,-1.074726,3.545296,-1.137364,-0.413616,1.277766,-1.427834,1.644036,1,bearing_degradation
4.678267,0.187879,-0.495236,1.823286,0.522328,1.964636,0.901079,-1.80575,1,bearing_degradation
2.105276,-0.955646,-1.256604,-1.307597,-0.565672,-1.616031,0.024222,0.47932,2,shaft_imbalance
-0.416574,-1.002957,1.680913,-1.558211,0.914139,0.581121,-1.603363,1.142407,7,electrical_fault
-0.258699,-1.320887,0.364482,-0.822484,-0.204936,-0.50575,-0.879121,-1.188403,7,electrical_fault
1.268003,1.023314,1.109766,0.371057,0.399859,0.62644,-0.724537,-1.05762,2,shaft_imbalance
-1.893171,0.217273,1.575083,0.488669,0.170625,-0.560449,0.031047,-0.252063,0,normal
-0.325354,0.35472,0.78836,-2.147831,-4.405884,0.487946,0.169141,-0.404856,6,thermal_cycling
-1.351278,-0.753475,-0.132325,-1.070085,-0.096579,0.711962,-1.373261,0.293001,3,gear_tooth_crack
0.866943,-0.846653,-1.153287,-0.862294,-2.672098,-0.32619,0.219596,-1.219337,5,thermal_runaway
1.003476,1.079316,-0.231447,0.59469,-0.243528,1.322136,0.635843,-1.190484,0,normal
-3.533645,0.062407,1.140249,0.254699,-0.104658,-0.257849,1.764312,-1.061127,2,shaft_imbalance
0.490607,0.850861,0.725708,0.784954,0.363263,-0.072412,-0.608367,-1.897936,0,normal
-0.645261,0.818113,0.504601,-0.165542,-0.715234,0.782878,1.79471,-0.027995,7,electrical_fault
0.205044,-0.82428,0.042827,0.988019,2.927658,-0.169478,-1.439757,-0.279382,6,thermal_cycling
0.831774,-2.208143,1.197032,-0.558921,1.669472,1.226216,-0.3274,-0.223716,7,electrical_fault
0.246973,0.199593,1.129994,-1.624984,0.460709,1.995769,1.362946,1.248567,7,electrical_fault
-0.786548,-0.006098,-1.539537,0.735448,2.788252,0.060082,1.191059,-0.261644,11,blockage
-0.340053,-1.478789,-0.198664,-0.367559,0.786208,-0.559562,0.475532,-0.11553,10,cavitation
-1.291882,0.352627,1.912955,0.466178,-0.376212,-0.507105,-0.41034,-0.253963,0,normal
-0.766482,-1.021162,0.485066,0.463561,0.136104,0.292595,1.915075,-0.831088,10,cavitation
0.169433,-1.125073,-0.451363,-0.298287,0.854744,0.083856,-0.352872,2.208972,9,intermittent_contact
0.592135,-0.241645,0.006324,0.697952,0.633552,0.72071,0.626669,0.89839,3,gear_tooth_crack
-0.243896,-2.097451,-0.894207,-0.263073,-0.685853,1.381708,-0.164938,1.288444,0,normal
0.210524,-3.275822,-2.388716,0.234795,-0.58664,0.274859,-0.424948,-1.482164,4,misalignment
7.190983,1.767161,3.004978,0.927705,2.233196,0.185326,0.681372,3.285945,5,thermal_runaway
-0.864974,-0.213551,0.115701,0.58274,0.599689,0.164542,-0.550323,-0.601592,5,thermal_runaway
-1.659226,-0.379705,-1.019948,0.185987,-1.309877,1.180232,-0.82206,1.592674,5,thermal_runaway
-0.705348,-2.199912,-2.256902,-0.611345,0.395577,-0.169409,-0.881603,-0.670062,4,misalignment
-1.051123,0.113204,3.059289,0.814481,-0.625522,-0.136001,0.295468,-0.324543,4,misalignment
1.398312,1.595516,0.097909,-1.186479,-1.090636,2.863653,-1.00378,-1.497244,10,cavitation
1.691307,1.400432,1.590159,-0.539315,8.748596,-0.414445,1.074107,-0.000192,6,thermal_cycling
-0.393491,-0.358287,0.241634,-1.531362,0.484138,0.181825,-0.692153,-0.252671,4,misalignment
1.553635,-0.448628,-3.35767,2.749871,0.136657,-0.819075,0.994956,-0.67754,1,bearing_degradation
0.010692,1.105058,-2.005195,1.452577,-0.19932,0.069163,0.121229,-0.852682,12,leakage
0.155384,0.364638,0.731667,0.659817,-0.109239,0.030444,-0.056361,-0.558842,2,shaft_imbalance
0.460185,3.58914,-0.12644,0.045037,-0.294139,-1.087288,-1.019175,2.125612,11,blockage
1.847881,0.416006,1.806087,-0.274741,2.410717,0.079604,1.14596,0.032853,9,intermittent_contact
0.887232,0.965327,-0.495549,0.817289,-1.031424,0.507497,-1.03481,1.204326,10,cavitation
-0.174175,0.138223,1.087455,0.863151,-0.161721,-0.669995,1.135275,0.773891,0,normal
-0.500361,0.485161,-0.527918,-0.001393,0.986136,-0.557771,0.805679,0.677401,0,normal
-0.445068,3.409729,4.697181,2.22066,-1.008296,0.652721,-1.908061,0.832228,4,misalignment
-2.16211,-4.18744,-0.849648,0.285362,0.170993,-1.570733,0.673865,-0.39338,4,misalignment
-0.644367,-0.060252,-1.071963,0.455024,1.445126,-0.077356,-0.196886,-1.114617,0,normal
0.430527,1.148512,0.455281,0.963085,1.590057,0.479949,-1.221779,0.722137,6,thermal_cycling
1.16208,-0.404399,2.019935,0.30399,1.267207,0.630862,1.315056,0.570339,3,gear_tooth_crack
-0.167796,0.88531,-0.24849,0.544884,-0.957129,5.050469,-1.699659,-0.707764,8,sensor_drift
-0.166729,6.661534,0.162873,0.682275,-0.340287,-0.319464,1.304754,-1.307657,11,blockage
-0.910693,-1.07527,0.543873,-0.368691,0.453392,1.550988,-0.457158,-0.60009,7,electrical_fault
3.825269,-0.799174,0.482888,-1.082872,0.086745,0.780776,-0.981583,0.149365,5,thermal_runaway
-0.122279,0.081064,1.013776,-0.17361,0.758393,1.477386,-0.490882,1.646145,5,thermal_runaway
1.823771,-0.844206,-2.026305,-1.864419,-0.650776,-1.101203,-0.283936,-0.772308,4,misalignment
0.389003,0.830424,0.490529,0.419758,7.507704,1.106959,-2.254335,1.015988,6,thermal_cycling
1.054626,-1.386435,0.075888,1.347953,-2.711569,1.436294,-0.590046,0.91719,6,thermal_cycling
1.920801,-0.360546,-0.358498,-1.385722,-0.535339,-0.38656,-0.850388,0.837788,2,shaft_imbalance
-0.04843,-0.191954,0.235996,0.116792,11.601098,-0.69641,-1.575263,-1.142535,6,thermal_cycling
1.06328,3.306823,1.176011,-1.291603,-1.004309,-0.56921,-0.07475,0.046356,7,electrical_fault
-0.615989,2.677704,0.835465,-0.315787,-0.506133,-0.454044,0.292426,-0.46909,11,blockage
1.451056,-0.133524,-0.543295,-0.037327,-0.198796,1.116711,-0.919506,-1.136364,2,shaft_imbalance
4.697665,6.875436,-2.327894,5.739508,-0.558152,0.45308,-0.014135,-0.192688,1,bearing_degradation
-0.335854,1.548982,-0.290514,-1.049947,0.918819,-0.471928,0.283759,-0.605661,2,shaft_imbalance
1.386952,1.313833,0.80376,-0.847443,0.137181,-0.39049,2.014416,0.410653,9,intermittent_contact
1.128029,-0.683531,-0.667729,-0.368668,-0.689456,1.258653,0.892606,-0.363234,8,sensor_drift
2.70237,1.117152,-0.110604,-0.122543,-0.513559,-0.534173,0.958157,1.001707,7,electrical_fault
-0.528157,3.536192,-2.701249,-0.028085,-1.087907,-1.717865,0.877598,-1.33097,11,blockage
-2.58846,1.378932,1.232121,0.591881,-0.476243,-0.741542,-0.25369,-0.054835,12,leakage
-1.70047,-0.51196,0.368752,2.333583,0.067562,0.592258,-0.827251,0.208653,12,leakage
1.174461,-0.427663,-0.605608,-0.899096,-0.918344,-0.293535,0.886109,1.002935,10,cavitation
-0.632498,1.181739,1.872988,2.097787,-0.106997,-0.579753,0.191283,-0.917184,4,misalignment
2.954978,0.862058,-1.273753,0.401844,1.337059,-0.507048,-1.763755,2.12483,3,gear_tooth_crack
0.241901,0.39855,0.224876,0.342307,-0.16985,0.342463,-0.637934,-1.063499,9,intermittent_contact
0.963714,-0.002166,-0.630276,-0.355708,0.489086,0.878967,1.633154,0.403392,7,electrical_fault
0.291476,0.414468,-0.807652,-1.571914,0.988968,1.344994,-0.115898,0.811101,7,electrical_fault
1.303938,0.310512,-0.153795,-0.66107,-0.428148,-0.355225,-0.323298,-0.310756,4,misalignment
-0.462164,-0.814598,0.273736,-0.783347,-0.04031,-0.594725,-0.312874,-1.332224,5,thermal_runaway
6.489519,0.815848,0.516496,-0.083287,-0.104306,0.854214,1.302843,3.051204,5,thermal_runaway
0.478602,-0.476753,-1.905212,-0.974609,-0.036046,0.101479,0.740004,0.808018,5,thermal_runaway
0.155106,-0.832874,-1.253121,-1.091665,-0.023792,0.763775,-0.675936,-2.075977,7,electrical_fault
-0.675114,0.403954,0.56546,1.836226,-0.202942,0.376044,-1.485055,1.190414,0,normal
0.053035,2.715932,0.463939,1.681272,-1.607227,1.803069,-0.562168,0.824931,11,blockage
-1.607428,1.208179,-1.467926,-1.550379,-1.086973,-0.127837,-0.714319,-0.773623,10,cavitation
-4.968107,-4.892159,0.056727,-4.231568,1.23916,-1.329452,0.569798,1.031524,1,bearing_degradation
-1.801269,-0.059623,-0.668061,-0.09765,-0.620255,-0.977309,-1.101812,-1.838335,12,leakage
2.235181,1.655313,-0.106402,0.727999,-0.326609,0.353664,-0.458316,-0.475282,9,intermittent_contact
-0.830851,1.993456,1.878347,-1.341849,0.582899,-1.141181,-0.378314,0.76596,10,cavitation
-0.272747,2.011563,-0.48844,1.352394,-0.599012,-1.427767,-1.667089,0.303951,7,electrical_fault
1.376344,-0.584554,-0.965598,0.226897,4.317718,0.488506,0.827777,-0.732577,6,thermal_cycling
-0.042959,-1.039983,-0.402769,0.578844,1.3014,-1.273722,1.527528,-0.779746,10,cavitation
-1.398671,1.302601,-1.077294,1.528791,-0.487641,1.528748,-0.653462,-0.877779,12,leakage
-0.511111,-1.401251,0.960096,-0.096106,0.939465,1.465697,-0.865058,-0.34736,5,thermal_runaway
3.769817,0.712962,-0.331912,-0.431846,0.302427,1.605769,-0.782925,-0.01645,3,gear_tooth_crack
0.195711,0.466401,-1.852709,-0.594008,-0.879488,-0.004108,2.205419,-0.535192,6,thermal_cycling
-1.5535,-0.71692,0.003098,0.174126,-1.685883,-0.511451,0.160316,1.408043,7,electrical_fault
1.858636,0.138366,-0.137761,-0.994298,-0.003249,-0.478519,1.801717,0.569367,12,leakage
-0.75019,0.034118,0.860811,-0.15068,0.035368,0.611991,3.205695,-0.579181,12,leakage
-0.08598,1.096921,-0.154064,-0.430854,2.288441,1.652155,0.141633,-0.970478,8,sensor_drift
1.11938,0.281001,-0.760098,0.907004,0.791067,-0.290174,0.662797,-0.537718,5,thermal_runaway
-1.021767,0.137301,-0.488912,-0.410326,-1.37864,0.319257,-1.504064,1.45903,8,sensor_drift
-1.740503,0.017335,-0.121805,-0.468426,2.010926,0.548983,0.726098,-0.931073,0,normal
-0.739415,0.521946,0.096402,0.877867,-0.61885,1.103187,1.402072,1.44461,10,cavitation
-0.745789,-0.831371,0.78593,-1.413502,-1.114342,0.409817,0.909798,0.440607,6,thermal_cycling
1.815911,0.094651,-1.166533,-1.243194,0.049976,-1.074694,0.247557,0.044188,1,bearing_degradation
0.973151,0.32108,0.180281,2.087478,11.016159,0.241074,-0.588988,-1.287421,6,thermal_cycling
-0.821708,-0.999463,3.301778,1.265715,-0.134296,-0.533945,-1.135426,0.266227,10,cavitation
1.637314,0.278575,1.481794,-0.416573,6.173419,-1.683315,0.967977,0.410632,6,thermal_cycling
-0.603913,0.437128,0.249185,-1.619607,0.474584,-1.248819,-0.427918,0.039761,2,shaft_imbalance
1.182531,-0.323985,-0.20407,-0.491656,-0.580651,0.694671,0.255907,0.651748,0,normal
-0.210915,0.334574,-0.624668,-1.598486,-0.352559,-0.748648,-0.126775,-0.598169,12,leakage
1.13395,-0.447656,2.065746,-0.708899,1.029918,1.454523,-1.36158,0.577632,5,thermal_runaway
-1.164481,-0.334347,0.158053,0.718304,1.487305,-0.284795,-0.367526,-2.820989,12,leakage
1.816974,2.135205,0.039731,2.398151,-0.680182,-1.251079,-0.709624,-0.21949,2,shaft_imbalance
-0.651728,0.821461,1.682163,-0.999942,0.151433,0.54062,-1.244256,0.432489,12,leakage
1.734393,-0.546712,-0.970254,-0.139334,0.869017,-0.104222,0.737794,0.226576,9,intermittent_contact
-0.054269,-1.62913,-0.418247,-0.207937,-3.927033,0.611782,0.401543,1.792173,6,thermal_cycling
2.398227,0.537385,0.600973,-1.346041,-0.042305,-0.83538,-0.058783,-0.765096,1,bearing_degradation
0.773535,0.513972,1.091548,-0.886995,-1.671969,-0.477009,1.277244,-0.661099,5,thermal_runaway
-0.61567,0.496148,0.139124,1.468502,-0.259004,-0.925178,-1.461103,-0.768159,12,leakage
0.743254,0.543154,-0.66551,0.232161,0.116686,0.218689,0.871429,0.223596,0,normal
-1.20946,2.158261,-0.440312,-1.315112,4.34797,-0.726073,-1.621861,-1.158399,6,thermal_cycling
0.701911,-0.417205,0.957312,-0.046058,12.728169,-0.606087,0.304563,-0.613872,6,thermal_cycling
0.2902,0.753026,1.368779,-0.779247,-0.210141,2.770913,0.856389,0.5107,5,thermal_runaway
0.350107,6.818273,-0.554532,3.241932,-0.794267,-0.245529,0.436823,2.162363,10,cavitation
1.206815,1.886132,-2.855436,-1.632546,0.467643,-0.248369,0.38268,0.169836,10,cavitation
-0.284613,-1.808757,2.082646,-0.61795,0.480188,0.004725,-0.551456,-2.227694,9,intermittent_contact
-0.658278,2.591481,1.386524,0.100161,-0.407953,-0.145152,0.789707,-0.041866,7,electrical_fault
-1.308839,0.674597,0.896537,-0.359976,1.710541,0.236222,-0.174956,-1.182868,12,leakage
-0.12707,2.189985,-0.558351,0.552847,0.260135,-0.58952,0.161133,-0.447835,2,shaft_imbalance
0.840201,3.81232,0.645508,0.896749,1.993323,-0.848997,0.845999,0.398119,7,electrical_fault
0.943183,0.806004,0.142821,0.324403,-1.43835,-1.973168,0.349184,0.428428,6,thermal_cycling
-0.596606,0.515532,1.168789,-2.164084,0.087337,-0.487143,-1.924021,-1.337168,3,gear_tooth_crack
-0.031396,0.13423,0.207944,-0.322901,2.080314,0.506155,-0.664367,-1.177585,5,thermal_runaway
-1.00409,1.365387,-2.539657,0.712071,-0.163145,0.990549,1.44042,-0.427463,10,cavitation
0.174224,0.64859,-2.14335,-0.579549,-0.785396,-1.135962,0.194343,-0.700735,2,shaft_imbalance
1.900691,-0.034783,1.413777,1.221263,1.150642,0.321162,0.116757,0.005153,9,intermittent_contact
2.074284,-0.135839,-2.234552,1.352038,0.082325,1.388524,0.641682,0.664408,8,sensor_drift
-2.972082,3.327342,1.358895,0.094344,0.925645,-1.977279,1.353836,0.392062,1,bearing_degradation
3.850344,1.458348,-0.931397,-2.531837,-0.34099,-1.079536,-0.472134,0.11767,4,misalignment
-0.600648,1.44792,0.140066,-0.376221,-0.542356,2.102207,-0.993889,1.125829,12,leakage
-2.157743,-0.200187,0.999555,-0.765207,0.920946,0.183609,-0.191491,0.905815,3,gear_tooth_crack
-0.300366,1.608877,-0.471495,-0.506983,0.482386,-1.83651,-0.790534,0.981073,1,bearing_degradation
-0.412008,0.722269,-1.919998,1.314945,2.189182,0.162563,-0.831076,1.163233,9,intermittent_contact
-0.109226,-0.16708,-1.151312,-1.045004,0.128247,0.110525,-0.763977,0.079242,7,electrical_fault
1.474051,-0.264202,-0.466498,-0.004066,-0.389497,2.658845,1.885455,0.005935,8,sensor_drift
0.289458,2.664007,2.51344,-0.760181,1.147733,0.400265,-0.033076,-1.980372,4,misalignment
1.265818,0.84691,-0.360959,-0.244331,-0.36494,-0.670131,0.543726,0.587014,2,shaft_imbalance
-3.204042,-0.494592,0.248834,0.226538,-2.29391,0.95442,-0.806077,0.308379,10,cavitation
-2.225709,-0.888646,-0.249634,2.045073,-0.384915,0.952501,0.135914,-0.292818,2,shaft_imbalance
0.517965,0.095321,0.761037,-0.767955,-0.969074,0.43287,-1.638027,0.511542,9,intermittent_contact
-1.637787,0.554804,0.991742,2.061639,0.647781,-1.08825,-2.173067,-1.518745,10,cavitation
-0.280617,0.10253,-1.671194,-0.434679,-0.568497,0.418563,-0.267646,-2.648873,7,electrical_fault
0.427738,0.140024,-1.230911,-0.373964,2.911119,-1.330074,0.885653,-0.761413,11,blockage
0.567918,4.739717,0.566875,-0.356159,0.731994,1.401477,1.216159,-0.300242,11,blockage
1.664518,0.798681,-0.764395,1.784378,-0.66974,2.691575,1.241924,0.832115,4,misalignment
0.550842,-0.488406,-4.237522,-0.706265,0.523199,0.903377,0.497136,0.531586,1,bearing_degradation
0.774495,-0.038538,1.739648,-0.482232,0.999336,0.097413,0.795778,-0.447158,0,normal
0.778676,-1.502565,-1.005593,0.695379,-1.174375,0.804938,1.935787,0.37329,7,electrical_fault
-3.512861,1.72297,-2.494589,-0.997421,-0.311753,1.138286,0.935024,-1.281994,10,cavitation
0.506282,1.175846,0.407819,1.64033,1.992496,0.598913,0.704013,-0.932045,6,thermal_cycling
0.769514,-0.756427,2.564472,0.387627,-1.284168,-1.144125,-2.177757,0.763646,10,cavitation
0.766687,-1.644102,-0.107208,0.322219,-0.27459,0.397678,0.102094,0.497419,2,shaft_imbalance
-0.029904,0.090553,-0.791542,-1.516697,5.524265,1.5301,0.604233,0.254172,6,thermal_cycling
1.020515,-1.766268,0.737762,0.342301,-0.072635,2.078401,0.486482,-0.440022,8,sensor_drift
1.463969,1.984195,2.018981,2.819278,-0.322473,0.285678,-0.541415,0.966475,4,misalignment
0.65191,2.420773,-0.531481,0.435874,0.37398,-1.064823,-0.564639,0.997386,11,blockage
0.227419,3.033876,0.932854,1.270824,-0.92603,-0.663245,0.396906,1.413786,11,blockage
0.319548,0.371282,-1.182817,-1.678146,0.605775,1.341001,0.220229,0.80527,7,electrical_fault
-1.485356,0.283151,-1.282592,-1.377006,-0.380632,0.430659,1.987759,0.979259,3,gear_tooth_crack
-4.206927,11.25672,-4.82443,-2.099448,0.757638,0.471067,0.275691,0.684998,1,bearing_degradation
-0.755113,-1.35416,-1.779312,-1.199298,-1.446622,-0.880281,0.418047,-1.027425,4,misalignment
-0.552025,-0.155133,1.353074,1.466203,-0.816793,-0.042434,0.090157,-0.98624,0,normal
0.070184,0.376124,-1.671028,2.683477,-2.644266,-0.31886,0.162337,-0.53859,12,leakage
-0.839614,1.235521,-0.250935,1.654633,0.372242,-1.72885,1.048389,0.944489,12,leakage
0.210069,-1.484416,-1.070768,-0.091318,0.357862,-0.046158,0.524253,-0.056768,12,leakage
0.039694,0.960734,-1.952816,-1.973834,0.273804,-0.007117,0.170177,-0.462127,0,normal
4.948893,-5.191254,1.733016,-3.828705,-1.229944,0.667067,-0.196628,0.052366,1,bearing_degradation
0.548602,0.413814,1.385295,0.351666,-0.631701,0.134001,-1.875421,-0.408226,7,electrical_fault
0.192421,1.132052,-2.344298,1.590452,0.375062,1.077843,-1.219876,-0.83077,0,normal
1.815666,-0.691184,0.788013,1.231055,-0.012697,0.120456,-1.716298,-0.716164,2,shaft_imbalance
0.615693,0.209467,1.549995,-1.319956,0.067337,2.138064,0.897053,-0.197044,9,intermittent_contact
-1.039351,0.623717,-1.977474,-1.185813,7.075344,-0.504808,1.299337,0.75426,6,thermal_cycling
-1.657974,-0.970405,0.855527,0.136926,0.691592,0.086443,0.966759,0.369575,2,shaft_imbalance
-0.499391,7.102267,1.377581,0.710406,0.029305,-1.015933,-0.153653,0.059331,11,blockage
0.120872,-0.522479,2.25461,-0.746995,-0.719058,1.279465,-0.727028,-1.065514,8,sensor_drift
1.361238,1.080686,-0.104876,0.570056,0.808506,2.249727,-0.603975,1.509391,9,intermittent_contact
-3.625427,1.113814,-0.619176,2.553085,0.378877,0.244242,-0.264344,0.286195,1,bearing_degradation
-0.717454,1.724344,0.623763,-1.254567,1.840038,-0.960782,-0.016198,2.552123,12,leakage
-0.945381,1.780728,1.147773,-0.227799,0.45936,2.423919,1.000007,0.2382,3,gear_tooth_crack
0.278333,-1.376043,-0.634331,-0.364428,-0.420508,-0.533796,0.007207,-0.535256,0,normal
-0.483228,1.486563,-0.26055,1.019849,0.708572,-1.977058,-0.966227,-1.221288,3,gear_tooth_crack
4.735586,1.274879,2.100819,-0.046295,1.497436,1.32056,0.783948,0.970642,3,gear_tooth_crack
1.243755,-0.473879,1.948965,1.469856,-0.647053,1.42893,1.652492,-0.500947,5,thermal_runaway
0.59117,-0.153073,-1.145361,-0.290681,2.205889,-2.175944,0.166342,-1.010566,8,sensor_drift
0.394969,-0.415497,0.693203,-0.398904,-1.141612,0.739592,-0.611822,1.026612,10,cavitation
4.669075,-1.37771,-3.092577,1.133918,-1.949039,-0.446797,0.162092,0.415666,1,bearing_degradation
0.87557,4.195549,-1.954946,0.437268,1.579734,0.215012,0.040358,0.06641,11,blockage
-0.55457,0.374995,1.286085,-1.539211,-1.347776,1.48662,0.733067,-0.259381,3,gear_tooth_crack
1.37474,0.354419,-0.85589,-0.224934,-0.692426,0.097582,0.309923,-0.341125,3,gear_tooth_crack
0.245822,0.798774,0.778026,-0.125451,-2.029618,-1.513246,0.476002,-0.505362,11,blockage
-0.842567,-0.852595,-0.219513,0.447478,-2.21344,-0.245437,-0.577478,-1.437654,8,sensor_drift
-1.585691,0.104611,-1.913328,0.804184,-0.693008,-1.223121,0.817931,0.559378,3,gear_tooth_crack
-1.064291,-1.313562,-1.352651,-1.052033,0.427568,0.302538,-1.0295,0.492242,10,cavitation
2.401466,-0.452041,-2.248268,-0.062413,0.045479,-0.917011,-0.509517,-0.265301,10,cavitation
1.953236,0.09345,-2.192581,0.035771,-6.771381,0.900984,1.473591,1.524571,6,thermal_cycling
-0.806575,-0.949806,-0.153961,0.108171,-0.369743,0.565047,-0.773782,-0.911623,12,leakage
1.803927,0.260296,0.885219,1.698222,1.156341,0.765343,-1.421727,-0.695679,1,bearing_degradation
-0.672581,0.972504,-0.218052,-0.747662,-0.630973,2.991991,-1.959345,-1.696131,8,sensor_drift
0.123925,-0.429985,-0.307195,0.931133,0.536895,-0.428009,2.201616,-1.529984,12,leakage
1.516747,-0.290089,-0.307149,1.439634,0.985647,0.144898,-1.561013,-0.811855,3,gear_tooth_crack
-3.900077,-1.535702,2.744868,-2.761317,-1.411537,1.674432,0.351571,-0.419241,1,bearing_degradation
1.267822,-0.334653,-0.807768,-1.469296,0.27095,3.592083,-0.074612,0.026631,8,sensor_drift
1.396097,0.289101,3.68251,-1.705155,-1.719927,0.994261,-0.031751,0.792609,5,thermal_runaway
1.286842,-1.909763,-1.279497,-1.032032,-0.06332,-0.365717,1.399136,0.954348,0,normal
0.107531,-0.449301,-1.27619,-0.082794,0.566502,0.17493,0.182508,0.443426,9,intermittent_contact
0.617238,-0.920545,-0.107586,-1.227443,5.974069,-0.004262,0.923861,1.124327,6,thermal_cycling
0.248801,0.978132,-0.540474,0.838506,0.877569,0.357564,1.582269,0.457487,11,blockage
0.0734,-0.292189,0.445361,-0.234477,-2.16955,0.517027,0.985676,1.073697,9,intermittent_contact
0.087107,-0.056883,1.069349,0.573005,0.733396,-0.333262,-0.047558,-0.029861,6,thermal_cycling
1.414716,0.183832,3.077873,0.412256,-1.039753,-0.817136,-1.197858,-0.326152,10,cavitation
0.918308,0.72959,0.134487,0.01744,-3.791832,-0.00406,-1.285487,-0.430107,6,thermal_cycling
0.653403,1.07542,-0.092388,0.74809,-0.903846,0.966631,0.674578,-0.800258,5,thermal_runaway
-1.185101,-0.153298,1.321711,-1.019205,-2.095197,0.398743,-1.677798,1.563355,6,thermal_cycling
-0.205341,-1.266205,-0.631781,1.526023,0.18325,0.950189,-0.786826,-1.323399,8,sensor_drift
0.026428,-0.951722,-0.012252,-0.674367,-0.757711,-1.866893,-0.175541,0.802974,7,electrical_fault
-0.168843,-1.581953,0.009552,-1.100565,-1.734386,0.136873,0.487883,0.526698,0,normal
-0.319107,0.217231,-0.202083,-0.577894,0.252885,-0.503958,-0.628066,0.311453,0,normal
0.605217,-0.562667,-1.056381,1.78514,1.551177,1.255382,-0.85309,-0.495249,1,bearing_degradation
-0.780964,0.136077,-0.126154,-2.305348,0.544975,2.15333,-1.263863,-0.725998,8,sensor_drift
-0.138029,1.144133,-0.788034,-1.07421,-0.061707,-1.130566,-1.722783,-0.344467,2,shaft_imbalance
0.589509,0.305508,0.434202,-0.863776,-1.038733,4.107241,0.872841,-0.618306,8,sensor_drift
1.804602,4.195255,0.62851,-0.136664,1.644821,0.075278,-0.251278,1.797555,11,blockage
-0.253378,-0.159185,0.203388,-1.008536,0.70685,0.662666,0.385038,0.556533,0,normal
0.050667,0.901207,-1.292153,-0.273618,0.446527,-0.182294,-2.346796,-1.234039,11,blockage
-2.238624,6.266612,-5.249477,-5.888567,-0.399291,-1.378564,-0.236606,0.205657,1,bearing_degradation
1.22945,1.058432,0.612809,-2.072995,0.0,-0.364283,-0.341369,0.166875,9,intermittent_contact
-0.193725,-0.832863,-0.137756,-0.322712,-1.041867,2.668609,1.810327,-0.149583,8,sensor_drift
-1.280766,-1.526005,-1.062339,0.104363,0.065983,-0.464412,-1.014069,-1.266596,1,bearing_degradation
-0.321828,-0.021567,0.658635,-0.675595,0.72949,-0.668788,-1.008581,-1.103775,6,thermal_cycling
-1.103278,0.601077,-0.149984,0.396969,0.999077,2.14884,-0.295609,-0.440616,8,sensor_drift
-0.157875,0.025972,-0.374484,0.592506,9.918292,0.35128,-0.229442,-1.499724,6,thermal_cycling
-0.369756,0.074802,-0.472717,-1.766835,0.801957,0.186325,0.366865,-0.141704,7,electrical_fault
-1.638168,0.964317,-0.640659,0.79151,1.442636,0.979788,-0.047344,-0.098399,8,sensor_drift
-0.854054,0.860755,0.077555,0.151155,1.022302,-0.794069,-0.519335,-0.642642,3,gear_tooth_crack
-1.243845,0.639403,0.805792,-0.787103,0.912641,2.054893,1.346663,1.191057,3,gear_tooth_crack
0.492551,0.138855,-0.567027,1.731822,-0.868108,0.139709,0.501807,-1.305706,9,intermittent_contact
-2.198104,-2.76956,0.518577,1.9573,-0.353096,0.801178,0.148728,1.288066,1,bearing_degradation
0.257665,-0.400249,-0.465643,0.872032,-0.30751,0.3661,-0.96251,1.370313,5,thermal_runaway
-1.243779,0.151841,0.145534,0.199616,1.054631,0.305385,-0.029388,0.355175,10,cavitation
-1.121981,-0.793224,-0.160214,-1.512082,-0.883456,3.370943,0.897165,-2.533625,8,sensor_drift
0.014528,0.690104,0.473087,-0.384246,1.019044,1.030195,0.184058,0.962658,0,normal
2.578614,4.030653,2.596976,0.972925,1.392177,-1.971512,0.445398,1.09341,4,misalignment
1.929935,1.271574,0.262775,0.500314,0.141765,0.080401,0.861457,0.417368,7,electrical_fault
1.425687,1.391401,0.155659,-0.599994,1.305954,-2.02256,0.443893,0.739575,3,gear_tooth_crack
0.825671,-0.805718,-0.345157,-2.703818,-0.621462,-0.524415,-1.019585,0.165612,0,normal
-0.421264,4.327542,-2.033859,-0.444023,1.355999,-0.52339,-0.648309,-0.470977,11,blockage
-0.626535,1.316893,-0.590497,1.802069,3.394514,-0.393856,1.508256,1.552233,6,thermal_cycling
0.804785,0.293469,0.568759,-2.11705,0.314677,-0.42554,-0.04016,0.225765,7,electrical_fault
4.2297,0.717382,0.549175,-0.918563,-1.580084,-0.052622,0.804859,-1.85475,4,misalignment
-0.39313,0.352743,0.069041,-0.572122,-3.844515,-0.605269,-0.751659,-0.004977,6,thermal_cycling
-0.189244,0.328662,0.361922,1.320662,-0.342786,-1.476858,1.067222,-0.331488,0,normal
0.495395,0.092147,0.458335,-0.11272,0.401862,0.726363,0.343317,0.290922,3,gear_tooth_crack
-0.159856,-0.247876,-1.394618,-1.321392,-1.378598,1.330934,-0.982686,-0.499562,2,shaft_imbalance
0.609674,3.946748,-0.645159,-0.464687,-0.716913,-0.530346,0.231675,0.017647,11,blockage
-0.298711,0.760697,-0.254679,-0.331682,0.396935,0.027721,-0.440588,-1.001513,7,electrical_fault
0.017822,0.855984,0.608162,-0.427909,-1.300851,-0.27688,-2.10629,-0.836821,12,leakage
1.086345,-0.368308,-0.371205,-1.956743,0.0,1.507314,0.492662,0.926289,9,intermittent_contact
0.290256,-0.48415,-1.712462,-0.046133,-0.630176,3.139862,-0.516624,-1.750667,8,sensor_drift
-1.844135,1.428552,-0.949869,1.676448,1.357327,0.603815,-0.742893,-0.483818,7,electrical_fault
-1.597813,1.919164,1.416805,-0.698661,0.048094,0.453989,-1.262107,-0.844716,11,blockage
-0.704396,-3.054189,0.911508,0.894267,-0.13101,-0.437215,-0.946926,1.938048,2,shaft_imbalance
0.671228,-0.774652,-0.576996,0.313819,-0.491747,0.892856,-0.77451,-0.618947,0,normal
2.516545,-1.893137,-0.108697,0.728539,-0.278076,-0.242822,-0.200292,-1.848437,3,gear_tooth_crack
-0.011162,-0.315673,-0.066631,1.430831,-0.434701,-0.126324,-0.763592,1.105183,12,leakage
1.841265,0.804901,-1.977642,-3.122903,-1.01104,0.294487,-0.117371,-0.084317,4,misalignment
-0.349539,0.387444,-0.476633,-0.290422,4.741639,-0.888597,-0.648421,-1.254589,6,thermal_cycling
-0.269103,-1.23223,0.726233,-1.377789,-0.321176,-0.02186,1.079158,0.577735,10,cavitation
1.401115,1.560133,-0.674991,-0.579316,-0.47158,0.718521,-1.196798,-1.140336,7,electrical_fault
-0.005185,0.50325,1.487429,0.500352,1.782348,0.79014,-1.396712,1.306976,11,blockage
-0.490339,-0.417265,0.313311,0.726409,0.0,-0.550905,1.651604,-0.438427,9,intermittent_contact
-1.067946,1.790351,0.467662,-0.733841,0.185229,0.772684,-0.349369,-1.495144,2,shaft_imbalance
1.579186,0.494557,0.973664,1.24196,1.130099,0.614099,0.598347,0.519661,0,normal
1.11366,-0.852693,0.259542,0.258246,0.485123,0.336957,-0.84381,-1.349867,0,normal
-1.376242,0.823527,-0.933435,-0.92113,-0.216597,0.382571,-1.485321,-1.258863,2,shaft_imbalance
0.554183,0.060604,1.07221,1.159503,0.120492,0.038222,1.734247,0.819085,11,blockage
0.181314,-0.911444,0.824427,0.921151,0.65466,0.745499,-0.270928,-0.928989,0,normal
0.374386,0.631981,-1.404269,0.33104,-0.30262,-0.48279,0.870556,1.479275,0,normal
1.833297,-0.6482,-0.234484,1.667736,0.0,0.916679,-0.348278,-0.720705,9,intermittent_contact
-0.694774,0.55296,0.493192,-0.10252,-1.360688,-0.181502,1.625022,-0.553422,12,leakage
-1.752099,0.094183,1.248758,-1.086568,0.336401,-0.915823,-0.671912,1.477394,0,normal
0.924358,0.034612,-0.282796,-0.106182,0.223122,0.616814,-0.999712,-1.041588,0,normal
2.021046,1.750007,-1.2008,-1.369402,1.326027,1.065376,1.479531,-0.444163,12,leakage
0.196546,-0.102657,-1.436295,1.099847,-8.392198,-1.410316,-0.595682,-0.89272,6,thermal_cycling
0.180151,2.112228,0.413047,0.66822,2.266397,1.774957,1.147859,0.477725,8,sensor_drift
0.347929,-0.611489,0.591195,-0.50811,-0.50814,0.374637,1.430623,0.279875,9,intermittent_contact
0.096327,1.078249,0.533673,-0.062366,0.762617,-0.256872,-0.24712,0.653628,11,blockage
1.780391,-1.230348,-0.371732,-1.038604,0.006042,0.051233,-1.934579,-1.153101,3,gear_tooth_crack
0.355025,-0.981218,-1.001651,-1.421895,-1.316175,-1.278368,0.974267,-1.73637,10,cavitation
-1.929173,-0.601501,2.868769,-1.821373,0.24105,-0.242896,1.83642,-1.111038,5,thermal_runaway
-0.780842,0.400384,0.779562,0.279922,-0.786659,-0.837701,0.731879,1.156401,9,intermittent_contact
0.101146,-0.672418,-1.054375,-1.304266,-2.558166,0.010945,-1.144776,1.002427,6,thermal_cycling
0.862876,-1.54708,0.754246,-0.58239,-0.286076,3.138568,-1.402624,0.590703,8,sensor_drift
-5.050836,-0.937715,8.989406,1.020056,-0.526206,0.845984,1.082197,-0.521336,1,bearing_degradation
1.346212,-1.575544,1.827355,-0.735982,0.260614,-0.496253,-1.156009,0.46159,7,electrical_fault
-1.138407,-0.50039,-0.195466,0.161819,0.443684,-0.196338,-0.769085,0.425558,9,intermittent_contact
0.943211,0.369947,0.018122,0.01278,-1.559765,-0.906568,1.121288,-0.505537,5,thermal_runaway
-0.734389,0.621048,-1.019072,-1.857839,0.30323,-0.633951,-0.016267,1.282416,5,thermal_runaway
0.525283,4.409851,1.27591,-0.484593,1.344587,0.03477,1.072925,0.56743,11,blockage
0.814202,0.388085,1.249169,0.019247,-0.988813,0.378949,-0.060661,-0.512423,8,sensor_drift
1.464511,0.130324,-1.521128,1.584455,1.136823,0.102815,1.198769,-0.494322,9,intermittent_contact
-1.494913,-1.275773,0.81389,-1.664632,-6.437367,-0.428546,-0.194758,-0.673846,6,thermal_cycling
0.739013,-1.636367,0.531712,0.049648,-0.097826,-0.0227,0.204552,-0.691887,2,shaft_imbalance
-0.839603,0.372353,-2.48958,-0.950335,-0.006121,-0.363357,-1.300617,-0.499656,3,gear_tooth_crack
-0.008795,0.5132,-0.418849,2.229732,-1.56793,1.260937,1.367907,-0.852159,0,normal
1.364423,0.454672,0.24736,-0.326749,0.284959,0.688976,-0.545105,0.98974,5,thermal_runaway
-0.069808,-0.494594,0.670173,-0.25071,-0.246895,1.264491,-0.804325,0.654309,5,thermal_runaway
-1.268014,-2.749676,-0.234126,-0.188384,-0.424463,1.078879,1.19852,-0.170388,0,normal
1.309526,1.340254,0.51699,-0.455117,-0.239471,-0.80415,-0.994773,-1.044416,0,normal
-5.024917,2.460398,0.254436,1.879393,0.180821,0.497369,0.240584,0.09861,10,cavitation
-0.221045,-1.980364,-0.127341,0.68297,-0.430852,2.987722,-0.480461,-0.615207,8,sensor_drift
-1.31025,-0.07022,0.389217,-0.45104,-0.485629,0.32691,1.514823,0.144969,2,shaft_imbalance
3.771335,1.486532,-1.432317,-4.496461,-0.424385,-0.643812,0.45054,-0.878168,4,misalignment
-0.321765,-1.859676,0.594376,1.24679,0.910708,0.812628,0.8394,0.699694,3,gear_tooth_crack
0.144405,-2.661812,-0.13378,1.269915,-0.781295,0.43825,1.460851,0.891809,4,misalignment
-0.039013,1.898589,-0.033053,0.520658,0.33685,-0.248744,-1.120277,1.077028,11,blockage
-0.253242,-1.422772,1.469644,0.725732,0.762976,1.488418,1.723209,-0.891734,5,thermal_runaway
0.816776,0.625085,1.251725,-0.521323,-0.435407,-0.479103,0.790802,1.498374,0,normal
0.495614,0.871809,0.454279,0.281713,0.711247,-2.426634,2.089052,1.58973,3,gear_tooth_crack
-0.120622,7.432751,-0.894229,0.935345,0.008243,-0.09357,0.14737,-1.445891,11,blockage
0.443692,1.49097,1.048277,1.815829,-1.261303,0.380283,0.078889,-1.360369,4,misalignment
0.000425,1.464467,-0.064124,0.18089,1.093352,1.525536,-0.969334,0.932028,11,blockage
1.878054,1.853916,-0.819501,0.95174,0.51634,0.243404,-0.66086,-0.891306,10,cavitation
-0.195625,-0.304986,-0.383706,0.071919,0.231967,2.638079,0.143168,-0.42963,12,leakage
-1.793822,-0.233536,0.025266,-0.272006,-1.275896,0.607186,-0.464235,0.13675,10,cavitation
1.10288,-0.960128,-1.734629,1.966844,-0.817503,1.100377,0.60859,-0.782262,9,intermittent_contact
0.42908,0.12916,-1.83864,1.020164,1.476907,-1.848789,1.012025,1.683093,9,intermittent_contact
-0.307382,0.039881,0.664146,0.215191,-0.372818,-0.743421,-0.010099,0.658019,5,thermal_runaway
3.293604,-0.322584,0.449434,0.71834,-1.481281,0.352463,-1.430519,0.173617,3,gear_tooth_crack
1.743739,0.776802,-1.904426,-0.14907,1.925318,-0.309437,1.864096,1.023644,7,electrical_fault
-1.733928,3.432375,5.335048,1.881376,0.46694,1.579632,0.230475,0.786715,4,misalignment
1.151652,-0.665259,0.788832,-0.85731,-0.56992,-0.358656,0.453173,-1.087008,7,electrical_fault
1.616874,0.131027,-1.002344,-0.109727,-0.035611,-1.364742,-0.255832,-0.742192,0,normal
0.445813,0.902334,-0.103908,-0.676994,-2.327737,-0.38718,-0.682407,-1.143053,7,electrical_fault
-1.345846,2.294022,1.463816,-0.867528,-0.647278,0.494931,-0.624121,-2.117243,1,bearing_degradation
-0.759393,2.213299,0.697347,-1.703793,0.0,0.685152,0.657792,0.583125,9,intermittent_contact
-0.144626,0.731961,-0.971258,1.419388,0.211377,-0.22869,-0.968025,0.62694,7,electrical_fault
-0.633623,1.082007,-1.297243,-1.163802,11.350846,0.849306,-1.549239,-1.772055,6,thermal_cycling
-0.36597,1.921397,-0.067178,0.283423,1.126932,-1.232162,-0.839697,-0.223699,3,gear_tooth_crack
0.06186,1.555319,0.348002,-0.942692,-0.435298,-1.144578,-1.889788,-1.162138,7,electrical_fault
0.736184,0.697105,0.19175,-0.258815,-0.220688,-0.460401,-0.400391,-1.811035,5,thermal_runaway
-1.130651,5.536064,-1.299574,-0.720868,-0.780579,-0.172593,-0.686317,0.324859,11,blockage
3.377718,-2.409508,-1.407081,-0.19959,-0.974782,-0.395868,-0.40259,-0.587024,1,bearing_degradation
0.853592,0.239656,-0.576768,-0.548088,-0.290891,0.672441,1.553631,0.605162,8,sensor_drift
-0.869047,0.177396,1.212519,-0.323792,-1.691963,-0.017563,-0.902423,-0.342341,0,normal
0.174874,-2.366956,-3.025595,-1.557979,-2.041323,-0.47499,-0.452798,0.23979,4,misalignment
2.178038,-0.439331,-2.353824,-2.426386,0.981495,1.178692,0.554944,-1.616771,4,misalignment
0.60357,0.242011,-0.391517,-0.190432,-0.325553,-1.746944,0.061253,0.522455,3,gear_tooth_crack
0.541732,-1.113059,0.217021,0.540662,1.461731,2.60509,0.538447,-0.347884,8,sensor_drift
-1.27362,-2.343446,0.792689,-0.894173,0.807097,0.734223,1.146852,-0.840624,1,bearing_degradation
0.481029,0.507728,0.603007,-0.373409,2.121143,0.234431,-1.862485,-1.002376,0,normal
-0.508804,-2.168299,1.26109,0.2263,-0.147999,-0.692943,0.311776,0.883451,9,intermittent_contact
-0.625624,1.075723,0.356756,-0.304478,0.446461,-0.060092,0.012579,0.656819,0,normal
0.036995,0.460275,-2.039192,-1.769233,-0.182079,-2.86962,-0.484702,1.078989,1,bearing_degradation
-0.151517,-1.195128,-1.127641,0.627512,2.029461,5.628371,-0.381889,-0.226718,8,sensor_drift
1.513173,0.211168,1.382533,0.249471,0.853266,1.013569,0.175974,-0.028336,12,leakage
1.148405,0.769926,2.055141,0.176336,0.511535,0.300228,-0.624111,-0.144144,2,shaft_imbalance
0.114449,0.050953,-0.79911,2.167182,0.311373,0.437673,1.044492,0.362593,1,bearing_degradation
1.43257,8.620132,1.951659,-1.699518,-1.910123,1.560704,-2.806229,-1.215489,11,blockage
-0.110181,-0.208374,-0.34141,-0.119658,-0.405814,-1.135418,0.86258,0.516258,5,thermal_runaway
1.026305,1.194547,-0.320902,-0.071583,0.136448,0.733532,-0.729731,-0.014512,9,intermittent_contact
-0.624779,-0.593535,-2.773138,-7.640749,0.791131,-0.17222,0.434393,-1.502941,1,bearing_degradation
-1.756068,-1.686421,0.763698,0.874042,0.35721,0.187225,-0.706167,1.468133,7,electrical_fault
-0.073479,0.426124,-0.023423,-0.500618,-1.549257,-0.510835,-1.073702,-1.726607,0,normal
2.476429,3.141324,2.857746,-1.831729,-0.773195,0.509118,1.341116,-1.212891,1,bearing_degradation
1.816527,-0.881238,0.21744,-0.035825,-0.100298,-0.114322,0.107105,0.847959,0,normal
-2.748047,0.903975,0.841037,1.409692,0.353239,-0.448301,1.023403,-0.701462,9,intermittent_contact
1.230245,1.748175,0.23471,-0.361685,-8.156638,0.47035,-0.210707,0.968075,6,thermal_cycling
-0.137336,-1.306493,-0.162002,-1.030391,0.755811,0.433182,-0.570576,1.090299,5,thermal_runaway
1.485732,1.662552,-0.385475,-0.185954,0.025623,-0.125756,1.203078,0.28359,10,cavitation
0.322589,-0.607871,-0.159401,0.47128,-0.672851,0.301859,1.445602,0.964056,5,thermal_runaway
-0.935308,1.412554,-1.716318,0.193194,0.502874,-2.310201,-1.090293,-1.365256,12,leakage
0.097831,1.289946,2.570191,2.318726,-0.424608,0.02143,-0.556789,1.020427,4,misalignment
0.016,0.809961,0.909834,1.386041,0.513997,0.275875,-0.0368,-0.258403,6,thermal_cycling
5.657338,-0.517092,-0.997254,1.870346,0.585279,1.548565,-0.824558,0.244061,3,gear_tooth_crack
2.941706,3.883522,1.511097,-1.824691,-0.80903,0.711929,-0.635707,-1.524581,4,misalignment
-0.630962,1.057189,0.378639,-2.044728,-1.225392,1.501236,0.401928,-0.762196,0,normal
0.968825,-1.655997,-0.28753,-0.062868,0.395467,0.330703,1.753141,0.910404,10,cavitation
-1.467416,0.05926,0.182125,-0.074878,1.974377,0.282351,-0.084021,0.581125,5,thermal_runaway
-0.841646,1.134298,-0.035742,-1.38377,-0.530493,-1.095158,0.081154,-0.793591,9,intermittent_contact
-1.691308,-0.436521,0.144865,-0.71678,-0.476219,1.446075,0.971744,-0.258676,7,electrical_fault
-0.206262,-0.275781,0.92775,-1.453201,1.093633,1.022607,-2.464895,-1.207389,8,sensor_drift
-0.844872,-0.86159,0.963504,-0.518827,0.229119,0.488041,0.328801,-1.340784,10,cavitation
1.062859,0.104823,-0.408089,2.121489,-1.246298,0.505336,0.804261,-0.642664,10,cavitation
0.552483,1.822727,-1.084015,0.125689,-0.909355,0.820487,-0.554048,0.169038,5,thermal_runaway
0.519832,0.699976,-0.191846,-0.63156,0.665063,1.55134,1.10601,1.581659,5,thermal_runaway
-0.033836,-0.798603,-1.766683,-0.907791,-0.519175,2.087619,0.109832,0.648636,12,leakage
0.073275,0.037523,-0.090871,-0.030833,-0.214375,-1.441979,-0.516511,0.914624,0,normal
-0.238659,0.528768,0.628058,-0.020091,-1.095936,-0.798776,1.148153,1.251308,3,gear_tooth_crack
1.111715,0.298804,-1.791916,-3.161682,1.258099,0.711188,-0.43455,1.103594,4,misalignment
0.269274,0.962065,-1.149089,1.587415,-3.065036,1.427769,-0.841257,0.380179,10,cavitation
0.479976,-1.336615,-0.369249,-0.973244,-1.287893,2.312648,-0.566054,0.927232,10,cavitation
-1.330534,2.282461,-0.61184,-0.639704,-0.616913,0.107278,-0.776239,0.491681,11,blockage
-0.774316,-0.119396,-0.02932,-1.221767,1.762727,-2.212773,1.193723,-0.820869,2,shaft_imbalance
-0.47374,-0.301448,0.215831,-1.251772,0.091689,-1.38877,-1.052628,0.178214,7,electrical_fault
-0.010639,-1.376387,-0.316198,0.365364,0.612965,-0.140988,1.531779,1.007511,0,normal
-0.991967,-0.23316,-0.724396,1.029622,5.542768,0.156903,-1.51817,0.432238,6,thermal_cycling
-1.586467,0.307726,1.632576,0.895345,1.223124,-0.077928,-0.123203,0.578371,12,leakage
2.845546,0.542473,0.43153,-0.477811,-0.464747,0.412791,1.029202,0.825069,4,misalignment
-0.841379,1.153427,0.365976,0.241673,0.686954,1.72283,0.170955,-0.11304,1,bearing_degradation
-1.117384,-0.458675,-0.293192,1.937231,1.105993,-0.962091,0.347708,-0.407078,0,normal
3.600841,1.370224,-1.064138,-2.501916,-0.647017,0.037723,0.383169,1.718237,1,bearing_degradation
-1.570113,-1.159778,-1.603574,0.635539,0.657106,1.030565,-0.714421,-1.997597,4,misalignment
1.178853,2.754781,1.527154,3.664174,-0.275125,1.745745,0.548051,-3.009513,10,cavitation
0.601678,-1.373984,-0.380975,-0.114154,-1.033359,-1.667741,-1.17477,-1.80973,9,intermittent_contact
0.978051,-0.101251,0.544247,-0.552245,0.01377,-0.092209,-1.998343,-0.809506,7,electrical_fault
0.087522,-0.663275,0.576611,1.474185,-0.217101,1.15775,0.733838,1.573284,12,leakage
-0.860343,3.440419,-4.419191,-5.826852,0.674023,1.918164,-1.995908,1.519388,1,bearing_degradation
-1.004801,0.991123,2.735866,0.675418,2.156921,1.06803,-0.557098,0.290191,6,thermal_cycling
-2.405272,0.36158,-3.036202,-2.43483,-2.014714,-1.017989,1.20042,0.403588,1,bearing_degradation
-1.549632,9.639358,1.03343,-1.236254,-0.369223,0.292435,-0.437574,-2.065643,11,blockage
-1.67511,1.05826,0.427914,-0.15322,1.35988,-0.349807,0.002298,-1.21675,12,leakage
1.350104,3.746887,-0.51909,1.894471,-1.407612,-0.356626,0.612499,-0.045482,11,blockage
-0.297964,0.872278,0.016894,-0.611563,-0.131963,1.481757,2.552144,0.42558,12,leakage
-0.773891,-1.168542,0.750905,-1.000842,-2.524752,-1.029549,-1.174461,1.106537,6,thermal_cycling
0.294805,1.595239,1.24292,-1.109825,-0.652388,0.591609,-0.687656,-1.074591,4,misalignment
1.257346,-1.192103,-0.030385,1.178137,16.775458,1.267016,-0.438954,0.711338,6,thermal_cycling
2.164892,1.034004,0.581887,0.388607,0.258215,0.318527,-0.557474,-0.987625,4,misalignment
0.696041,0.410702,0.95408,-0.306227,-0.297514,-0.291269,1.434584,0.282923,9,intermittent_contact
1.083055,-0.583444,0.301689,0.132851,1.144096,0.393067,-1.386161,2.091657,7,electrical_fault
-0.205162,-2.003522,1.604254,-0.457699,0.10788,1.309551,-1.60226,-1.251647,0,normal
-1.18707,-0.363261,-0.254608,-1.507326,-0.985158,-0.860842,2.457424,1.801742,0,normal
-0.441988,3.167856,-1.502786,1.584385,0.563408,0.830147,-1.871711,0.504838,11,blockage
-0.594145,-0.612627,0.423437,-1.076392,-0.71683,1.549236,-1.072042,-0.732499,10,cavitation
-1.468264,-0.232367,0.256634,0.177591,0.539305,-0.917049,0.064943,0.420323,0,normal
-1.341531,-1.084583,0.414283,0.498906,0.794176,-0.392614,-0.408678,0.568089,12,leakage
2.271775,-1.107669,-0.510787,0.189858,-0.343267,0.719498,0.484931,-1.768186,4,misalignment
0.111452,0.045831,-0.354397,-0.261092,0.889715,3.848268,0.959738,1.440873,8,sensor_drift
-0.88123,-3.082191,1.198178,0.611307,-0.569226,-0.469799,-2.084656,0.217796,10,cavitation
0.685926,-2.331755,0.654541,0.18208,2.114036,-0.681813,-0.143982,-0.910183,2,shaft_imbalance
-0.198988,-0.351235,1.351167,-0.718236,-1.394769,0.795716,-1.420394,-1.927943,2,shaft_imbalance
-4.293779,-2.072669,-0.905886,2.325159,0.587576,-0.452878,-0.806965,1.78981,4,misalignment
2.133452,-0.669153,-0.728457,-1.687231,0.726731,-0.582149,-0.470036,-0.516937,2,shaft_imbalance
-1.39099,0.842469,-0.262467,-0.171778,-1.121669,0.583897,0.402131,-0.155498,5,thermal_runaway
0.448687,2.505531,-0.066375,0.381312,0.741711,-0.022373,0.499901,-0.841375,11,blockage
0.511823,0.468818,0.613511,1.495016,-1.684112,1.513838,1.850417,0.568071,3,gear_tooth_crack
-0.465768,2.374607,-1.737715,0.203633,-1.127953,-0.493401,0.141419,-2.325371,0,normal
-0.401874,-0.339639,0.743227,0.061708,-0.591788,0.604569,0.992662,1.055917,8,sensor_drift
-0.266817,0.12621,0.992384,1.729893,1.784223,-0.44235,0.934551,0.425629,7,electrical_fault
-0.274149,-0.892468,-0.370277,-1.776634,4.52361,-3.10185,0.88802,0.615262,6,thermal_cycling
-1.237578,-1.297953,1.189921,-1.315638,0.840601,0.055348,-0.417822,1.466525,5,thermal_runaway
0.223141,-0.235212,-0.555544,-1.282417,1.525119,0.316476,0.0146,-0.932725,2,shaft_imbalance
-1.797763,9.860898,-2.127522,0.455123,0.02047,-0.298285,-0.542079,1.175786,11,blockage
-0.133979,0.493306,-1.61156,-1.441558,0.371787,1.507543,1.15144,0.660858,4,misalignment
0.480143,-1.744586,0.927438,0.45442,-1.110431,-0.471525,0.263717,0.052467,0,normal
-0.204894,-0.057549,-0.188186,-1.361697,0.394722,-0.491664,0.112073,-0.084931,11,blockage
2.767436,0.834526,1.049499,0.843937,1.479462,-0.190072,-2.054761,-0.188586,0,normal
-0.329339,-0.898023,0.735559,0.946047,0.322397,0.071544,-0.78239,0.47984,9,intermittent_contact
-0.980211,0.922895,6.674417,-1.536354,1.251109,1.448934,2.800086,0.758156,1,bearing_degradation
-0.562,-0.902744,-0.918862,-0.405262,-1.947483,-0.3676,0.035011,-1.043134,10,cavitation
-0.01866,0.936558,1.059584,-0.889719,0.906123,-0.504445,0.200274,-0.037164,4,misalignment
1.711393,1.948887,-1.599618,-2.920906,-0.030683,-0.018549,0.380962,-0.344101,4,misalignment
1.582927,-0.435545,1.144768,0.267303,-1.307417,3.31895,0.11588,-0.836697,8,sensor_drift
1.235247,0.013356,1.10494,0.276959,0.458559,0.363009,0.697488,2.27743,0,normal
0.664748,1.354348,-2.561257,1.253664,-0.568541,-1.703373,-0.160767,-0.518586,11,blockage
-0.997263,-0.167239,0.432033,0.30616,-1.692618,0.166098,0.025426,-1.898279,9,intermittent_contact
-0.05845,-0.090109,-0.584937,0.601313,-1.382625,0.312822,0.91347,1.675072,5,thermal_runaway
-2.70138,-0.655774,-1.893536,-2.957497,-0.483571,0.09289,-0.339112,-0.894917,10,cavitation
-0.297111,3.141438,1.588155,0.394048,-1.323533,0.665485,-0.220326,-0.564089,11,blockage
-0.160458,-0.364686,-1.254347,-1.308659,0.568383,2.190211,-0.5595,1.408996,8,sensor_drift
-0.157361,-0.57819,2.496028,0.038217,0.296517,-1.139421,0.885107,-0.123465,7,electrical_fault
0.176092,-1.763409,-0.671961,0.489205,1.189688,2.349416,-0.428254,-0.865125,5,thermal_runaway
1.676868,1.858946,-0.354891,0.305534,0.943005,0.765383,-0.169457,0.076105,5,thermal_runaway
1.27551,5.161278,3.782797,-1.131174,-0.120878,-1.293672,0.414714,0.225776,11,blockage
0.143902,4.015863,-0.9124,0.042332,0.719109,-1.517368,0.748144,0.134653,11,blockage
0.389757,0.651892,0.433747,0.982743,0.051804,0.169607,-1.000909,0.983074,12,leakage
-0.159532,-0.733293,-1.176794,-0.420248,-0.776004,-1.184032,0.236671,-1.072021,11,blockage
-4.203148,1.754028,0.321506,-1.516691,0.396409,0.216344,0.935512,2.165491,10,cavitation
3.811583,1.448039,1.756788,0.77454,-0.101418,-0.525545,-0.429065,1.587454,3,gear_tooth_crack
0.928139,-0.898691,1.425826,-1.386032,-8.437522,0.754068,1.458695,1.888901,6,thermal_cycling
-2.996332,7.041044,-1.360687,3.426381,-0.391198,-0.538712,-1.109421,0.208642,1,bearing_degradation
-0.464986,-0.529338,0.262192,-1.198733,-0.601692,1.295726,0.571821,0.587027,8,sensor_drift
-1.41644,0.080737,0.955585,-0.084759,9.24716,1.340599,0.903582,-0.537256,6,thermal_cycling
-1.132654,-0.210569,-0.59899,-0.70182,-0.250088,0.899891,1.105669,0.926206,3,gear_tooth_crack
-0.133066,0.7638,2.023221,1.719498,0.889507,-0.625269,0.707945,-0.368033,10,cavitation
1.460472,0.618699,0.217677,0.907221,-0.628693,0.490493,1.197253,0.718822,5,thermal_runaway
0.339675,0.159718,-0.939751,0.53542,-1.50555,1.562138,-1.402565,-0.34644,2,shaft_imbalance
-1.900035,-0.15452,-0.867712,0.231433,-0.79101,0.605681,0.981028,1.20357,3,gear_tooth_crack
1.830016,0.405158,0.921024,-1.336139,1.991917,0.12462,-0.708092,-0.301091,2,shaft_imbalance
1.016734,-2.836958,-3.936159,-4.052849,1.3093,-0.86362,-0.452305,-0.600878,4,misalignment
0.098016,1.404913,0.728507,0.406092,0.817602,0.76429,0.041069,-0.35482,7,electrical_fault
-1.361681,1.272499,0.130411,-0.922696,-1.181998,-1.705619,0.564491,1.922456,12,leakage
-1.261022,2.118021,-1.045308,-0.004785,-0.356291,-1.3342,0.888171,0.498954,12,leakage
-0.980774,2.000181,-1.230886,1.298127,-0.07382,0.433347,-1.436713,2.593577,9,intermittent_contact
0.022382,-0.485547,-0.171689,0.809108,-0.669251,0.974148,2.199587,0.604009,7,electrical_fault
-2.241133,1.398301,-2.247719,0.570354,-1.029197,-0.055035,-0.168896,-0.547292,10,cavitation
-0.730137,-0.103515,-0.431181,0.13145,-0.068466,5.853239,-0.620719,1.274185,8,sensor_drift
1.076719,-0.139907,1.573298,-1.293625,-1.49405,-1.32405,1.707248,-1.62728,10,cavitation
1.274617,0.417608,-0.022961,-0.626871,0.60555,0.575713,0.282985,-1.106454,12,leakage
-0.269373,2.301672,0.501352,0.402691,-0.270674,-0.111957,-0.104787,-0.078373,1,bearing_degradation
-0.330819,7.984351,1.099296,1.392865,0.560074,0.716922,-1.299035,-0.69256,11,blockage
0.962977,0.278641,1.423069,1.133191,1.496682,1.368628,1.56295,-1.153143,3,gear_tooth_crack
-0.119577,0.116019,0.920361,-0.052671,0.399103,-0.5416,0.572096,0.37573,1,bearing_degradation
1.332146,3.464641,-2.885293,-4.204226,0.868068,-0.087371,-0.693081,-0.635234,1,bearing_degradation
0.890366,-0.362884,-2.39595,1.135089,-1.049102,1.382771,0.536808,-0.976013,2,shaft_imbalance
1.239632,0.282107,-1.227867,-0.986056,0.746275,-1.362492,-1.331114,0.008831,3,gear_tooth_crack
0.785108,0.858339,0.011912,0.250052,1.929645,0.651178,-0.782206,0.750533,9,intermittent_contact
0.342988,1.226231,-0.56538,0.073551,2.194412,0.585281,0.582796,-0.767543,7,electrical_fault
-0.339383,0.613243,0.108186,0.112557,-0.982298,0.297065,-0.397913,-0.344382,8,sensor_drift
-1.515247,-0.130817,-1.290856,-0.684201,-2.513158,-0.073846,1.66907,-0.072198,6,thermal_cycling
0.549534,-0.466113,0.068216,-0.684964,0.453086,0.073296,-0.328921,-0.932968,6,thermal_cycling
-1.564151,-0.590408,-0.486048,-1.458888,0.289361,0.811494,-0.128439,1.408917,2,shaft_imbalance
3.427308,-3.318818,2.988889,-4.870353,-1.402071,-0.090658,-1.235624,-0.108121,1,bearing_degradation
5.838518,1.266407,1.301373,-0.205502,0.901133,0.792552,1.5417,0.525433,5,thermal_runaway
1.621131,0.594033,0.330648,0.555021,-1.792892,-0.49318,-1.527301,0.124686,5,thermal_runaway
-0.144744,-0.448395,0.753434,0.461587,12.76997,1.013589,-1.86568,-0.60313,6,thermal_cycling
-0.202444,0.660604,-1.001643,-0.346019,-0.920577,2.936718,-0.910401,2.059849,8,sensor_drift
1.368785,0.055939,0.496121,0.366333,-0.288285,0.404982,2.234386,-0.270397,0,normal
-0.433322,-0.120646,-0.434311,1.869042,-1.44573,0.093641,0.312983,-1.128023,9,intermittent_contact
-1.964403,-0.673486,3.69441,1.594357,-0.078685,0.717862,0.187822,-0.439959,4,misalignment
-0.581721,-0.36547,-1.375914,-0.628371,-0.72861,0.771533,0.809121,-0.14581,0,normal
-0.826973,-0.368813,0.175663,-0.104282,0.813958,-0.729555,-0.310651,0.198047,12,leakage
0.521622,0.823318,2.149757,0.665727,-1.209082,2.039784,1.054987,-2.005271,5,thermal_runaway
0.052575,-1.484417,1.481442,0.043849,-1.612651,0.052226,0.102764,-0.731839,6,thermal_cycling
-5.065162,-3.55798,-1.122625,1.794549,0.307614,-1.914376,-1.363984,-0.516103,4,misalignment
0.446404,2.398847,1.46043,0.251876,0.769594,0.511557,1.484777,1.179439,11,blockage
0.329655,-0.086228,0.060938,0.731969,-0.343163,1.359178,-0.989271,1.928003,3,gear_tooth_crack
-2.030101,0.954135,1.372309,0.697417,-1.667885,0.646002,-1.247442,0.218083,12,leakage
1.673722,-0.436801,0.07797,1.028903,0.703459,-1.868678,-0.612466,-0.366069,7,electrical_fault
-3.427122,-0.913562,0.33732,0.477226,-1.223576,-0.201354,0.423696,1.32508,12,leakage
-1.357807,1.976096,0.415692,0.305573,0.019494,1.510077,0.97412,-0.186042,12,leakage
1.689213,-0.989147,0.832038,-0.357215,-0.115828,-0.241102,0.255605,0.457525,2,shaft_imbalance
-1.656548,0.056531,-1.309464,1.610251,1.261535,0.591053,1.170066,-1.011004,1,bearing_degradation
-0.368502,-0.881296,-0.42733,1.873622,1.112448,1.020389,-0.786464,-1.437689,3,gear_tooth_crack
-1.891285,-1.484126,-1.634559,-2.00289,1.05737,0.138302,2.056686,0.734681,12,leakage
0.646073,0.657334,-0.470421,1.507227,-0.286313,-1.451705,0.78174,0.491055,1,bearing_degradation
0.368196,-0.177989,-0.261807,0.483812,-0.884442,-1.518155,0.193015,-0.931041,12,leakage
-0.391241,2.236404,-0.221095,0.458187,-1.312036,1.243401,0.874743,0.805734,2,shaft_imbalance
0.484031,-0.674733,-0.957664,0.209332,0.735838,-0.336146,-0.206656,-0.111905,11,blockage
3.701599,-0.122789,-0.354292,0.155845,-0.147381,0.323302,2.28938,0.964664,5,thermal_runaway
0.936238,0.266418,-2.242045,0.547192,0.251372,-1.251985,-1.043898,-0.218436,7,electrical_fault
-0.924806,0.685216,0.701245,-0.61427,0.284286,1.823437,0.398492,1.358271,10,cavitation
-0.723759,0.194542,-0.108556,-0.362256,-1.799318,-3.167109,0.839046,1.125495,11,blockage
0.137411,-0.680794,-0.966492,-0.88088,-0.694508,1.038038,0.579137,-2.292301,10,cavitation
0.369296,2.0662,-2.016385,-2.55455,0.628149,-0.236266,-0.453195,-0.165765,1,bearing_degradation
-1.575619,-0.661417,-1.157465,-0.965351,0.053482,-2.084402,0.61427,0.753855,0,normal
-0.919065,1.699014,1.024398,3.653445,0.483261,-0.704102,-1.096592,0.987098,4,misalignment
0.796835,0.324876,0.260662,-0.364227,0.051297,-0.736054,-0.753302,1.710239,7,electrical_fault
1.293244,1.755202,1.004101,-3.164421,-2.24715,1.933157,-0.166692,0.019909,8,sensor_drift
-0.96569,8.306197,-0.802906,2.177777,-0.736453,-0.473435,-0.824073,-0.183256,11,blockage
0.058997,2.093746,1.115231,0.04539,-0.143653,2.753658,-0.13074,-0.101798,8,sensor_drift
0.696157,1.242423,-1.057408,-0.931269,0.694135,3.662922,0.552752,-0.422643,8,sensor_drift
-0.426021,-0.383561,-0.224157,0.881757,16.046259,1.026879,0.009551,-0.899194,6,thermal_cycling
-0.890499,0.791256,1.68488,0.925298,-1.255591,-0.4128,0.151428,-0.524471,5,thermal_runaway
-1.068343,-0.764454,-0.146574,1.182944,0.225163,-0.572531,-0.201666,-0.666275,9,intermittent_contact
-0.438056,-0.62176,2.758829,2.561658,-0.289405,0.016765,1.395155,-1.371339,4,misalignment
-0.403653,-3.706917,0.426021,0.878519,0.397061,0.160265,3.2445,-0.134293,10,cavitation
-0.410407,1.700018,-1.333549,0.317399,-0.185621,-1.975235,0.658208,-1.923937,3,gear_tooth_crack
0.143705,0.284881,0.487368,-1.059007,0.363471,0.426815,-1.023672,0.596696,11,blockage
0.193054,-0.202913,-1.328488,1.339992,-0.357579,1.018202,0.868833,1.765104,6,thermal_cycling
-0.589869,1.125888,0.803183,0.189537,-0.584928,0.106696,1.648487,-1.093968,3,gear_tooth_crack
0.976264,0.210567,0.964004,-0.852372,1.284784,0.670359,-0.03112,0.207348,5,thermal_runaway
0.865659,-0.603752,-0.432102,-0.977757,8.219942,0.270519,-0.613088,-1.914036,6,thermal_cycling
-4.126215,-0.12495,-0.418028,-1.251292,-0.267607,0.65872,1.578793,-0.131286,1,bearing_degradation
0.201486,0.327373,-1.41504,-2.221081,1.899374,-0.953161,1.583659,0.472121,8,sensor_drift
-0.207627,1.099791,0.389494,1.889852,-1.2139,-1.545564,-0.740058,0.55335,7,electrical_fault
0.027479,-0.53983,-0.729194,1.822906,0.204783,0.630801,1.416589,1.400179,2,shaft_imbalance
-2.17078,3.684065,-1.991608,-0.16861,0.590214,1.733715,-0.80578,0.359243,11,blockage
0.430073,-0.735038,-0.387968,-1.335703,1.48703,0.450157,-0.916112,0.271357,3,gear_tooth_crack
0.633146,5.372133,-4.150263,-1.662049,1.26478,-1.446946,0.566684,1.221472,1,bearing_degradation
3.769841,0.787049,0.659564,0.471511,-1.942714,0.052925,1.414358,-0.249871,3,gear_tooth_crack
1.667007,0.063447,-1.583421,0.908897,0.031263,-0.453815,-0.806872,0.320068,10,cavitation
-0.379617,2.714788,-0.760081,-0.728372,0.018087,0.827185,0.643272,-2.368321,12,leakage
-0.013416,-2.260415,-0.19076,-0.162799,2.095999,-1.457138,-0.390678,1.705853,0,normal
-2.428439,-0.254983,0.479637,0.712629,-0.105373,3.194054,0.567443,0.950663,8,sensor_drift
3.064465,1.202472,1.06631,-0.272132,1.205305,1.280003,-1.380333,1.423389,3,gear_tooth_crack
0.659886,0.416412,0.477589,0.268803,-0.192704,5.3843,-1.674311,-0.629155,8,sensor_drift
-1.43736,1.114504,0.239777,1.106112,0.753401,-0.77207,-3.337538,0.20428,12,leakage
-0.181181,1.806109,-1.086974,-0.142734,-1.186112,-0.461317,-0.436471,0.740861,11,blockage
0.76488,1.418792,-0.180823,-0.022078,-0.186139,-1.200322,0.574285,-0.425788,2,shaft_imbalance
1.267088,-1.0633,-0.364907,1.051405,-1.059496,0.472228,-0.647848,1.481108,12,leakage
0.035279,-0.222322,1.189895,0.500492,-0.115064,-0.005509,0.08063,0.526053,9,intermittent_contact
1.005154,-1.031484,-1.240154,-1.220293,1.021881,0.398234,1.474474,-0.518996,12,leakage
-0.69614,2.085083,-0.792515,1.086676,-0.164231,-0.870799,-2.035087,-1.670161,10,cavitation
0.866366,-0.810889,0.591107,-0.742013,-1.353808,-0.348369,0.091526,-1.872156,0,normal
-0.420348,-0.690945,-0.62572,1.255641,1.11945,1.143759,0.131027,-1.132715,6,thermal_cycling
-0.740598,-1.554603,-0.953559,0.208446,-1.580105,-1.093226,0.559284,-0.072384,8,sensor_drift
0.058995,-0.360995,-0.502442,-0.919573,-1.556649,-0.702447,0.904053,-0.424417,3,gear_tooth_crack
2.643187,-0.930565,0.033523,1.684028,-0.375066,0.143628,-0.344774,-0.053281,9,intermittent_contact
0.891207,-0.058032,-0.599909,-0.250818,1.036771,0.731241,-0.127923,-1.139107,3,gear_tooth_crack
1.437674,0.604606,0.357928,0.880101,-1.47994,-1.329946,0.271357,-0.197608,10,cavitation
0.693237,0.179869,1.526664,-0.170268,-5.174984,0.123724,0.049352,0.458999,6,thermal_cycling
2.460678,-0.382618,1.084254,0.311088,-1.139822,0.895334,1.390924,-0.396946,10,cavitation
-0.668412,-0.749695,-1.018556,-1.002418,-3.134404,0.874478,-0.717835,1.05308,6,thermal_cycling
-5.478564,-0.876597,1.241644,0.601382,-0.708355,-0.019842,1.202594,0.09996,4,misalignment
-0.590736,0.711979,0.943472,-2.379889,0.643457,-0.060874,-2.513213,1.018175,12,leakage
1.440633,-2.054551,0.772579,0.379317,-0.116663,-0.310596,1.43711,0.718396,12,leakage
-0.383187,1.461444,-1.107046,-0.894727,0.643327,-0.394605,-0.005122,-0.163443,0,normal
0.74631,-0.804854,0.681668,-1.024787,-0.307129,-0.155614,-0.277591,0.64618,8,sensor_drift
-4.884434,10.396257,-1.396618,0.133009,-0.262283,0.506606,-0.18045,1.680307,1,bearing_degradation
1.653476,-0.264786,-0.521654,-1.138834,-0.478337,-0.104389,-1.660367,0.576814,4,misalignment
-0.793532,-1.137018,-0.412048,1.57662,-0.570503,-2.121258,0.445425,-1.016991,5,thermal_runaway
1.7227,-0.238942,-2.547896,-1.812127,2.095638,-0.359037,0.240008,0.009729,7,electrical_fault
0.928696,1.105983,-1.769015,-1.958466,-0.296991,1.786816,2.474363,-0.687536,7,electrical_fault
0.385527,0.045758,0.391517,0.450445,1.303196,-0.020881,0.261748,-0.408498,9,intermittent_contact
2.740874,0.855654,0.913389,-0.489064,0.76331,-0.036175,1.125527,-1.726941,5,thermal_runaway
6.659311,0.107307,-3.599853,1.393105,-0.598559,0.567904,-2.04643,0.439707,1,bearing_degradation
-0.272318,2.011601,-0.814835,-1.153877,0.299782,-0.085417,-1.198522,-0.519018,12,leakage
-0.541955,0.684895,1.848425,0.831762,-0.129962,-0.935582,1.29991,0.37116,12,leakage
1.321907,0.206206,1.713809,-0.185299,2.131907,0.588525,-0.361845,-1.16157,5,thermal_runaway
-2.036756,0.922593,-0.659292,0.04262,-1.965744,-1.098922,-0.285924,-0.048952,10,cavitation
1.050611,0.140532,0.462208,-0.326079,5.446866,-0.82294,-0.032398,0.027263,6,thermal_cycling
-1.112738,-0.282534,0.09647,-0.759761,-1.569321,-0.759447,1.80465,-0.708629,10,cavitation
0.037082,0.263212,1.318201,1.208376,0.227,0.644228,0.316964,0.469031,2,shaft_imbalance
-2.120139,0.344194,-1.078528,0.125881,-2.285482,0.429803,0.702692,0.58048,8,sensor_drift
1.091072,2.632385,-0.630345,0.140059,-0.385202,1.038071,-0.248702,0.905522,7,electrical_fault
0.248818,0.071007,-2.487458,-3.419435,-0.975468,0.282247,-3.224956,-0.843546,2,shaft_imbalance
-0.553004,-1.172938,0.732277,0.010329,3.248368,-1.190363,0.207808,-1.670774,6,thermal_cycling
-4.956765,-2.34314,0.432183,0.064014,-0.549427,-0.437027,0.53743,-0.713995,1,bearing_degradation
0.743941,-0.884742,-1.571387,0.4964,-1.936001,-0.05757,-0.429291,-0.13383,1,bearing_degradation
0.95011,-0.164292,2.834738,-3.955114,-1.563815,0.621198,1.124796,-0.082591,1,bearing_degradation
7.942891,6.948029,0.85725,5.615179,1.179966,-0.524879,-1.54498,-0.678678,1,bearing_degradation
1.193619,-2.170615,-2.014103,0.795839,0.060468,0.250446,-1.326396,-0.023234,0,normal
6.282917,0.383592,0.940364,2.653351,-2.138449,0.237633,0.5794,1.752964,3,gear_tooth_crack
-0.783317,-0.941325,0.885864,-0.350398,-0.183886,0.427066,1.140157,-0.923254,9,intermittent_contact
-1.442505,2.445382,-1.729458,1.796009,-0.019824,-0.182743,0.589341,-0.938023,9,intermittent_contact
-1.020287,-0.519374,-0.67841,0.060608,0.185701,-1.022756,1.163186,-0.096602,5,thermal_runaway
-0.396879,-0.333926,1.841365,-0.931908,-1.131711,1.813357,-0.646857,0.787675,8,sensor_drift
-0.392578,0.580145,-0.242399,1.44527,-0.910646,-1.165162,0.9376,-2.003556,7,electrical_fault
-1.434222,-0.755541,-1.056265,0.755252,0.35131,1.099184,0.396487,0.20865,0,normal
1.274724,-0.136615,0.579672,0.224404,-8.329551,-0.115625,1.79782,0.646162,6,thermal_cycling
-0.973739,0.994404,2.872184,1.204067,0.359711,0.462386,0.791499,-1.256984,1,bearing_degradation
0.67552,-1.921263,-1.635429,0.89419,-1.651178,-0.234951,-1.469665,-1.000526,1,bearing_degradation
-3.295528,-1.350942,1.527009,3.352997,1.55928,1.771425,2.214572,-0.301928,4,misalignment
-1.775439,-2.534098,-3.443112,0.263583,-0.772526,-0.903382,0.334652,-0.425507,2,shaft_imbalance
0.650757,-1.179681,-0.083819,0.34082,0.163235,-1.710541,0.131182,0.636265,3,gear_tooth_crack
0.217136,-1.413006,1.21035,-0.693876,0.533841,-1.282906,2.226407,-1.442217,3,gear_tooth_crack
0.563524,3.731319,-1.508872,-0.413099,-1.493968,1.140118,-0.26375,-0.086426,11,blockage
1.494291,-3.232511,-6.195905,-5.120706,1.451667,0.151737,-1.733821,0.833961,4,misalignment
1.474752,0.918019,-0.425776,-0.962599,2.426668,-0.817009,0.297933,-0.750219,1,bearing_degradation
0.159172,-0.044665,-1.214729,-0.401614,0.454969,-0.248184,-0.576301,-0.398351,6,thermal_cycling
5.597882,-1.090722,0.202296,1.201576,0.41556,1.770402,0.878349,0.134112,10,cavitation
0.277403,3.279267,-2.059342,0.679835,-1.365255,0.275446,1.234881,-0.411964,11,blockage
-0.02409,-0.348261,-1.021338,-1.454803,-0.69069,0.859252,0.23307,-0.069173,3,gear_tooth_crack
0.543255,0.187097,1.645616,0.023833,0.0,0.469416,0.877415,-0.222865,9,intermittent_contact
-0.003843,-0.545778,-0.285337,0.147411,-0.78505,-0.134387,-1.443383,-0.822483,8,sensor_drift
0.978111,1.137245,-1.735892,-0.128151,13.270738,-1.501834,0.792031,0.473323,6,thermal_cycling
-0.777329,0.536577,-0.205432,0.650191,6.577546,-0.330521,-0.428949,-2.186856,6,thermal_cycling
0.059876,-0.685638,-0.804734,-0.533113,0.851729,4.073954,1.290602,-0.717077,8,sensor_drift
0.031057,-0.514695,0.020091,-1.062967,0.756258,0.984985,1.170024,-0.382179,3,gear_tooth_crack
-0.333142,0.502681,-1.793076,-0.425334,0.402651,0.322799,1.044078,-0.023452,10,cavitation
0.842292,4.563418,-1.634697,0.039524,0.448604,-1.400084,0.609836,1.738821,11,blockage
-0.196751,0.780658,0.944664,0.441801,0.583793,0.73849,0.817347,1.03339,10,cavitation
-0.692682,1.920456,-0.22213,-0.365162,-0.054107,1.056377,0.293151,-0.523538,10,cavitation
0.109498,0.866558,-0.419225,-2.203703,-0.118373,0.273987,0.206367,-0.721144,9,intermittent_contact
1.562372,0.997548,-1.75469,-1.022526,11.025714,-0.517113,-1.508327,0.115805,6,thermal_cycling
0.62954,3.002129,-0.277345,0.078656,1.288004,-2.156493,0.766407,-0.472211,11,blockage
-0.797507,0.606242,0.885187,-0.020663,0.200991,2.06316,0.681436,-0.201409,8,sensor_drift
-0.069819,1.376385,-0.248757,0.370762,-0.183774,2.09314,-0.350637,-0.260199,7,electrical_fault
1.282582,10.786779,-1.714379,0.0269,-0.54485,-0.178237,-1.401578,-0.584659,11,blockage
1.250172,-1.200608,0.637834,-0.021203,0.809117,-0.159613,-0.288906,-1.738815,1,bearing_degradation
0.115917,0.972577,0.186733,-0.837237,1.022988,0.204842,0.163643,-0.138111,2,shaft_imbalance
-1.283149,-0.032202,-1.56451,-0.367788,1.294499,0.342833,0.045668,-1.040773,6,thermal_cycling
0.944638,-0.108239,-0.396321,1.633461,-2.784208,0.062759,0.430007,1.873684,5,thermal_runaway
0.263324,-0.425751,-1.042433,-1.235061,-0.638587,0.584964,0.136403,-0.549759,4,misalignment
0.252011,3.318422,-0.608333,0.290647,0.63275,-1.222615,-0.630034,-0.510458,11,blockage
-2.117587,-0.619676,-4.292221,0.739844,0.069586,-0.18049,0.54294,0.149789,4,misalignment
0.468548,4.240944,2.184869,0.862523,-0.587844,1.085335,-0.363352,-0.977478,11,blockage
-1.481157,0.012003,0.571157,0.468006,0.601216,-0.109919,0.891333,0.065247,2,shaft_imbalance
-0.081517,2.517245,-0.296944,1.254941,-0.125857,-1.480419,-0.188318,-0.546776,2,shaft_imbalance
-5.545902,-1.658967,2.932706,-9.693341,0.589351,-0.333885,-0.912318,0.336544,1,bearing_degradation
0.63719,-2.120783,1.298373,0.268573,-0.110218,0.935614,0.363814,-0.479911,10,cavitation
4.575674,-0.205765,0.085899,-1.21786,0.569529,-1.097456,-0.931059,-2.44956,3,gear_tooth_crack
0.15359,-0.311591,-0.220154,0.615288,-0.934647,-0.566759,-0.352614,0.336589,12,leakage
-0.098129,-0.571294,0.135756,0.341758,-0.956334,-0.029414,1.393674,-1.312265,3,gear_tooth_crack
-3.236735,-0.068677,-0.575108,-0.377885,8.565341,0.977474,0.202579,-0.507523,6,thermal_cycling
1.709708,4.484389,0.453471,1.613968,1.568901,-0.215242,-0.531296,-0.78162,11,blockage
0.92264,0.660037,1.916445,-0.763439,-1.379149,-0.994335,0.660443,0.497923,0,normal
0.789473,4.985004,0.289647,0.165446,0.201875,-1.031742,1.168449,-1.35921,11,blockage
-0.368644,-3.13168,-1.457247,-0.029899,-2.08098,-0.825836,-0.480672,-0.201131,4,misalignment
-0.274545,0.96359,0.2751,-0.09338,0.912363,-0.507915,-1.251532,-0.053089,9,intermittent_contact
-0.77672,0.693978,0.921559,-0.483565,-0.350565,-1.38712,-1.804727,-0.242308,5,thermal_runaway
-0.877324,0.066128,1.341765,0.897982,-0.029474,2.04743,2.698717,-0.480143,5,thermal_runaway
-1.253493,-1.960072,0.282614,-0.280643,-0.215181,0.745832,-1.938682,0.060303,9,intermittent_contact
0.884542,-0.561452,-1.496163,-1.701086,-0.634176,0.107704,0.118368,0.14832,7,electrical_fault
-0.708805,-0.663643,-0.267667,0.32966,1.252765,-0.538927,-0.585576,0.338558,12,leakage
-0.659071,-1.982579,-1.071256,-0.595258,1.541671,-0.118303,-1.006828,0.147849,3,gear_tooth_crack
2.76891,1.184719,0.928956,1.720161,-2.653145,-2.293925,-0.32159,-2.228,3,gear_tooth_crack
0.881351,-0.967239,1.164543,-0.14507,-0.610542,-0.293612,-0.783297,-1.320877,3,gear_tooth_crack
0.756527,0.954896,0.006563,0.621766,-0.00372,-1.152194,1.153806,1.263025,2,shaft_imbalance
-0.167257,-0.220712,1.060188,-0.914763,-2.235176,-0.852867,0.242089,-0.249512,3,gear_tooth_crack
1.743622,0.768604,-0.557171,1.304514,-0.740516,1.0091,-1.358877,1.073258,0,normal
0.253982,0.326977,-1.137459,-0.212724,-0.095619,1.18224,2.012979,0.45645,2,shaft_imbalance
0.43436,0.07782,2.08741,1.022392,0.542527,0.493705,1.157281,1.021688,2,shaft_imbalance
-2.364164,-1.558242,-0.375305,-0.602182,0.016717,0.026515,-0.116213,-0.765721,10,cavitation
-1.623153,0.207773,-6.491251,3.734644,-0.524933,1.489722,-0.459878,0.420879,1,bearing_degradation
-1.674934,0.134617,0.962659,0.952532,0.282516,1.570045,0.174504,-0.1972,11,blockage
0.214254,-4.073502,-4.382154,-3.253456,-0.911372,0.527885,0.523876,-0.651203,4,misalignment
-2.992921,0.794194,0.81948,3.145163,-1.005635,-0.131396,-1.984376,-1.433109,4,misalignment
0.023737,-1.800903,-0.608458,1.283556,0.533284,1.764385,-1.055784,1.250282,8,sensor_drift
-2.358828,3.20258,2.211768,-3.750327,-1.330841,-1.107735,-0.030626,1.178446,10,cavitation
-0.719923,0.459768,0.467946,2.082577,0.742415,0.759279,0.717735,-0.690322,7,electrical_fault
0.204552,0.54917,0.436089,-0.199283,1.014242,1.470745,0.147768,0.225543,2,shaft_imbalance
1.309407,0.886608,-0.849778,-1.078824,-0.20373,-0.576409,-1.467409,-0.753294,9,intermittent_contact
-0.218067,0.458749,1.60904,-0.121414,19.672137,0.274637,-0.78602,-0.145587,6,thermal_cycling
1.097342,-0.805147,0.362056,-1.760175,-5.729278,0.505366,-1.417578,0.393137,6,thermal_cycling
2.282256,-1.362436,-4.876584,-6.888352,-0.061048,0.063884,1.683748,0.582746,1,bearing_degradation
0.248317,-2.119393,-0.116709,-0.808542,-0.453323,-1.338101,0.416189,1.761776,3,gear_tooth_crack
-0.634335,0.5489,0.725333,-1.384002,0.0,-1.280897,0.479663,-0.46654,9,intermittent_contact
-2.416464,-3.602834,-1.603149,-1.434013,0.654716,-0.298743,0.217113,-1.870074,4,misalignment
5.22369,0.978423,1.781212,1.072996,2.773449,0.88934,0.569372,1.693826,5,thermal_runaway
-3.084289,1.718424,-1.204787,-0.053095,-0.577147,-0.89844,1.44253,-0.869408,1,bearing_degradation
-0.466417,-1.108803,0.22946,-0.522412,-0.470822,0.739326,-1.161733,-0.905365,0,normal
0.227484,1.339557,0.66706,-0.623325,6.605432,-1.251576,0.136284,-0.32685,6,thermal_cycling
-0.280055,-1.069431,-2.965835,-1.17529,-1.218597,0.029261,-1.188817,-0.000666,12,leakage
-0.560632,-0.109009,-0.549677,0.170291,-0.346715,0.808851,0.615667,-0.924438,12,leakage
-0.282193,0.333949,0.63676,2.466114,-0.738557,-0.313989,-0.710655,1.079388,5,thermal_runaway
-0.184865,-0.327057,-0.334838,-2.021266,3.941805,-0.684807,0.854618,0.041588,6,thermal_cycling
-0.15009,3.06395,-0.05012,-0.979801,1.066026,-0.61272,-0.319746,0.206167,11,blockage
-0.649791,0.182302,-0.114089,-1.171926,-1.280413,-0.580411,0.129931,-0.756912,2,shaft_imbalance
-3.557512,-2.268451,0.12826,3.160529,-0.55327,-0.733171,-0.554282,-0.175837,4,misalignment
0.378973,-0.587416,0.554768,-0.398462,2.546166,-0.933631,2.697951,-0.951148,8,sensor_drift
1.867521,2.049328,2.527358,2.991691,1.329802,1.184825,-0.500687,-0.599828,4,misalignment
4.408183,-0.023151,-1.647461,0.320966,-1.338838,0.286037,1.207939,1.565825,3,gear_tooth_crack
-0.98296,0.387174,1.958305,-0.922453,-0.126913,1.21737,2.413198,-0.960725,8,sensor_drift
-0.046909,-1.269313,0.083419,1.13287,18.539027,-1.245443,-0.666097,0.852765,6,thermal_cycling
-4.495969,-5.269452,1.295496,-2.251098,-0.794684,0.351637,-1.481497,-0.322011,10,cavitation
-1.149392,-0.733532,-0.090273,-1.335034,2.496514,0.594253,-1.151695,-1.535636,4,misalignment
5.058646,3.687534,-2.982395,-3.185657,-0.23538,-0.143573,-1.008025,1.265934,1,bearing_degradation
0.699621,-0.273429,-0.230731,1.347544,-1.628998,1.597028,0.182389,1.280944,1,bearing_degradation
-0.615067,-1.98814,-1.19474,0.902189,-0.679776,1.425464,0.375144,-0.716481,2,shaft_imbalance
-2.107953,-0.364438,-2.18021,0.03606,-0.004633,1.045532,1.187634,0.202775,0,normal
1.331037,-1.115519,-1.949198,-1.374448,0.481342,-0.267204,-0.770247,0.527649,7,electrical_fault
1.446657,-0.236611,0.660487,-0.823816,0.9854,0.51895,-0.366585,-0.432461,12,leakage
-0.497632,1.776376,3.283493,3.617907,1.150296,0.275332,2.145418,-0.628196,4,misalignment
-1.764607,-0.229197,-1.246741,1.801126,2.018154,-0.734172,0.579498,0.308062,7,electrical_fault
-2.208856,-0.89854,0.766145,2.098894,-0.054325,-0.606822,2.399361,0.405733,5,thermal_runaway
-0.34584,-0.592796,-0.753009,-2.376165,1.296513,-0.764199,-0.250394,0.430591,10,cavitation
-1.359084,5.75395,5.651557,-1.350881,-0.783633,-3.089836,-0.446862,0.690772,11,blockage
-2.343015,0.471776,0.403808,0.33871,-0.848561,1.993305,-1.087478,-0.98123,12,leakage
-0.068364,0.684295,-0.600124,-3.125164,1.120607,0.77719,1.154231,1.207816,12,leakage
0.227642,-1.758457,0.247001,0.463878,-0.269578,0.053808,0.095704,-1.18018,10,cavitation
-0.429231,-0.809177,0.507731,-0.44957,12.066506,0.584707,1.263259,-0.178672,6,thermal_cycling
0.733666,-0.12897,-1.192567,-1.157613,-0.546505,-0.709493,1.32772,-0.009126,2,shaft_imbalance
-0.072633,-0.568889,0.925316,-0.867224,-0.090251,1.352499,0.360262,0.395606,6,thermal_cycling
0.358956,0.046058,1.328157,1.682384,1.133569,-0.941538,0.201345,0.439516,0,normal
-1.565599,0.0691,0.688181,-0.679055,-1.179807,1.438804,0.528128,-0.361803,8,sensor_drift
-0.069986,0.425833,0.364869,0.824312,-0.409944,-0.738205,0.156294,-0.05499,5,thermal_runaway
0.750032,-0.975719,-0.170767,4.802788,1.256399,-1.285955,-0.311033,-1.298273,10,cavitation
-0.815299,-1.519526,-0.619471,-1.800161,0.485701,-0.667634,-0.392301,-0.037135,9,intermittent_contact
-0.868932,0.227724,-0.039048,1.29912,0.637841,0.212242,-0.832585,-0.616357,8,sensor_drift
0.418567,-1.958172,-2.241822,-0.235328,0.422856,6.15035,-0.177262,0.246567,8,sensor_drift
-0.313857,1.649853,0.941172,0.889908,-1.194633,0.667062,0.487756,-0.150329,12,leakage
0.15994,2.637047,2.834963,-0.169968,0.466893,1.011765,1.306025,0.686588,12,leakage
-0.025051,0.303301,-0.299011,0.716789,0.329821,-0.141309,1.260732,0.561896,8,sensor_drift
-0.194757,1.18729,1.723895,-1.052156,-1.644607,0.354264,0.744462,0.393568,5,thermal_runaway
1.053208,-0.153455,1.141961,-1.623595,0.024478,0.539589,-0.268351,0.35951,7,electrical_fault
0.321123,-2.298828,-1.516394,-1.203187,-0.167557,-0.953536,0.187572,-1.632324,4,misalignment
-2.026912,1.499963,1.115643,-0.742275,1.224631,0.102728,1.468252,0.59649,12,leakage
0.555146,0.044217,-0.809126,0.067671,-0.028018,0.193182,2.206525,-0.523773,0,normal
0.484111,0.255087,0.591547,0.50796,-0.057521,-0.081291,0.762531,1.915618,12,leakage
0.339675,1.024799,-1.190642,1.540474,-0.975959,-0.436908,-0.454778,1.864162,6,thermal_cycling
0.519414,-0.176759,1.020552,-0.700765,-1.682856,0.654925,-1.020139,-1.119243,5,thermal_runaway
-0.851537,0.665585,1.085287,0.366531,-0.286249,0.453966,-0.308673,0.935547,0,normal
1.383217,-0.40892,-0.315606,0.918131,-0.60342,0.087392,-1.996588,-0.308056,9,intermittent_contact
1.400814,5.75009,-2.196365,3.930696,-0.425285,0.141095,0.571449,0.726129,1,bearing_degradation
0.216401,1.438181,-0.80689,0.96692,-1.075012,0.236845,1.04335,0.56903,9,intermittent_contact
0.695517,1.032562,-0.147875,-0.929115,0.335658,0.477981,1.232719,-0.678763,3,gear_tooth_crack
-0.076085,-0.887053,0.086454,0.670344,-1.333132,-0.668388,-0.662211,-0.19233,8,sensor_drift
-0.219371,1.753301,-0.585421,-1.61133,6.476734,0.425621,1.201661,0.309644,6,thermal_cycling
2.337957,-0.237573,0.758278,-1.305647,-1.083081,1.584997,1.701098,-1.290734,8,sensor_drift
0.522746,0.183941,-1.63955,-0.616519,0.069327,-1.425899,0.793636,-0.117606,7,electrical_fault
3.368092,-0.331514,-0.446554,0.237772,-0.90156,0.700111,0.662253,0.56909,3,gear_tooth_crack
4.153812,2.390715,-1.452428,1.184944,-0.935737,-0.573586,-0.744512,0.36788,3,gear_tooth_crack
-0.647882,-0.767725,0.456301,1.038888,-0.730838,0.047539,0.483838,-0.019814,10,cavitation
0.230223,-0.200387,-1.450805,-0.658591,-0.322407,0.545347,0.380223,-0.447418,4,misalignment
-1.060469,-0.863679,3.914484,-0.665498,-1.066779,1.357338,-0.733118,0.466225,1,bearing_degradation
-0.408476,-0.454406,0.339894,1.2705,-1.578638,0.120387,-2.041388,-0.339591,7,electrical_fault
-0.125462,0.334867,0.303695,2.250125,-1.54147,1.352524,0.508907,0.384762,12,leakage
-0.262104,-0.725858,-1.215503,-1.413517,-2.339748,-1.056346,0.627494,-1.598499,0,normal
0.205787,-0.295901,1.076794,0.606368,0.17285,-0.13457,-1.767952,-1.984635,9,intermittent_contact
1.793398,0.836651,0.737313,0.364702,0.535725,-0.22074,0.099622,1.921557,7,electrical_fault
-0.012307,-1.066594,-0.249008,-0.505504,0.225054,-0.180251,-0.141494,0.626509,10,cavitation
1.443196,2.782424,2.124586,1.614702,2.235484,-1.48988,0.487287,1.832003,4,misalignment
1.48487,1.880485,-0.083015,-0.891803,0.359593,2.142413,0.740123,-0.059167,4,misalignment
0.333127,0.043779,-0.678803,-0.75944,0.564095,1.319276,0.196291,0.739569,10,cavitation
0.613772,-1.770198,-0.533983,2.028798,0.641034,1.260429,-0.987354,1.107748,8,sensor_drift
0.825714,0.769896,0.967725,0.576708,-0.244329,-0.163764,-0.427564,2.634741,0,normal
-5.94401,-4.3822,-3.466039,-0.876412,0.582353,0.561281,-0.981972,0.990266,1,bearing_degradation
2.846568,-0.728083,-0.115767,-1.352466,-0.620943,-1.449702,-1.18195,-0.904573,10,cavitation
0.23313,-1.657898,1.315136,-1.17809,-0.366744,0.959142,-0.373416,0.079302,7,electrical_fault
0.335297,-1.8943,-0.221063,0.055488,-1.093724,-0.243443,0.491538,-0.827334,9,intermittent_contact
-1.815308,0.765545,0.261585,-1.324063,0.897859,1.138194,1.059372,1.744837,11,blockage
0.125829,0.232073,0.604521,0.978155,-1.563554,1.310178,1.245825,-0.066347,3,gear_tooth_crack
0.804114,-2.4261,-3.803836,-3.993726,-0.988608,-1.639049,-1.968157,0.738792,4,misalignment
0.5273,-0.114522,-0.423979,0.043405,1.205059,0.744014,1.299524,-0.616642,8,sensor_drift
1.639486,-0.307893,1.813344,0.406275,0.689503,1.053085,0.719747,-0.801707,7,electrical_fault
-0.123255,4.17939,-1.16363,1.428032,-0.973946,-0.266022,-1.836415,0.251242,11,blockage
-0.601115,-0.121677,1.687602,-0.588323,0.0,0.392661,-0.221012,0.451617,9,intermittent_contact
0.880201,-0.82576,-0.208451,0.625032,-2.954585,-1.445784,0.317796,-0.81325,6,thermal_cycling
-0.459062,-1.384382,-0.528741,-0.200975,-1.149319,0.314441,0.445432,2.70603,7,electrical_fault
0.762351,-0.341372,0.307327,-0.112307,-0.142576,-0.304236,0.179493,0.641638,3,gear_tooth_crack
-0.336343,1.257666,-0.373754,-0.792459,-0.105809,0.104574,1.196382,-0.379686,9,intermittent_contact
0.272645,-0.561483,0.697817,0.110613,0.00134,1.472954,-2.450872,-1.417684,0,normal
-0.021604,5.297299,1.776435,-0.540275,0.241979,-0.335427,0.255477,0.729351,11,blockage
1.336186,1.24795,-0.252517,0.363454,-2.409922,-1.156348,-0.293779,-1.072133,0,normal
-1.500669,-1.02541,-0.537811,1.228421,-0.639503,0.640214,-0.538316,0.247948,0,normal
-1.000068,-1.65197,0.000662,0.760722,1.492561,-1.611797,1.42369,0.185333,9,intermittent_contact
-0.107944,0.75635,-1.537928,-0.061692,-0.774234,-0.106916,-0.469406,0.059984,9,intermittent_contact
0.366026,0.392212,-0.845557,-0.094047,0.741933,0.928576,1.298502,0.335436,3,gear_tooth_crack
-2.5017,-1.703993,-0.833037,-0.557729,-0.408389,0.038581,-0.311746,1.04934,0,normal
-0.570944,0.813764,1.068472,0.232878,0.234401,0.270343,-0.863345,-0.147529,0,normal
-1.257394,-0.01666,1.013141,-0.41904,2.689495,0.528668,-0.328071,0.880898,6,thermal_cycling
0.140152,0.615821,-0.531233,-1.017078,0.362596,0.422148,0.13613,0.657144,8,sensor_drift
2.353595,0.757055,-0.893604,-1.828508,0.30222,-0.03551,-0.12449,0.046284,4,misalignment
-1.135232,-0.401819,-0.075547,-0.807471,-0.826956,0.886796,1.454205,-0.073977,12,leakage
0.580286,0.073496,0.267359,0.482294,-0.604333,1.493267,0.008132,0.541711,7,electrical_fault
1.104851,0.800853,0.525184,0.131618,1.448899,-1.060168,-0.964827,1.124295,3,gear_tooth_crack
-0.790993,0.207686,0.634825,1.388629,2.332281,0.2077,-0.31657,-0.374665,7,electrical_fault
-0.297855,0.079211,-1.272902,2.089874,-7.077666,1.488112,0.425161,-1.905294,6,thermal_cycling
1.931824,2.044559,0.409728,0.1967,0.783448,0.392492,0.175721,-0.450605,12,leakage
-0.096179,1.128019,-2.280738,-1.496639,-0.922886,1.461179,0.282587,0.767317,0,normal
-1.635005,3.203594,-0.167121,-1.130847,0.788299,1.851706,1.494719,-2.626405,11,blockage
-0.876403,1.046229,-0.853519,-1.138026,0.446727,-2.404527,-0.534323,0.429332,4,misalignment
-1.28885,1.095383,-0.891514,0.743359,0.553165,0.61631,1.853189,-0.828641,3,gear_tooth_crack
1.740437,7.35208,1.97629,-0.212438,1.181642,0.795497,-0.79139,-0.87744,11,blockage
0.392915,3.051003,-0.352805,-0.048496,-1.572575,-1.233864,0.126718,-1.119808,11,blockage
2.691129,1.230299,1.010339,0.173266,0.972696,1.538078,0.879219,0.48568,5,thermal_runaway
1.063012,0.20632,-0.370624,-1.808569,1.260842,-0.911397,-0.071885,0.982499,10,cavitation
0.117593,-3.792258,-0.875866,0.707345,-0.838817,3.97184,0.911629,-0.265493,8,sensor_drift
-0.059042,2.390223,-0.485396,-0.766462,-1.210053,2.331025,0.819448,-0.334121,0,normal
-1.299819,0.729932,0.137338,0.711902,0.010705,0.464301,-1.830999,-0.894935,7,electrical_fault
1.428485,3.981519,0.957549,-0.949189,0.771806,-0.912258,1.512885,1.139045,11,blockage
-0.971613,3.81946,-0.316736,0.095384,1.968179,0.794835,-1.438115,-0.337027,11,blockage
1.994293,0.614854,-0.534392,1.214413,-0.58957,-2.104822,-1.249533,-2.371922,8,sensor_drift
-0.656371,-0.565639,1.099192,0.628796,1.709944,2.267644,-1.030717,0.070419,0,normal
-0.047782,0.881931,-1.876223,0.817526,0.183634,3.024052,-0.842286,-0.218829,8,sensor_drift
-0.941919,2.883711,-6.408608,4.007689,-0.911686,0.780541,-1.448358,1.241637,1,bearing_degradation
0.969111,-1.614702,-0.144274,-0.011536,-0.257122,-1.62054,0.857009,1.06455,5,thermal_runaway
-0.32431,0.775452,-1.088812,0.258018,-1.899531,2.099758,0.052375,0.16361,8,sensor_drift
-0.485398,-3.90219,0.590765,14.419424,-1.154068,-1.476177,-0.616217,-1.384611,1,bearing_degradation
0.548658,1.383392,2.465424,1.170589,0.517212,-1.222017,1.563217,0.293106,10,cavitation
0.974034,2.270193,-0.56724,0.347317,0.220167,1.000245,2.218714,1.520973,3,gear_tooth_crack
1.53816,1.03828,-0.011232,1.664662,0.528655,-0.532719,1.438836,-0.911674,6,thermal_cycling
-0.6926,-3.25561,0.276881,-0.501553,-0.75067,-0.759302,0.400252,-0.407906,5,thermal_runaway
-4.046571,-3.357263,0.078543,2.819767,1.674685,0.355376,1.962006,-0.042941,1,bearing_degradation
1.303888,2.064192,-0.920904,1.019257,2.90738,-1.738789,-0.79117,-3.027833,6,thermal_cycling
-0.512842,-0.546623,-0.183597,1.419475,0.296369,2.20821,-0.180394,-1.717722,10,cavitation
1.220675,-4.396923,-1.75641,-0.007852,0.194406,-1.1446,-0.360138,-1.409369,1,bearing_degradation
-0.947654,-1.089171,0.048443,-0.936248,0.263972,-0.357832,0.657906,0.062942,7,electrical_fault
-1.365663,-0.655729,0.619751,-0.078362,-0.583907,-0.173505,-2.056293,0.571815,9,intermittent_contact
-0.348203,1.339522,-1.70108,-1.194219,-1.365683,1.401694,-0.6144,-0.326674,3,gear_tooth_crack
-0.513672,0.452214,1.950299,-1.406031,-0.445676,-1.386992,-0.836585,-0.294676,5,thermal_runaway
0.346785,-0.319797,-0.632496,0.498772,0.402795,-1.053077,-1.797597,-0.491601,9,intermittent_contact
-0.930621,0.515672,-0.955462,0.71134,1.222654,1.046006,-0.177078,0.566768,8,sensor_drift
-2.84172,-0.314584,3.90925,2.043674,0.17937,-1.693175,0.211046,1.469373,4,misalignment
1.078361,-1.268915,1.142442,-0.974794,-2.332061,0.010818,0.507171,-1.515731,9,intermittent_contact
0.533666,3.034443,0.12377,2.451602,-1.293579,0.901123,1.489714,-0.25382,11,blockage
-0.846744,-1.075572,0.224297,0.600959,0.332532,-0.809454,0.677485,-0.743861,0,normal
2.598212,-0.860942,1.343718,0.013735,-0.826374,-0.242539,-0.676038,0.167487,3,gear_tooth_crack
-1.759959,2.086639,-1.058337,1.961721,-0.081654,-0.859919,-1.783109,-0.270457,12,leakage
-1.378922,-0.704103,-1.970099,1.485104,0.365801,0.055665,1.124818,-0.329349,2,shaft_imbalance
0.63227,0.048694,0.88171,0.776747,-0.662263,-1.736443,0.593913,0.743857,7,electrical_fault
-3.346537,1.020601,3.499999,-1.756566,-0.241638,1.058814,-0.092034,-1.108841,1,bearing_degradation
-3.057473,-3.108812,-1.130616,-0.175181,-0.151167,-1.174279,-1.391429,0.081479,4,misalignment
1.404106,-1.630302,-1.793915,-3.984696,-1.554861,0.49835,1.21849,-0.405085,4,misalignment
-1.278558,-0.862556,0.749878,-1.201423,0.29072,0.636113,1.524099,2.408475,12,leakage
3.063092,-2.83283,-5.035715,1.689952,1.078835,0.111385,-0.745197,1.173562,1,bearing_degradation
-0.301519,8.176573,-2.976405,-0.269859,-1.55081,1.225961,0.324616,0.201163,11,blockage
-0.538771,1.147813,-2.39426,-0.786566,-1.686468,-0.826229,0.247666,-0.179227,0,normal
-0.180182,0.371064,1.49091,-1.039776,-5.502785,-1.56878,1.223208,-0.108138,6,thermal_cycling
1.143849,0.815185,-0.414122,-0.109042,-1.468335,2.589521,-0.340028,0.633408,8,sensor_drift
-1.540354,-0.112164,1.561187,-0.186758,1.307,0.351931,0.47125,-1.335721,0,normal
-0.868193,-1.635463,0.236949,-0.083449,-0.439988,-2.955619,-1.247317,1.120841,0,normal
-0.587321,0.010986,0.878954,-1.497373,-1.310297,-2.037729,0.032695,-1.118306,0,normal
0.862937,0.696216,-0.577661,2.30206,-0.024383,0.236375,0.551349,0.345872,3,gear_tooth_crack
0.433632,-0.296067,-0.475713,0.149619,0.673343,-0.13471,-0.224187,-0.020314,6,thermal_cycling
0.688129,0.2102,-1.788747,2.822598,0.212324,-1.340417,0.3142,0.429145,5,thermal_runaway
0.219178,-0.444004,-2.069293,-2.907348,-1.253863,-0.998764,0.522517,-0.779879,4,misalignment
-0.173838,-0.729577,0.377971,0.452538,0.32085,0.238601,1.577768,-1.067594,0,normal
-0.38241,-1.574308,0.087133,0.923698,0.057426,1.090508,0.580327,-0.059541,2,shaft_imbalance
0.23166,0.96517,0.087868,0.392011,0.303837,-0.09154,-0.530822,2.214153,0,normal
0.115131,0.944416,0.136602,1.228394,0.007994,-0.115335,1.064312,-0.978441,0,normal
-0.944368,-0.318955,-0.052027,-0.312811,-1.818891,-0.580879,0.703519,-0.2089,2,shaft_imbalance
-1.525736,-0.88166,1.061571,-0.844287,0.780876,0.634951,-0.168436,-1.418934,9,intermittent_contact
-0.785796,-0.516298,1.100371,0.675607,0.560329,-0.257521,0.573362,-0.643561,0,normal
-0.217685,-0.383801,0.288219,-0.252374,-0.042579,0.078599,-0.678072,0.532129,0,normal
0.420567,-1.254073,1.115477,-0.445784,8.182224,-0.317193,1.382778,0.465743,6,thermal_cycling
2.560616,-1.33689,1.247732,-1.663317,0.627149,-0.072687,1.334782,0.177886,3,gear_tooth_crack
1.701925,1.734562,-0.004368,-3.201604,0.085562,1.558478,-0.775263,0.082463,4,misalignment
0.426029,-2.464594,-1.92742,-1.253442,0.93405,0.805007,-0.300399,-0.54851,2,shaft_imbalance
-2.725046,0.824212,-1.101606,0.56747,0.754989,1.120138,0.890215,0.055895,5,thermal_runaway
0.756248,0.378843,-1.234813,1.442305,-0.500745,-1.655095,-1.045044,-1.021045,0,normal
-0.002384,-0.35679,-0.932783,0.002462,-0.544461,-0.136868,1.95743,0.172177,3,gear_tooth_crack
-0.810977,7.617461,-1.138273,-0.190395,-0.397558,-0.005475,0.174203,-0.350791,11,blockage
2.406246,0.533105,-1.26269,-2.012689,0.642247,1.750635,-2.140883,2.800684,2,shaft_imbalance
1.213123,-0.370882,0.703502,0.716387,-0.272584,-1.25789,-0.882145,1.278798,9,intermittent_contact
0.149934,5.858078,1.098866,-0.481926,-1.79827,-0.414354,-0.639534,-1.644834,11,blockage
-0.429977,-1.14415,-0.720888,1.511485,-1.139777,0.720823,0.047055,0.244811,2,shaft_imbalance
1.091287,-0.545401,-0.347719,-1.108268,-0.542651,0.341163,-0.817054,0.315787,7,electrical_fault
-1.543469,0.901022,-0.267031,-0.917173,-1.840364,1.003871,-0.751212,-0.769132,10,cavitation
1.710473,-0.121404,1.004044,0.613954,0.906584,-0.642632,1.314882,0.391685,5,thermal_runaway
-0.922103,1.434986,-0.036939,-0.978377,6.551127,-0.072095,-1.407012,-1.101049,6,thermal_cycling
2.120923,7.156355,0.790466,0.344702,0.522064,0.322262,-0.118501,0.560302,11,blockage
-1.471115,0.503049,-2.414108,0.648394,-1.492106,0.053458,-0.119169,1.169538,0,normal
-2.214498,-0.901986,-0.883104,0.986912,0.879336,-0.31284,0.949647,0.13841,4,misalignment
0.254895,-0.316611,0.130488,0.276249,-1.964759,0.196914,0.10101,1.754013,5,thermal_runaway
0.381893,0.254203,-0.252964,-0.736851,-0.367623,0.703903,0.296743,-0.701302,10,cavitation
0.153108,1.895947,0.442887,0.286214,1.238653,-1.176803,0.040311,-0.230009,12,leakage
-0.365162,-0.273062,0.018618,0.324239,1.376043,-0.672753,-0.138088,-0.793252,9,intermittent_contact
-0.884677,1.754619,-0.098816,0.19371,-0.661967,1.106508,0.571847,0.314663,5,thermal_runaway
-4.460758,-2.321306,-1.535286,-2.475052,-1.558417,0.649878,0.679402,1.054042,1,bearing_degradation
-0.350538,4.418992,1.554099,-2.786613,0.73279,1.788471,0.865249,-1.041091,11,blockage
0.516503,-0.484534,0.52272,-0.107475,-0.269449,0.014757,1.77131,0.644018,8,sensor_drift
0.545817,-0.331757,0.554839,-2.048708,0.03682,-0.248619,-0.959589,-1.212952,12,leakage
-1.933747,-0.772329,-0.111848,-0.71586,-0.585136,2.558731,-0.251653,0.27812,3,gear_tooth_crack
-0.722008,0.006276,-0.183911,0.191018,-1.410655,0.022645,1.262653,0.944049,5,thermal_runaway
-3.699007,3.698172,0.795443,-0.302165,0.371768,0.924575,-0.297145,-0.478277,1,bearing_degradation
-0.899542,1.160579,1.070086,0.185524,0.555967,0.500952,-0.468397,-0.260089,9,intermittent_contact
-1.446283,0.312329,0.025743,-0.531528,0.22735,-0.937662,0.840844,-0.69834,3,gear_tooth_crack
-1.463173,0.71769,1.100483,0.393546,-0.050227,-0.840956,-0.118669,-0.752853,12,leakage
0.15839,2.298657,0.191389,-0.278476,-0.272911,1.960033,-0.475487,0.507788,7,electrical_fault
0.086907,-0.024907,-0.148127,0.209524,0.081884,1.869729,0.223948,0.247186,7,electrical_fault
-0.764199,-0.103326,0.888005,0.360612,1.299262,-0.498529,0.324715,0.364115,7,electrical_fault
-0.529741,-1.020331,-1.188534,-0.74275,-5.481811,0.383752,-0.156727,-0.650894,6,thermal_cycling
-1.136426,1.058685,0.210935,-1.478647,-0.188744,-1.494112,-0.053156,-1.655373,1,bearing_degradation
-0.165661,0.353819,0.04844,-0.272284,0.089224,1.568946,0.807658,-0.074718,7,electrical_fault
0.338723,-0.125218,-0.242192,-0.006845,-0.62866,0.666715,-0.011915,1.943611,9,intermittent_contact
-0.989335,-1.115594,-0.864535,-0.333154,-0.521401,-1.040661,-0.049662,1.561141,7,electrical_fault
-0.958921,-1.105286,-0.716146,1.655982,0.362848,0.141823,0.358305,0.615451,2,shaft_imbalance
-0.900897,0.523951,0.728714,-0.576647,0.55954,0.566188,-0.549553,-1.122768,0,normal
0.003552,-0.621382,-1.68557,-0.884468,0.44821,0.551824,0.768592,0.508965,12,leakage
-0.423873,0.685927,-0.975591,0.531475,0.579837,0.211798,0.030873,0.137199,7,electrical_fault
-1.951628,1.810464,-4.299073,-5.916158,-0.18932,-0.303056,1.028068,-1.844497,1,bearing_degradation
0.225925,-0.611756,0.818874,-0.548439,1.330981,-1.588075,2.688112,-0.37327,2,shaft_imbalance
0.305296,0.351671,0.681164,1.740305,0.737875,-0.76563,-2.512571,-1.075308,11,blockage
-0.444121,0.759385,0.303048,0.590321,-0.065046,1.169746,0.924699,0.446141,0,normal
0.254427,-0.739256,-1.576531,-1.969111,-0.762777,0.587673,-0.961278,-1.548448,2,shaft_imbalance
0.439297,2.60714,-0.920804,3.225993,-1.256821,0.385669,-1.194843,0.306244,5,thermal_runaway
-0.418365,0.249639,-0.07873,-1.132553,0.567974,-0.764157,2.287974,-0.109479,2,shaft_imbalance
-0.553359,-1.666319,0.143929,-0.63873,-0.780644,0.923743,-0.155921,0.824806,12,leakage
0.164923,-0.1152,-0.492803,0.980242,0.0,0.830437,0.903794,1.414339,9,intermittent_contact
-0.195529,1.069243,-0.004823,-0.443839,-0.24671,1.723424,-1.570081,-0.627516,5,thermal_runaway
0.281167,5.545299,1.893693,-0.429062,1.716137,-0.731043,-1.610534,0.801296,11,blockage
-1.066216,0.097076,-1.214481,-0.250776,-4.122158,0.982906,1.549943,-1.144324,6,thermal_cycling
-0.208596,2.191957,-1.706989,0.36109,0.861093,2.701884,0.097858,-0.658926,11,blockage
0.323526,-1.162009,1.816588,-0.362141,-0.051741,-0.676026,0.339167,0.454365,7,electrical_fault
-3.982116,-0.476593,2.249958,2.429992,0.382955,0.429488,-1.173757,1.08817,4,misalignment
3.638626,0.297346,0.080314,-2.610045,0.128059,-0.042368,1.386074,1.209442,4,misalignment
0.884149,-1.047644,1.391464,1.144874,-1.337002,-0.20494,-0.593511,-1.168815,4,misalignment
3.692669,6.438685,2.990728,0.241284,-0.428961,-0.629628,0.189576,-0.663305,4,misalignment
4.472318,-0.053317,-1.355555,0.582446,-0.433585,0.407117,1.330716,0.81951,4,misalignment
0.435568,2.41422,-0.324599,1.486062,-0.813111,0.004646,0.079337,1.592077,11,blockage
-0.573521,4.579568,3.447945,2.667913,-0.19988,-0.050557,1.304592,0.003705,1,bearing_degradation
-0.175613,7.054613,2.561403,0.30736,-2.582983,-0.099216,-0.840147,-0.612127,11,blockage
-0.70493,-0.43206,-0.454211,0.014292,1.157969,-0.184113,-1.271249,-1.082707,1,bearing_degradation
-0.028747,1.742949,-1.486822,1.230921,-0.278768,0.314747,-0.984306,-1.015141,10,cavitation
0.009486,0.138754,0.178384,0.573361,-1.258731,0.509365,-1.512634,-2.794363,9,intermittent_contact
-0.036225,-0.310299,0.281291,-1.444166,0.430723,-0.465011,-0.156105,1.139294,8,sensor_drift
-0.084086,1.106359,-1.108845,1.521073,-0.753067,2.168094,-0.717121,0.661702,7,electrical_fault
0.518839,-0.800469,-1.338515,0.085308,-0.595492,1.00509,1.203323,0.371391,6,thermal_cycling
-0.537934,-0.731551,0.512648,-1.00936,0.046394,0.673752,1.90971,0.638334,9,intermittent_contact
3.416149,0.247557,0.434238,2.230823,0.918851,2.252928,0.105071,0.603637,5,thermal_runaway
-0.81667,-1.408488,1.482922,-1.132893,0.0,-1.426511,2.557091,-1.352897,9,intermittent_contact
0.492101,1.242892,0.655201,0.40127,0.595851,0.696831,0.907657,-1.527572,7,electrical_fault
0.405772,1.260315,-0.368304,-1.196135,-2.148209,0.952676,-0.735932,-1.147437,2,shaft_imbalance
-0.159369,1.201187,-1.546528,-0.66677,0.411282,3.830323,-0.345837,-0.260929,8,sensor_drift
-0.680201,2.439857,-0.7463,0.510563,0.026545,1.243722,-0.803931,0.572533,10,cavitation
1.77935,-0.21219,0.986811,-0.548727,-1.503463,-0.713129,-2.412107,0.185174,10,cavitation
-0.953682,6.074423,-0.132442,-1.909064,1.755524,-2.207671,-0.332555,1.295673,11,blockage
2.016542,-0.04543,-0.530616,-0.702016,0.001746,-0.550222,-0.09703,0.413233,2,shaft_imbalance
-1.623872,0.904005,-0.894523,2.965701,-0.500173,-1.298711,1.699912,-0.110768,8,sensor_drift
-0.295402,0.374025,1.653209,-1.089071,12.09133,-1.076474,-1.270608,-1.211591,6,thermal_cycling
0.026935,-2.393257,-0.593482,-1.812656,-0.043451,0.166449,0.357142,-1.154586,1,bearing_degradation
0.533622,3.704347,-0.389057,-1.306154,2.443449,0.772294,-0.496249,-0.035779,11,blockage
0.355786,0.750185,-0.59477,-0.635779,-0.124798,-1.275018,0.406901,1.049082,3,gear_tooth_crack
-1.113632,4.353431,-3.131213,-0.627579,-1.066468,0.62266,-0.317541,1.330537,11,blockage
-0.782132,-0.541367,1.067089,-1.409885,-1.665769,0.466836,-0.61397,1.552209,7,electrical_fault
1.126374,1.02824,-0.068129,-1.224205,1.925993,0.458589,0.785952,0.491294,3,gear_tooth_crack
-0.779488,-0.537888,-0.970913,0.850621,-2.783366,0.189043,-0.374199,-0.706184,6,thermal_cycling
3.116639,-0.631624,0.517606,0.953772,-2.24179,-0.036549,-1.770826,-0.196193,3,gear_tooth_crack
-0.172902,0.796139,-0.165743,-0.178088,-0.197765,0.0762,-1.409322,-1.027579,7,electrical_fault
1.452724,0.380468,0.331372,-0.201339,0.854288,0.62819,0.048517,0.487523,7,electrical_fault
-0.013785,0.333631,0.919508,-0.109315,0.891362,1.037834,-0.417107,1.885192,9,intermittent_contact
-0.671059,5.348512,1.715117,-0.379506,0.538808,0.755166,0.912312,1.744211,11,blockage
-0.9433,-1.409048,1.688305,1.321256,-0.182349,0.381332,0.406569,0.136712,3,gear_tooth_crack
-0.095873,1.83388,-1.260931,-0.791593,1.112876,-0.517666,-0.748237,-0.561451,12,leakage
-0.714338,-0.938223,0.88436,0.816972,-0.481681,-0.193867,-2.539733,-0.457428,7,electrical_fault
-1.213632,0.500178,0.171647,0.631266,1.209576,0.813685,-0.868372,-0.136022,12,leakage
-3.747968,-0.993115,2.629046,-2.240137,0.582856,0.37447,-0.181808,0.061523,10,cavitation
0.440919,-0.232242,-1.587382,-0.04659,-7.304491,-1.464747,-0.98459,-0.581952,6,thermal_cycling
1.525398,-0.589909,0.783382,0.164568,0.982723,-0.214985,-0.350415,0.732073,3,gear_tooth_crack
-0.615282,-0.376388,-1.373278,-0.279722,0.145999,1.715421,0.52832,-0.864854,2,shaft_imbalance
0.491453,2.063895,1.362458,-1.895985,1.421076,0.9364,-1.5453,-0.303202,0,normal
-0.139725,-1.766448,-0.44165,0.833238,0.70518,-0.086922,0.243653,-0.82826,2,shaft_imbalance
-0.300427,0.855494,-0.627364,-1.296168,1.134676,-0.981042,0.423788,-0.607923,10,cavitation
-0.084168,0.478212,-1.610404,1.701084,0.981187,-0.644516,0.031547,-0.557348,5,thermal_runaway
-0.451951,-0.665878,0.43401,0.251854,-1.404792,1.122678,-0.094195,-1.110931,0,normal
2.593068,4.779584,3.009166,1.825121,0.249011,-0.321738,-0.349903,-0.148157,4,misalignment
0.489004,-1.269637,0.529035,0.470778,0.519293,0.679293,1.488171,1.23757,4,misalignment
-2.258337,0.471338,3.784875,3.367026,0.045111,0.797994,0.585328,-0.407844,4,misalignment
-0.338246,1.090661,1.181401,-0.735447,0.460551,-0.006412,-1.008235,-0.297075,3,gear_tooth_crack
0.929571,1.040373,0.584382,-0.450454,-0.804207,-0.016867,-0.007384,1.107295,5,thermal_runaway
-0.061017,0.126165,-0.339605,-0.88979,-1.468639,0.632868,-0.783401,3.059531,0,normal
1.098072,4.499154,2.214867,1.053657,1.139196,-0.302124,2.323927,1.087818,11,blockage
0.185166,1.404194,0.329681,-0.648762,-8.105465,1.126775,0.000214,-2.074081,6,thermal_cycling
0.11969,1.799421,0.835749,-1.003349,-0.091732,0.405632,0.432118,2.811437,4,misalignment
0.611839,0.829881,0.688811,1.209568,1.942952,-0.405022,2.805312,-2.019938,5,thermal_runaway
-1.186196,-4.662437,-1.713022,0.886169,-0.526231,0.186705,2.109335,0.3316,4,misalignment
1.193581,0.144103,0.44877,-0.66766,-2.222931,0.255875,-0.160995,0.963064,10,cavitation
1.891584,0.262005,-0.683034,0.467491,0.279425,2.216504,0.74217,-0.933586,9,intermittent_contact
1.332165,0.339931,0.387358,0.027693,0.454455,-1.033864,0.427215,0.25582,2,shaft_imbalance
-1.217478,-0.687374,7.115453,-1.45011,0.291711,1.994746,-0.550016,1.814675,1,bearing_degradation
-1.416764,-0.668591,0.275623,1.416969,0.068655,-1.390657,-2.150905,-0.373609,2,shaft_imbalance
-0.192878,1.1756,1.021786,1.414801,0.372594,1.352664,-0.416083,-0.200852,3,gear_tooth_crack
-0.060466,5.435873,0.579106,0.36978,0.531994,-0.654911,0.33838,-0.933663,11,blockage
0.358031,-1.517635,-0.591505,0.230091,-1.196128,-2.004144,-0.15921,0.572609,2,shaft_imbalance
-0.273382,-1.289795,-0.570946,-1.535535,0.246603,-1.619503,0.69025,-1.060165,2,shaft_imbalance
-0.878029,-1.494436,2.074474,-1.151163,-1.050664,-1.748518,0.866397,0.250323,1,bearing_degradation
-1.352847,6.99251,0.583037,-0.852795,-0.282799,2.479577,0.79515,-1.694259,11,blockage
-0.152288,-0.479012,-0.042965,0.712684,-0.986425,-1.203259,1.484203,-0.734855,3,gear_tooth_crack
0.066335,2.952138,-1.063393,-0.478504,-0.708693,0.925993,0.737604,1.223606,10,cavitation
-1.407988,0.110845,1.008249,1.235915,-0.67222,2.083722,0.000413,0.976558,8,sensor_drift
-1.545244,-1.330737,1.937213,0.764006,0.080083,-2.12501,0.608891,-0.904089,1,bearing_degradation
1.876569,3.936887,3.004074,1.788259,-0.650045,-0.144746,1.211927,-1.79811,11,blockage
0.600275,-1.316853,-0.56398,0.598004,10.495117,-0.722176,2.239878,0.175604,6,thermal_cycling
-0.398905,-1.816795,0.942231,-2.516387,7.476958,0.691191,1.376732,-1.610157,6,thermal_cycling
-0.115023,2.990951,-0.157453,0.58397,-0.323224,0.186294,-0.239572,-0.102934,10,cavitation
0.733615,-0.842538,0.110098,2.142787,-0.500014,0.853826,0.523804,-0.163766,3,gear_tooth_crack
0.040138,-0.668241,-0.176887,-0.783913,0.578676,0.964314,-1.40013,-0.912265,12,leakage
0.779173,1.264974,-0.53928,-0.049281,0.071273,-0.216585,-1.376552,1.441093,12,leakage
-0.564448,1.87314,-0.635108,-0.148021,-0.663334,-0.800265,-1.401087,0.672067,7,electrical_fault
-0.315018,1.852853,-0.612581,-0.411254,-0.471237,1.026848,-0.069973,1.507326,9,intermittent_contact
0.084533,0.859786,-0.386942,0.467649,-1.241753,0.788484,-0.497861,-0.836572,5,thermal_runaway
1.217725,0.919424,1.5217,0.358796,0.905259,-0.307127,-0.601461,1.706768,0,normal
-1.126261,-0.742553,-1.30002,0.14549,15.638232,-0.984367,0.421209,1.057115,6,thermal_cycling
0.079433,-1.596185,0.3975,0.181005,0.540842,-1.934141,-0.300484,-0.980763,12,leakage
-0.546438,0.254817,-0.041591,-1.073169,-1.013163,1.732838,-0.150906,-1.423975,12,leakage
1.469479,-0.956723,-1.022282,0.744927,-1.647874,-0.880534,-0.041832,0.001482,5,thermal_runaway
-0.19919,0.615342,-0.492271,0.824802,-1.965088,-0.048891,0.50072,0.585003,9,intermittent_contact
0.303102,0.124697,-0.255164,-1.536272,-1.477208,-0.583887,-0.00828,-0.608248,0,normal
1.232992,0.145713,2.063383,0.189987,1.03292,1.267426,-1.140151,-0.425219,8,sensor_drift
0.850157,-0.789317,-0.262955,1.666965,0.623388,0.954111,-1.221153,-0.432047,9,intermittent_contact
0.568335,-4.619901,0.541064,0.557894,-0.378219,-1.293495,-0.037543,0.365082,7,electrical_fault
0.474661,6.98508,-0.586587,-1.759533,0.929267,0.066753,-0.057947,-2.839163,11,blockage
0.450548,0.122899,0.163884,0.849706,3.988577,-0.880219,-0.234135,-1.177936,6,thermal_cycling
0.888983,1.423559,0.995859,-0.934239,-0.903534,-0.075771,-0.451175,-1.138327,0,normal
1.094955,6.036294,-2.249086,-1.037271,-1.695095,-0.895553,-0.522454,-0.237261,11,blockage
1.714149,-0.282602,1.472894,-0.300866,-0.81295,-0.913723,1.003889,1.292246,5,thermal_runaway
0.194191,1.438979,-1.324374,1.286656,-1.286352,1.033584,-0.909182,-0.629642,11,blockage
-1.865038,-1.080886,1.085112,-0.135149,0.421982,1.400242,-0.089414,0.92865,12,leakage
-1.26909,-0.027433,0.304436,-0.736273,0.028327,-1.599949,1.409906,-0.681615,0,normal
-0.426578,-1.045657,1.281253,0.409712,1.014829,-0.429348,-1.019718,-1.051563,3,gear_tooth_crack
-0.506848,-0.052527,-0.493891,-0.270518,-0.706187,-1.4494,-0.534751,-0.213169,3,gear_tooth_crack
1.593261,-0.043872,0.97274,1.144191,-1.087522,0.205297,-0.770377,-1.11323,7,electrical_fault
-0.439711,1.005899,-0.261574,-0.427843,0.141209,1.306994,-0.15454,-0.885538,12,leakage
4.006724,1.285803,-0.89917,-1.226492,-0.981523,-1.119112,1.858271,0.901812,3,gear_tooth_crack
0.190751,3.083151,-0.445206,-0.220973,0.510252,0.418397,0.951453,-1.047915,10,cavitation
-0.558308,3.784571,-0.209492,-0.005619,1.080033,1.411935,0.612483,0.826895,11,blockage
-0.428998,1.699045,-0.438003,0.061286,1.916376,-1.861776,0.215958,-0.660566,7,electrical_fault
-1.704387,-0.525319,0.123998,-0.106728,0.304411,-1.126365,-0.98254,-0.488346,6,thermal_cycling
1.134474,0.815059,-0.693842,-1.143585,-0.830253,0.730695,-2.223397,-0.015399,9,intermittent_contact
1.304532,-0.1064,0.84749,0.775899,-0.134161,-2.029315,0.199041,0.526409,12,leakage
1.220069,-0.94158,-1.015068,-9.489927,-0.746121,-1.519399,0.24406,0.503317,1,bearing_degradation
2.027508,-0.2776,-0.016016,-0.432028,-0.585948,-0.699297,-0.018647,-0.776978,9,intermittent_contact
-4.160925,-2.48899,-0.054853,-0.4313,-0.994585,-0.64416,-0.21226,0.693972,4,misalignment
-1.779553,-1.21414,2.202456,-0.57293,-0.634999,0.235946,0.828835,0.657598,7,electrical_fault
-1.264052,4.197315,0.656757,1.238508,-1.764219,-0.661629,0.707997,-0.75011,11,blockage
0.961041,-2.307383,-0.765661,1.257764,0.360286,0.861893,0.066463,0.545919,8,sensor_drift
-0.376216,-0.030141,1.674181,-1.484856,0.637963,0.529951,-0.296645,-0.018448,9,intermittent_contact
0.078734,0.582644,0.11985,2.537437,0.733813,-0.20235,0.602663,0.209945,5,thermal_runaway
0.856623,3.537457,0.652909,0.48787,0.496436,0.330666,-1.373159,-0.598657,11,blockage
2.195491,0.617116,1.853409,0.531311,0.745724,0.762284,1.852189,0.097313,5,thermal_runaway
1.184881,-0.305205,0.694822,-0.246129,13.839347,-0.997237,1.163913,0.894205,6,thermal_cycling
0.046203,0.696412,0.935109,0.911228,-0.100778,1.386993,0.228461,0.632376,0,normal
1.482472,-0.380996,1.70613,0.256766,-0.159148,-1.817562,2.119856,-0.00597,5,thermal_runaway
0.63861,-0.522229,-0.561484,-0.734176,0.298889,0.634676,-1.211607,-0.514241,9,intermittent_contact
1.832329,-0.957838,1.392134,1.312964,0.845295,-0.404513,0.342696,-0.804293,9,intermittent_contact
0.987332,-2.035885,0.155349,1.430599,0.712586,0.706069,-0.049471,-0.409887,9,intermittent_contact
-0.148045,-0.058938,-0.770776,0.385982,-0.699945,-0.540261,-0.101343,-1.489062,3,gear_tooth_crack
-1.364088,0.067877,0.88481,-0.864695,0.564379,-0.362933,0.745378,1.420792,4,misalignment
-0.732406,-2.951517,0.873455,-3.256152,-0.207428,-0.544571,0.78376,0.352419,1,bearing_degradation
-0.500566,2.181717,-0.140292,3.759615,0.202264,0.143101,0.434868,-1.716066,11,blockage
1.883786,0.247135,-1.701808,-2.248548,0.457886,0.378123,-0.703903,0.993864,10,cavitation
-0.262396,3.605765,-0.639478,1.640319,-1.230627,-0.604409,2.533438,0.369689,11,blockage
-2.20498,7.68212,-3.515535,-0.893455,1.551165,1.29903,-1.091155,-1.731791,11,blockage
0.004018,0.654852,-1.244305,-0.30928,-0.443496,-0.405686,1.873383,-1.62306,2,shaft_imbalance
2.674335,8.744852,-1.455688,-1.137973,0.821934,1.287856,1.267532,0.470754,11,blockage
-1.341887,0.136854,1.232093,1.243803,1.070756,0.787223,2.211069,-1.551722,9,intermittent_contact
0.257402,6.01266,0.5565,0.333924,2.134413,-0.67301,-0.449194,0.154173,11,blockage
0.885674,-1.327718,-1.060417,-0.143613,9.17594,-1.236029,-0.420587,0.991989,6,thermal_cycling
1.050053,0.026989,0.603903,-1.207434,1.394517,0.470246,0.902931,0.263119,8,sensor_drift
-1.386829,1.946873,-0.240712,-2.143365,-0.494577,0.827253,-1.560367,-0.065829,1,bearing_degradation
-0.756791,-2.386405,0.633513,1.108627,1.190178,0.67543,-0.154067,-0.564277,3,gear_tooth_crack
0.310242,-1.74008,1.378939,-1.073677,-0.73205,0.455441,0.872415,-0.402208,10,cavitation
-1.210004,-0.188116,1.162372,2.132752,-1.356639,0.331006,-0.190112,-0.098794,7,electrical_fault
0.719052,-0.034724,1.55687,-0.66224,-0.341022,-1.420934,-0.345337,-0.861721,10,cavitation
0.084976,-0.238609,1.574619,-0.975521,1.035146,-0.409522,-0.018356,-0.749826,7,electrical_fault
3.43497,5.370304,-2.168273,-4.668859,-0.302926,0.543807,-0.807244,0.757424,1,bearing_degradation
0.449146,0.691982,3.182699,0.9762,0.784302,-0.407729,-0.185264,2.571568,11,blockage
0.139925,-0.701341,0.961356,0.837631,0.56768,-0.833732,-1.331032,0.076524,5,thermal_runaway
1.296843,0.109965,-0.655294,-1.488122,0.687011,-0.869087,0.866837,1.39742,2,shaft_imbalance
-1.296925,0.370708,1.404118,0.050471,0.946428,0.15533,-1.022105,2.007065,7,electrical_fault
1.605879,-0.920373,-2.520107,-0.017786,-0.904259,1.781193,-0.238219,0.409874,8,sensor_drift
0.125257,-4.280761,-0.847967,-2.154809,-0.111783,-0.128057,0.480245,1.040675,10,cavitation
0.516284,0.964593,0.783291,-0.902243,0.942956,-1.199509,-0.178351,-0.040124,1,bearing_degradation
-1.08772,-1.679091,-0.800334,1.186494,-0.984234,1.638092,-0.577861,0.534634,12,leakage
0.893437,-0.71708,0.12798,1.863758,-1.806044,4.838753,0.380773,1.266531,8,sensor_drift
1.433991,0.294279,-1.181846,-1.503912,-1.069797,-0.395748,1.100009,0.24455,2,shaft_imbalance
0.256007,-0.604534,-0.525248,-0.800398,-0.822205,0.015507,0.240821,0.279941,7,electrical_fault
-0.297577,8.597553,-0.940553,1.822591,-0.827132,-1.510105,-0.809839,1.173278,11,blockage
0.562182,-0.922658,0.689028,0.079008,0.223478,0.512204,-0.932519,0.36386,10,cavitation
1.530181,-1.078044,0.101052,0.507962,-1.427632,-0.563842,-1.690836,-0.164532,7,electrical_fault
-1.551276,1.596836,0.121219,-0.250614,-0.473674,-2.608983,0.175274,2.172774,10,cavitation
6.906886,-7.040266,2.125656,-1.639625,-1.068582,0.21381,0.007366,-0.853192,1,bearing_degradation
-0.663469,0.191996,0.199416,1.502409,0.301409,0.26402,-1.181258,0.792058,10,cavitation
1.972147,1.122861,-0.780778,-1.418156,0.284676,-1.311929,1.327785,1.700209,2,shaft_imbalance
1.67897,1.311804,0.007399,0.72186,0.612575,1.415737,0.630939,2.278179,5,thermal_runaway
-2.195905,1.024647,-1.860019,0.928879,2.18555,-0.778333,0.38757,-0.398632,5,thermal_runaway
-0.815827,-0.963775,1.266305,1.372342,-0.991106,0.967999,-0.08696,0.339809,0,normal
0.993924,0.927145,-0.213845,-1.72208,0.461363,-1.642416,1.215245,-0.732758,5,thermal_runaway
-0.838861,-0.43027,0.78685,0.405799,0.535166,-0.027383,-0.7881,1.488117,3,gear_tooth_crack
3.54468,1.152692,-1.532543,0.928325,1.936991,0.029225,1.810605,0.866256,4,misalignment
-1.581756,4.560176,-1.097429,-1.950949,-0.486465,-0.772884,0.088657,0.709232,11,blockage
1.222091,2.966494,2.409118,3.240352,-0.758887,-0.004857,-0.588861,2.022755,4,misalignment
0.224306,4.492797,0.848811,0.087768,1.685437,-0.638278,0.150934,0.304946,11,blockage
0.057629,1.076923,-0.143353,-0.30005,0.430422,-0.306964,2.519588,-0.46907,5,thermal_runaway
-0.762141,0.470839,-2.257635,0.1687,0.045454,-0.970162,0.182211,-1.213252,9,intermittent_contact
1.32654,-3.421454,0.564944,1.538552,2.161942,-0.253262,-0.740174,1.152583,1,bearing_degradation
-0.82298,-1.599459,-0.509813,-0.944484,2.144192,1.504038,1.341841,-1.294785,9,intermittent_contact
-0.852351,-0.360588,1.539319,1.446925,8.48245,0.728439,0.977962,1.430108,6,thermal_cycling
-0.567774,0.058815,1.008103,0.354348,0.947539,0.026724,-0.704946,-0.18375,3,gear_tooth_crack
0.279333,0.215237,0.168186,-1.264854,4.702305,0.006466,-1.575894,-0.334205,6,thermal_cycling
-0.324272,-0.942621,-0.033161,-0.679044,-1.998529,2.438951,0.032743,-0.700302,8,sensor_drift
-0.792415,1.475137,-1.704559,0.566887,0.319535,-0.206767,-0.925116,-2.061776,3,gear_tooth_crack
-1.705847,1.366828,0.334486,0.756329,-0.799217,4.225798,-1.309898,0.149227,8,sensor_drift
0.292671,-0.657962,1.27045,1.266794,-0.685507,1.271301,-1.267477,-0.057245,2,shaft_imbalance
-1.953156,-0.909333,-1.575753,0.271567,-0.54994,0.757962,0.440696,0.690027,8,sensor_drift
-0.830724,-0.535264,2.992325,2.525742,-1.565817,1.2323,0.219285,1.115007,4,misalignment
1.522113,-0.05658,-0.290206,0.555167,-0.448051,-0.753004,-0.657094,-0.659763,7,electrical_fault
-0.119366,-1.620914,-2.344343,0.942766,-0.984995,-0.455528,-1.386442,-1.40997,0,normal
2.758696,5.138989,0.271643,-0.947583,-0.840512,1.924765,-0.957661,-1.793949,4,misalignment
-0.927159,-1.204619,0.205026,0.105751,1.091423,5.000808,-1.207375,0.023522,8,sensor_drift
-1.563825,-0.752933,2.66151,-0.331084,4.55705,1.500467,-0.908497,0.266365,6,thermal_cycling
1.273363,9.702593,2.061483,-1.909486,2.475114,1.183805,1.585392,-1.519871,11,blockage
1.630173,-0.415798,0.07827,-1.699545,-0.38266,-1.329299,0.146237,-0.204269,1,bearing_degradation
2.072035,5.780534,-0.504101,-0.676624,0.438048,-0.184359,0.696588,-0.826325,11,blockage
1.459021,0.498202,-2.232554,0.342696,-4.298331,-0.324716,-0.827283,-0.609731,6,thermal_cycling
0.216205,0.804881,0.12374,-0.586516,0.010983,1.435994,0.55524,-1.711473,0,normal
0.78939,0.644773,-2.17682,-0.257453,1.014741,-1.019535,-1.692396,-0.138782,7,electrical_fault
-0.89322,1.425048,0.29879,0.702175,-7.282969,1.679908,-0.155929,1.019057,6,thermal_cycling
-0.716619,1.973348,0.226193,0.542567,-2.427054,0.265883,-0.22911,-0.925808,6,thermal_cycling
0.486902,1.550422,0.687156,2.224598,-0.570984,1.383812,0.964624,-1.589691,4,misalignment
0.098645,-1.105051,-0.905502,-0.607181,1.401359,1.076691,-1.079878,0.053391,3,gear_tooth_crack
-0.175563,0.739648,0.98784,0.020324,-0.224001,-3.235261,1.562124,-0.657591,9,intermittent_contact
-0.679856,-0.475805,1.148092,-1.328396,-1.579562,-2.277476,1.270528,1.038219,7,electrical_fault
-0.845045,-1.083699,0.344605,0.37928,1.287331,1.09998,-0.132229,-1.244206,0,normal
2.694707,-0.705059,-0.822488,-0.111598,-1.174748,-2.888311,0.335505,-0.049783,4,misalignment
-0.269025,0.0104,-0.931391,1.987038,-0.082326,1.270043,-0.533252,0.244776,1,bearing_degradation
-0.144005,0.319615,-0.33253,0.004787,0.215514,-1.760821,-1.6673,0.133929,7,electrical_fault
1.79651,0.687814,-1.113863,3.867607,-0.01652,-1.680422,-1.038381,-1.032461,9,intermittent_contact
-0.289111,-1.951746,-1.290254,-0.092944,0.052239,-0.043601,0.381534,1.739974,4,misalignment
0.366861,0.99519,0.372247,1.581713,1.056447,1.985016,-1.062751,-0.254058,10,cavitation
-2.232307,1.14252,-0.640041,-0.283947,-0.669835,-0.173143,-0.175246,1.302164,2,shaft_imbalance
-0.106882,0.563693,0.049724,0.225793,-0.246717,-0.414938,0.996,-1.95035,5,thermal_runaway
0.357046,0.324904,-2.451027,-1.947633,-0.867816,0.387242,1.283591,-0.660519,4,misalignment
-0.464061,0.010345,-1.892101,1.029664,1.946872,-0.322964,1.174952,-0.134103,8,sensor_drift
0.067609,1.769149,-1.004562,-0.661104,0.133019,0.243767,-1.901209,0.602698,3,gear_tooth_crack
-2.847323,0.619407,-0.175741,-0.541797,1.906595,-0.308067,-1.616763,0.456961,9,intermittent_contact
0.930446,0.952452,-0.270632,-0.520866,0.127709,-0.145393,-1.752514,1.914104,5,thermal_runaway
-0.574669,-0.732999,1.045714,-0.392205,-1.41207,0.626639,-0.820703,1.15976,6,thermal_cycling
0.422289,1.068462,0.098002,2.337845,-0.378039,0.324089,-0.798806,-0.351525,0,normal
-1.973906,-1.495943,-2.816062,1.245103,0.466372,0.824861,0.548687,-0.704692,10,cavitation
0.950057,0.607015,-0.5782,1.150844,0.1902,0.386433,-1.302836,-0.716826,12,leakage
-0.404134,2.063419,0.792683,0.599577,-1.905679,1.021189,-0.160205,0.571305,4,misalignment
2.214507,2.160615,2.177007,1.087493,1.080681,1.58783,2.663769,1.086907,5,thermal_runaway
0.578864,-0.919072,1.014717,1.040871,0.23943,0.329451,0.959838,1.313492,4,misalignment
0.1757,1.28993,-1.734611,0.179647,-0.585379,-0.37071,-0.904808,-0.169551,0,normal
-0.630845,0.879444,-1.102089,0.259881,0.746847,-0.088245,1.010064,-0.30431,1,bearing_degradation
0.690091,-1.367942,-0.981099,-0.723236,-0.357305,-1.362051,-1.422052,-0.821835,0,normal
1.226167,-1.168572,-0.863274,-0.419357,-0.273029,2.7067,-1.414699,-0.0295,8,sensor_drift
-0.869559,-0.070224,-0.325051,-0.68682,1.236364,1.309886,0.639799,2.043858,12,leakage
-0.466492,-1.640971,1.165777,1.327295,-0.434616,0.23423,0.344477,1.081784,2,shaft_imbalance
2.270859,-0.575345,0.160227,-0.008671,-0.410524,0.036107,-0.40701,-2.28295,7,electrical_fault
-0.495093,-0.131915,-0.176558,0.212568,0.586709,-0.399146,-0.200424,1.354686,10,cavitation
-0.678703,0.366362,0.067726,-0.095869,-0.751538,2.314388,1.182792,0.728363,7,electrical_fault
0.048476,-2.019968,0.023469,0.584091,1.772938,5.721416,1.929924,1.680582,8,sensor_drift
0.390524,0.928016,-0.056094,-0.463691,7.622765,0.124029,-0.689267,-0.631767,6,thermal_cycling
-0.421422,0.702349,0.673991,0.508148,-0.362146,-0.33062,-0.516783,-0.535968,5,thermal_runaway
0.442222,-0.060923,-0.441382,0.151541,0.550254,2.061799,0.93942,0.97599,0,normal
-0.305185,0.946159,-0.229329,-0.58803,0.069607,-0.152502,-0.250424,-1.657139,2,shaft_imbalance
-1.431991,-0.738444,-1.705536,0.225975,1.431463,1.301993,0.437485,-1.929354,2,shaft_imbalance
-0.353651,-4.822916,1.378753,-2.382154,0.572395,0.8834,0.771036,-0.41311,1,bearing_degradation
-0.823849,-1.782198,-2.057127,-0.475947,0.450024,0.603906,1.160285,-0.392799,8,sensor_drift
3.470929,-2.818071,-5.0477,-5.385088,-1.368491,1.473224,-0.778174,1.48023,1,bearing_degradation
0.935448,0.988803,-0.283821,-2.022746,0.140943,0.398855,-1.273201,0.214843,4,misalignment
1.391643,0.843217,-2.561768,2.800693,-0.410534,5.69859,0.546012,0.005346,8,sensor_drift
-0.820701,0.830346,1.32322,0.302239,-0.232811,-0.160704,0.913986,-0.305596,11,blockage
-1.077271,0.133776,1.302261,0.13386,9.23095,-0.373992,0.443442,1.352039,6,thermal_cycling
7.257891,1.123178,-0.12437,0.237172,-0.793893,0.688217,0.487552,-1.055074,3,gear_tooth_crack
-0.880444,-2.066732,0.207459,0.370405,-0.110051,-1.495985,0.304301,0.266314,3,gear_tooth_crack
1.513175,-0.714809,-1.07705,1.663707,-2.198619,-0.153798,-0.075508,-0.114552,7,electrical_fault
-0.784259,-0.125044,-0.610099,2.299664,-0.089731,1.545232,-0.195622,0.259288,0,normal
0.929172,-1.806857,-0.087954,1.803298,-0.045637,0.834419,-0.101721,-0.580627,2,shaft_imbalance
-0.644669,-0.03174,-0.906207,0.966347,0.765352,0.130625,0.591553,-0.499671,7,electrical_fault
-1.168825,2.780452,0.017376,-0.166973,-1.313603,0.514761,2.128483,-1.424018,11,blockage
-0.15063,2.411491,0.848878,-0.584146,-0.050602,0.679859,-1.756252,-0.856059,5,thermal_runaway
0.390711,0.991316,-1.268926,-0.873264,-0.239128,0.99801,-1.293598,-0.061575,5,thermal_runaway
-1.55072,-2.345682,-4.033131,-1.132389,-0.125404,0.044447,0.093037,-0.445707,4,misalignment
2.167807,0.201976,0.105709,1.665629,0.65634,0.945694,-1.593576,0.386879,4,misalignment
0.997607,-0.024601,1.031633,-1.53983,1.301383,-0.891542,-1.450025,-1.299071,12,leakage
-2.769884,-0.856205,-0.070027,-1.015287,-3.700092,-0.725618,-0.003611,-0.525285,3,gear_tooth_crack
1.582802,0.40607,1.72061,0.742173,1.368443,6.030529,-0.679422,-0.508971,8,sensor_drift
0.169474,0.999674,-0.902111,-1.552507,0.260754,-0.033603,-0.491541,0.084661,0,normal
-0.795433,4.815052,2.402649,0.473142,-0.408899,0.684478,1.285844,-0.098178,11,blockage
0.289885,0.157233,-0.209032,0.678524,-0.370778,0.23557,0.871934,-0.561807,0,normal
-1.979651,-0.566611,-0.286326,-0.129874,1.419621,0.57846,-1.365456,-1.489508,7,electrical_fault
2.033464,0.429761,1.128489,-1.456213,-1.464842,0.460063,1.854858,-1.009936,3,gear_tooth_crack
-0.291667,1.104275,-0.530036,-0.903734,0.800356,-0.249518,-0.40506,1.274992,3,gear_tooth_crack
1.403894,0.817009,0.785147,-0.853382,0.263827,0.375179,-2.371196,0.14651,9,intermittent_contact
-0.24106,-2.457622,-1.096813,-1.2525,-2.038766,1.21319,-0.130506,-0.61967,8,sensor_drift
0.441314,-0.222748,0.8994,0.129243,-0.521564,0.193067,-1.162468,0.636724,5,thermal_runaway
1.265775,1.065685,0.537434,1.972196,-0.189246,3.031762,-0.227529,0.255193,0,normal
1.307286,0.663265,0.53194,-0.500377,-0.34684,1.13432,-0.363249,0.45036,8,sensor_drift
0.862749,-0.833505,-0.489243,-1.948651,-1.406884,0.830905,-0.588882,-0.662372,10,cavitation
-1.571783,-0.617738,-0.101788,-1.228757,-3.143666,-1.043912,-0.47186,-0.605449,1,bearing_degradation
-0.879624,0.153381,1.402529,0.54716,-2.176963,0.648625,-0.44209,0.509382,5,thermal_runaway
-1.162332,1.213444,3.373585,-1.120831,-1.231947,0.623676,-0.498192,-1.087235,1,bearing_degradation
-0.422561,0.118797,-0.399549,-0.271376,-0.019902,-0.655743,0.691063,1.435978,0,normal
-0.291032,-0.028903,-1.111182,-0.300024,11.39255,0.755782,-1.0446,1.631443,6,thermal_cycling
0.296418,2.035073,-0.087094,-0.307083,-0.753528,-1.032263,-1.244472,-0.888797,0,normal
0.031796,-0.443445,-1.357697,-1.289005,0.957318,0.688718,-0.535359,0.40911,2,shaft_imbalance
-2.17434,-0.995837,0.96718,1.716407,-6.816953,-1.216725,1.534746,-0.565427,6,thermal_cycling
1.890867,0.239646,1.347855,1.039972,1.54199,1.05188,0.397894,-0.369177,8,sensor_drift
0.263459,-1.085497,0.210464,-1.310463,15.336164,-0.661551,1.050791,-0.363145,6,thermal_cycling
1.081458,-0.421573,-2.654457,-0.032953,0.062918,0.195438,-0.183305,-0.862538,9,intermittent_contact
-0.935027,-0.514478,0.487954,0.605088,0.582034,0.287804,0.44063,-0.454724,12,leakage
-2.893106,-1.141279,0.550894,2.324987,-0.952467,1.168261,-1.278721,1.16572,4,misalignment
-4.32697,-1.979591,-1.592871,0.168703,2.272659,0.205356,-0.775609,0.410369,1,bearing_degradation
-0.517696,-0.235889,0.563332,0.112491,0.265318,-0.74312,-0.121028,0.361001,1,bearing_degradation
6.502435,0.356832,4.372061,0.529856,-0.085573,0.410552,0.223615,0.961157,1,bearing_degradation
-1.85481,-2.424399,1.020621,0.637036,0.350913,-0.154247,1.049268,-0.799144,1,bearing_degradation
2.39273,0.358086,1.056759,-1.247703,-0.838084,2.146947,-0.952238,-1.262052,3,gear_tooth_crack
-7.85966,0.20877,0.12104,-8.254751,-0.342521,-0.488412,1.544058,1.386044,1,bearing_degradation
-0.654431,1.189621,1.418591,-0.679111,-1.443391,2.914915,-1.778299,-1.439791,10,cavitation
0.696868,-0.095884,0.991961,-0.497274,-1.98252,-1.019424,-0.675282,0.442037,4,misalignment
1.693328,4.953582,3.644748,0.903195,0.852434,0.027532,0.401552,0.151128,4,misalignment
-1.24229,-0.414988,0.569652,-1.383082,-0.705254,0.375401,0.589743,-0.523049,9,intermittent_contact
-4.955594,-3.144471,4.464583,-4.284459,-2.606401,2.372771,-1.336007,0.573479,10,cavitation
1.491036,-0.240751,0.541303,0.227219,1.918768,1.833608,-0.137972,1.525051,8,sensor_drift
1.402701,1.567309,-1.038703,-1.104079,-0.347773,0.340435,-0.181818,0.49952,3,gear_tooth_crack
0.842061,-0.595781,-0.749843,-0.74203,-1.138455,0.946609,1.468363,0.434427,7,electrical_fault
0.999647,-2.688124,-2.423912,0.136818,0.266181,-0.477328,-0.032949,-0.247239,7,electrical_fault
0.242444,0.909769,-0.548263,0.518516,1.472144,1.873817,1.342756,1.349157,8,sensor_drift
2.449111,0.107072,-1.564173,0.642845,1.129329,0.675501,-0.176773,-0.917359,9,intermittent_contact
-1.196412,0.791038,-0.053575,-0.513796,-0.325334,0.355107,0.073221,-0.700975,2,shaft_imbalance
-4.528588,-1.229687,2.574203,2.590001,-0.477203,-0.903069,-1.013211,-0.131755,4,misalignment
-0.001892,-0.786385,-0.941777,1.751392,0.103304,-1.114929,0.516711,0.342883,9,intermittent_contact
-0.245885,0.693331,-0.912976,0.849134,0.101468,0.371638,-0.575438,-0.787703,5,thermal_runaway
-0.722668,0.48883,-0.640283,-0.36328,0.622197,-1.318898,2.372418,-1.027221,5,thermal_runaway
-2.27078,0.987726,-0.050192,-0.931325,0.931183,-2.548732,-0.714095,-0.299402,5,thermal_runaway
0.100337,5.440245,1.19941,0.716451,-0.741588,-0.420544,0.752255,0.89346,7,electrical_fault
1.380315,-1.148871,0.217316,-1.42953,0.0,1.036542,2.007406,-0.328365,9,intermittent_contact
1.349706,-1.106673,0.439198,-0.485841,1.082346,0.883741,-0.00205,1.55472,7,electrical_fault
-0.156794,-2.882817,1.352995,-0.69489,-0.852651,-0.763248,1.465024,-0.042163,9,intermittent_contact
1.782752,0.197698,1.515977,0.177158,0.350212,0.846173,-0.447464,-0.426086,1,bearing_degradation
-0.93329,0.781641,0.913277,0.423921,-0.465453,-0.629686,-0.331486,-0.059164,9,intermittent_contact
1.007576,0.235328,-0.547498,-0.551373,-0.366623,5.588516,0.290916,0.747539,8,sensor_drift
-0.983205,-0.519076,1.777502,-2.18638,-0.260077,0.60879,-0.187995,-0.234966,1,bearing_degradation
0.904686,0.849638,0.14261,-0.931655,0.518694,0.674243,0.602305,-1.036876,8,sensor_drift
0.374386,0.651937,-0.117087,-1.403961,-0.756645,-0.097689,-0.776487,-1.054624,2,shaft_imbalance
-0.817709,1.523071,-0.107662,2.111063,-0.696555,-1.173206,1.658536,-1.566176,10,cavitation
1.009481,0.740275,-1.060637,0.870551,0.944412,-0.901186,1.224111,0.326938,2,shaft_imbalance
3.178031,0.403146,1.262662,2.3463,1.808638,1.878066,0.533355,0.605174,5,thermal_runaway
1.435704,0.830843,-0.990102,1.202236,-1.108237,3.258568,0.332934,-1.579123,8,sensor_drift
-0.170549,1.294387,0.698697,0.8523,14.019229,-0.781615,0.135443,-0.990708,6,thermal_cycling
0.509736,-0.087145,-1.183006,-2.386803,1.523265,0.248038,1.166801,0.928669,3,gear_tooth_crack
0.225497,1.177193,2.232637,0.552099,0.603,-0.148375,-0.441472,1.897101,2,shaft_imbalance
0.009173,-0.116267,1.842151,1.924496,-1.664356,2.493927,-0.915226,0.980673,0,normal
0.02592,0.072846,-0.83085,-0.958635,-1.644041,3.018324,2.139394,-1.493366,8,sensor_drift
-1.017968,1.897548,-1.894818,-0.612535,1.453423,1.009027,-0.537628,-0.712115,12,leakage
0.334814,-0.874019,-0.308235,0.475882,0.517684,-1.453748,0.80195,-0.038874,7,electrical_fault
-2.307557,-3.362981,-1.627065,2.703605,-0.578719,2.25534,-0.635164,0.240059,4,misalignment
-1.079923,-0.316282,-0.361591,0.74953,1.260649,-0.681766,2.498054,0.05648,12,leakage
-1.414276,-0.63705,2.287512,-2.415862,0.370608,-0.52162,-0.264419,-0.75691,1,bearing_degradation
2.178871,-0.711997,0.034495,-0.530634,1.562658,0.802086,-0.544152,-0.863876,2,shaft_imbalance
-1.592578,-0.097773,-1.840969,-0.89583,0.536835,-0.222549,-0.69578,-0.494732,2,shaft_imbalance
0.295527,-2.641742,0.604865,-0.221656,-0.459447,3.13354,0.788879,-0.921271,8,sensor_drift
6.370215,-1.043278,1.472426,-0.174825,-0.134028,-0.945724,0.463348,0.043089,3,gear_tooth_crack
-0.836745,2.754356,-2.682754,-0.005348,-1.014442,-0.51297,1.382987,1.002692,11,blockage
1.510583,1.227431,0.824079,0.955489,3.215126,0.335107,0.049715,1.698849,6,thermal_cycling
0.651386,-0.309249,-0.955473,1.405685,0.0,-0.666136,-0.572652,0.149574,9,intermittent_contact
0.274342,-0.605446,0.141381,-0.139334,0.780074,-0.36046,0.22709,-0.620932,3,gear_tooth_crack
0.536616,7.055328,-2.483806,-1.134193,0.361492,0.467281,0.613981,-1.239108,11,blockage
1.708773,0.301804,-2.109415,-0.91342,0.088451,0.518194,-1.532682,-0.312045,4,misalignment
0.975575,0.64903,-1.237034,0.362346,1.434716,1.180827,1.330552,0.800271,12,leakage
-0.685204,0.787489,-2.225058,0.671013,-1.165944,-0.590447,1.40656,-0.626933,9,intermittent_contact
0.213558,-1.155877,0.061679,-0.266954,0.286009,-0.737555,1.140901,0.013619,2,shaft_imbalance
-3.150112,-0.307879,0.360499,-2.682566,0.236715,-0.122474,-1.176756,-0.431205,5,thermal_runaway
0.000205,-0.457309,0.553533,0.496473,0.560365,-0.559844,-0.956986,0.754826,10,cavitation
1.352901,-0.225976,-0.435944,0.854276,1.01987,-1.191869,1.630236,-0.351494,3,gear_tooth_crack
-2.448185,-0.782511,0.675248,-0.316519,-0.311986,2.765361,1.688965,2.27333,8,sensor_drift
-0.429994,2.595782,0.481769,0.156625,-0.244171,-0.072662,1.584133,0.578141,11,blockage
-0.608382,-0.509621,0.569007,-0.988838,-2.41324,1.657029,1.209843,1.197169,7,electrical_fault
0.381908,0.197358,-1.377752,0.235841,-1.053972,-1.165641,0.290563,-0.408354,7,electrical_fault
0.268863,-0.312829,-0.0864,1.157968,0.505318,-0.570806,-0.148914,1.599437,5,thermal_runaway
-1.324628,-1.274544,0.999084,-0.287519,-2.200006,-0.36513,-0.439042,-0.312569,8,sensor_drift
3.933724,1.230588,-2.448185,0.642951,-0.477206,0.800231,0.212801,-0.078424,3,gear_tooth_crack
2.340403,-0.754188,2.004907,0.788034,1.340387,-0.320038,0.844475,1.426974,2,shaft_imbalance
-4.58745,-1.35237,-1.374027,0.856785,-0.039078,0.70628,-0.85183,0.978068,4,misalignment
0.684038,-0.614085,-1.608807,0.668555,1.123095,-0.044995,-1.960846,0.70597,0,normal
-0.929753,1.364634,0.251133,0.430348,-0.066721,-0.626327,-0.44544,0.492724,9,intermittent_contact
-1.640465,-0.696107,1.622635,-0.412288,1.019001,2.507268,0.239192,-0.862032,12,leakage
0.991634,-0.420886,-0.463305,0.065427,-0.842559,-1.258234,-0.63707,-0.761486,2,shaft_imbalance
0.188969,0.32327,-0.18342,0.048923,-2.848356,0.274263,0.475586,0.282763,6,thermal_cycling
2.095296,-0.141068,-2.794501,-0.717749,-0.875662,-0.655818,-0.364641,-0.662617,3,gear_tooth_crack
0.327746,0.584169,-0.907618,0.036481,-2.03162,0.211714,0.762149,-0.280069,0,normal
2.087223,-2.533961,-7.584553,-8.099298,-1.147266,-0.882972,0.414423,0.218939,1,bearing_degradation
0.465299,2.069405,0.348458,-0.408167,0.14487,-0.506008,-0.141558,-0.283542,4,misalignment
0.339642,0.186053,0.557576,-1.337544,0.645017,2.054545,0.07845,-0.061665,0,normal
-0.327567,-1.039906,-1.799744,1.092223,0.703065,1.168489,-0.725141,0.803836,3,gear_tooth_crack
0.294876,0.750751,0.02015,-0.249193,-1.730459,-0.865077,-0.695328,-1.261376,9,intermittent_contact
3.151663,1.00289,-2.296097,-2.828062,0.767277,0.02015,-1.066241,0.481804,4,misalignment
-0.978777,0.76343,0.57965,0.813347,0.795223,1.53832,-0.049209,0.530158,3,gear_tooth_crack
0.967171,-0.696534,-0.072683,0.483599,1.78726,-0.25585,0.891256,0.316298,7,electrical_fault
2.26661,0.742298,0.548609,0.773439,-5.100595,0.319178,0.910474,0.084427,6,thermal_cycling
0.890697,1.721685,-0.385813,-1.073094,0.924231,-0.984222,-0.022692,-1.039844,2,shaft_imbalance
-3.239509,-1.271871,1.008659,-0.371117,-0.464544,-2.331812,-1.630838,1.190049,2,shaft_imbalance
2.228278,0.483636,0.252405,1.071775,0.048044,-0.853369,0.459161,0.170341,10,cavitation
1.19973,0.469727,0.068101,1.480453,0.115181,-0.304341,-0.837823,0.703025,0,normal
-0.296119,1.100749,1.621969,1.903714,-0.228273,0.541081,0.357821,0.848097,10,cavitation
0.388277,0.551065,0.688935,-0.71952,0.915586,-1.317235,-0.430818,-0.275519,3,gear_tooth_crack
1.430396,2.373721,-0.05643,-1.502178,-3.206636,-2.085371,-1.350168,0.413649,6,thermal_cycling
0.346651,-0.040704,-0.103123,-0.19994,0.651066,0.13967,-0.728423,-0.776852,3,gear_tooth_crack
1.093791,-1.150074,-1.501133,-0.975306,0.199131,1.566829,1.340208,-0.996617,6,thermal_cycling
0.716741,0.0754,-0.258625,-1.621953,1.05041,0.511813,-0.012932,-2.202519,5,thermal_runaway
1.336587,0.475397,0.230489,-1.207031,0.130482,-1.187166,2.015404,-0.038912,5,thermal_runaway
-1.415542,-0.259683,0.574479,-1.491987,-0.595377,1.711824,0.416344,0.383157,12,leakage
2.446814,0.785605,1.305926,1.334895,0.001602,-0.488212,-0.11544,-0.986933,3,gear_tooth_crack
-0.373946,-0.065057,4.459795,1.67904,-0.248423,-1.783725,-1.619735,-1.835699,1,bearing_degradation
1.002274,-0.091523,-0.926475,1.54084,0.136684,-0.130167,1.549653,-0.509949,3,gear_tooth_crack
-0.143003,3.03863,0.768376,-0.949867,-0.668667,0.150893,0.880535,-0.228853,11,blockage
0.345034,1.976249,-0.131354,-0.488932,1.052257,0.010896,0.743087,-0.295718,11,blockage
0.71382,0.241645,-0.613977,1.451179,-0.440652,0.032108,0.268913,-0.619666,0,normal
0.435279,1.091932,0.039828,-1.077137,-0.689063,0.684457,1.07008,0.693021,11,blockage
-0.207567,0.261055,1.197264,-1.704269,-0.446352,2.017871,0.299308,-1.129216,3,gear_tooth_crack
1.756316,-0.369974,2.210734,-1.060768,0.792847,-0.489852,-1.812588,0.268359,1,bearing_degradation
0.438553,0.830515,0.399063,0.975768,-0.895967,0.083181,0.505486,1.29267,5,thermal_runaway
-1.488629,-1.095357,0.3461,-1.271992,-0.225567,0.30415,-1.137594,-1.024262,1,bearing_degradation
1.812426,-0.692105,-1.382222,-1.31186,-0.860639,-0.656832,2.304605,0.966745,9,intermittent_contact
0.450317,0.003109,-0.749813,-0.235829,-0.184176,-0.270155,1.771341,-0.098446,0,normal
0.526997,1.177376,-0.276174,-0.65257,0.935413,4.731339,-0.062369,0.611248,8,sensor_drift
0.037981,-0.434424,1.38271,0.652272,-0.829542,0.453867,0.837386,-2.095831,3,gear_tooth_crack
-0.463628,1.172702,-1.446174,-0.034689,0.317433,0.247542,-0.098587,-0.620584,9,intermittent_contact
0.897428,0.286127,-1.267747,0.628786,0.871003,-0.713145,-0.7013,0.045307,2,shaft_imbalance
1.726756,2.47134,0.38328,-0.303794,0.369536,-0.186028,0.512107,-0.553232,4,misalignment
4.649398,-0.085753,-0.781299,0.379716,0.077959,0.153298,0.046285,1.109996,3,gear_tooth_crack
-0.245147,0.559701,0.676698,-1.371342,-0.051098,1.227289,-0.113385,-0.039235,8,sensor_drift
-0.32225,0.069058,-0.847248,-0.461059,0.561725,-0.772764,1.069957,-0.988319,11,blockage
-0.100957,7.626516,-4.333154,-0.253466,0.213259,1.230832,0.471059,-0.688207,11,blockage
-1.189433,-0.839659,0.595693,0.529966,-1.028991,0.320009,-0.540689,2.426661,6,thermal_cycling
1.090588,-0.923282,1.255522,-0.859075,-0.292906,1.399996,0.168174,2.271466,2,shaft_imbalance
-1.220209,-0.584889,-0.595759,1.447767,0.0,0.73013,0.025731,-0.255192,9,intermittent_contact
-0.061645,-0.470734,-0.284353,0.658144,-1.331383,-0.016438,-0.937736,-1.202998,9,intermittent_contact
1.929076,0.266034,0.640798,-0.321735,-0.218878,0.573805,-1.467772,-0.210399,4,misalignment
2.122471,1.062885,0.255327,0.680591,-0.277735,-0.297454,-0.169066,0.725871,4,misalignment
0.613269,-1.414054,0.601984,0.099651,1.381268,-0.4131,0.177648,0.341269,9,intermittent_contact
-1.794547,8.223531,0.185865,-0.401717,-1.669719,-1.362124,0.452853,0.285522,11,blockage
-0.212396,2.349278,-0.391806,-0.36765,0.45071,-0.540871,0.140453,-0.448909,7,electrical_fault
1.930438,0.216829,2.277851,-1.126875,1.574389,0.313737,-0.984081,0.801656,6,thermal_cycling
1.295156,2.236334,1.011551,0.437235,1.29114,-0.625809,-0.395416,-0.064245,3,gear_tooth_crack
-0.647459,1.644302,-0.876565,-0.33743,0.107449,-1.092182,0.33052,1.61191,0,normal
0.407264,0.387059,-1.153675,0.158448,1.022407,0.777073,-0.095286,-0.467976,0,normal
4.248827,0.15766,-0.260909,1.806593,1.310641,1.192948,1.450312,-0.366673,5,thermal_runaway
4.049528,4.062689,-6.747443,9.296486,-0.030185,-0.979394,-1.348676,-0.229999,1,bearing_degradation
-1.432949,0.931637,-0.361268,-0.152759,-0.497815,1.628383,1.309601,-1.472424,12,leakage
-0.008714,0.221546,0.052108,-1.094805,-10.63189,-0.814565,-1.871907,0.681306,6,thermal_cycling
0.020994,1.050847,-0.580005,0.57435,0.100091,0.856808,-0.198647,1.551564,3,gear_tooth_crack
-1.414611,-7.766815,-5.565082,1.692423,-0.837034,-1.093847,0.423036,1.374908,1,bearing_degradation
1.043779,-0.096319,0.329123,-0.915188,-2.438585,-0.248688,-1.897352,0.1844,7,electrical_fault
0.885637,0.91166,-0.869104,-0.977186,1.168635,0.190216,-2.071694,-1.124157,12,leakage
0.933119,0.572775,0.095294,0.736812,-1.184821,2.063559,2.093253,-0.04702,8,sensor_drift
-0.240635,1.000554,-0.591181,-0.270469,-0.820842,-1.010602,-0.774123,0.12178,11,blockage
-1.324793,-0.695845,-0.630478,-1.112703,-1.053854,-0.108665,0.476533,-1.593145,10,cavitation
-0.662349,0.070181,-0.139733,-1.688485,2.028784,0.574788,0.180206,0.338036,7,electrical_fault
-0.192863,0.137431,-1.177892,0.698538,-1.15237,-0.049367,-0.575891,-1.226046,2,shaft_imbalance
-0.395793,1.085271,1.158121,1.367896,0.811477,-0.918774,-0.410802,-0.709809,10,cavitation
-1.082607,-0.435453,2.020664,-0.715275,-0.660288,-1.045173,-0.141456,1.507894,4,misalignment
-0.800402,-2.44733,2.234124,0.197992,0.0,0.53522,2.532357,-0.435274,9,intermittent_contact
1.392269,-1.364176,1.225019,-0.178772,0.406202,1.770266,-0.30879,-0.66462,8,sensor_drift
0.931846,-2.316739,0.580715,0.936943,0.360793,-0.843606,-1.64876,0.460308,10,cavitation
0.832506,-0.607613,-1.562997,-1.180978,1.64333,-1.093519,0.216313,-0.049731,5,thermal_runaway
0.111795,-1.358968,2.12635,0.115978,-0.735263,-0.969818,0.323465,-1.373051,1,bearing_degradation
-0.882084,1.295536,-0.008057,-1.008846,1.082317,-2.854823,1.578293,-0.186553,12,leakage
-0.486551,4.051001,-0.77472,0.92897,-1.210926,-2.350511,0.147613,-0.257955,11,blockage
0.099406,1.887443,0.211905,-0.083995,0.961891,2.537211,1.042035,0.967915,8,sensor_drift
0.605232,1.898543,1.563772,1.266072,5.375905,-0.431327,0.726539,-0.772268,6,thermal_cycling
-0.073401,-0.893977,-0.789068,-0.305938,0.923389,-1.922817,0.548319,-0.164545,12,leakage
0.640085,-0.693571,-0.803719,2.024467,0.363019,1.621966,-0.026228,-0.097368,10,cavitation
0.259959,0.109732,0.299353,0.494276,-0.413198,-0.844079,1.03222,0.021983,3,gear_tooth_crack
1.911721,-0.354815,-0.472158,1.146165,-1.400558,0.085729,0.084159,-0.703714,8,sensor_drift
0.635249,-1.545614,1.063749,0.02219,17.667615,-0.416638,1.03754,-0.767659,6,thermal_cycling
-0.658429,-0.172129,-1.098181,-0.445511,1.236134,-0.294506,-1.23885,-2.258493,7,electrical_fault
-0.021337,0.578421,-1.497165,0.617706,1.226838,1.287673,0.691158,-0.000633,2,shaft_imbalance
-1.451333,-1.170943,-1.489779,0.912467,-1.25877,-0.369261,-0.080262,0.222,12,leakage
-1.379884,-0.106525,-1.422661,-0.818876,-8.547383,-1.023034,-2.342593,0.813166,6,thermal_cycling
-1.576217,-0.678948,1.739549,-0.3401,-1.89653,0.606373,1.062068,-0.080401,12,leakage
1.140419,0.826371,0.879205,0.332914,-0.436008,-0.151152,0.640386,-2.125614,5,thermal_runaway
-0.227675,1.003232,-0.589848,0.62572,3.477274,-0.746356,2.315803,0.610988,6,thermal_cycling
-0.525962,0.437455,-1.530162,-3.177688,0.390223,0.234291,1.569299,0.696435,9,intermittent_contact
0.321668,1.171597,1.079628,-0.42158,-0.826419,-1.328999,-0.137252,-0.346601,11,blockage
0.540453,0.779523,0.445031,-0.032534,0.564941,0.170938,-0.778124,1.850412,1,bearing_degradation
-0.229178,2.65752,-1.434421,0.547911,-1.048978,-0.157437,0.148638,0.844596,3,gear_tooth_crack
-1.047498,-1.059503,-0.414394,0.297854,-2.637615,-1.019992,0.005656,-0.09438,6,thermal_cycling
2.823918,-0.452596,-3.948872,6.121069,0.151347,0.195282,-1.710468,-0.54345,1,bearing_degradation
-0.304922,-0.69033,0.601896,-0.678788,1.01166,-0.245721,-0.649604,-1.253305,0,normal
0.099477,-0.086101,0.790806,0.344645,0.668326,-0.688372,0.897815,1.628937,0,normal
0.208557,1.383162,-0.636533,1.277569,-0.208315,-0.578523,-1.326659,1.585354,8,sensor_drift
2.727768,1.662706,0.699172,0.241325,1.128761,0.24366,0.815866,0.558222,7,electrical_fault
-0.348969,1.276329,0.090634,1.173793,-3.893712,1.944888,0.341025,-0.267755,6,thermal_cycling
4.550478,-0.630596,0.158308,0.718615,1.194478,0.079638,0.354663,1.394754,3,gear_tooth_crack
0.615187,0.882498,-1.238772,-0.25747,1.703815,0.804344,-1.462021,-0.531103,7,electrical_fault
0.689463,1.745403,-0.701578,-0.662236,-0.765083,-0.830181,-0.594569,-0.19645,2,shaft_imbalance
0.188462,-1.51131,-2.311837,0.643212,2.901584,0.072129,-0.391306,-1.34187,6,thermal_cycling
-0.174974,1.117824,0.628513,0.888809,-1.01475,0.707173,0.336869,-1.189457,7,electrical_fault
1.804655,-1.147066,0.745358,1.510899,-0.772002,-3.486162,-1.267336,-0.724769,9,intermittent_contact
-0.261182,-0.366948,-0.279085,-1.079953,0.63231,0.281334,0.435169,-0.069543,3,gear_tooth_crack
-1.252353,0.721016,-0.438983,0.369988,0.413794,-0.503608,0.367971,0.754332,6,thermal_cycling
-2.693233,-0.655793,0.102406,-0.215913,0.032773,0.24259,-0.533681,-0.007531,5,thermal_runaway
-0.045558,-0.487114,-0.311891,2.02064,-1.734976,0.499788,-1.67911,-0.108233,0,normal
0.893867,-0.521555,0.400261,-0.26376,6.776613,-0.592251,-0.07651,0.577073,6,thermal_cycling
0.757781,1.296543,-0.591759,1.686938,-1.431648,0.590261,-0.890686,-0.641772,7,electrical_fault
-8.502326,-3.324424,-0.090598,1.34152,1.417333,-0.03806,0.554065,-1.444479,1,bearing_degradation
-0.604918,0.33084,-0.307957,1.291982,0.501766,1.266223,-0.876782,1.251204,12,leakage
0.179593,-1.246554,0.380739,-0.548645,0.519639,0.485723,-0.593612,-2.052712,5,thermal_runaway
1.422205,-1.712332,0.794211,0.194113,0.721991,-0.160436,0.139668,0.755099,12,leakage
-0.715297,-0.830844,0.053171,0.006423,-0.185859,-0.958632,1.198652,-0.362837,2,shaft_imbalance
-4.171101,-1.755407,2.026212,5.87621,-0.787938,0.5908,-0.250089,2.607162,4,misalignment
-0.055945,-2.259214,0.215508,-0.928324,0.485689,-1.281851,0.030007,-0.283163,0,normal
1.876643,0.68534,-0.331589,-1.019895,-0.583443,-0.32971,-0.63495,2.542486,10,cavitation
-0.415641,0.543518,0.413957,-0.091109,0.3235,-0.874565,-0.29865,-1.28688,9,intermittent_contact
-1.640657,3.472933,1.332434,-1.190594,0.128724,-0.018189,0.287926,0.504392,10,cavitation
3.474112,-1.568385,0.17562,0.410851,-1.711218,-0.225602,0.766,-0.433243,3,gear_tooth_crack
-0.922988,0.176506,1.034613,0.09891,0.483836,-0.799413,-0.72367,0.906057,7,electrical_fault
1.743935,0.438993,0.827988,-0.296571,0.066546,-0.697424,0.989584,-1.178304,0,normal
-1.295348,0.51434,-0.977664,-0.832524,0.375492,1.750234,2.197788,-1.039866,3,gear_tooth_crack
1.064266,0.102687,0.178493,-1.927164,-0.584762,-1.415877,-0.02047,0.134325,7,electrical_fault
1.141306,0.697164,0.243801,0.876179,-1.958617,-0.306345,1.127099,-0.656336,5,thermal_runaway
-0.833755,0.773147,-2.133347,-0.763452,-0.588436,0.405249,-0.009655,-1.656028,12,leakage
-0.8832,0.788908,-1.100661,-0.238436,-0.114778,1.592912,-0.354697,-2.43925,0,normal
-2.372196,-0.535715,-0.901034,1.575678,-1.702779,-1.441351,1.10997,1.356763,0,normal
0.564256,-0.134867,1.578534,0.515553,-1.674153,4.396533,-0.658109,0.797681,8,sensor_drift
0.934225,1.934732,-1.44259,-0.058318,-0.552294,1.968342,-0.211899,1.053162,10,cavitation
-1.306587,1.450484,0.492086,0.748513,-0.90434,1.940503,0.618681,1.677624,12,leakage
0.520616,-0.469755,2.986004,0.666987,-1.196793,-0.146726,-0.370764,-0.667133,4,misalignment
-1.46382,-0.662264,-2.743397,0.393062,2.609627,-0.340415,0.022581,0.112,10,cavitation
-0.234402,-1.467353,-0.508282,-0.21166,0.011833,0.023845,1.36902,-1.28854,5,thermal_runaway
0.397348,-0.354173,0.174402,-0.363761,16.630312,-1.187687,1.380066,1.935488,6,thermal_cycling
-0.324078,6.79017,-0.765414,0.327449,-0.071175,-1.02876,-0.251288,-1.620726,11,blockage
-0.307457,0.78937,-0.188468,0.500656,-1.025928,1.863227,0.154263,1.077755,2,shaft_imbalance
-0.131672,-0.765545,0.268532,0.074348,-0.130601,-1.278989,-0.156019,-0.579192,5,thermal_runaway
0.310992,2.886384,-0.030254,-1.322801,0.421547,0.979351,-0.081084,-1.546155,11,blockage
-0.151648,0.639532,0.385598,-0.082671,1.241749,0.428417,0.98864,-0.29311,12,leakage
-0.462898,2.004673,-0.860907,0.303886,0.043148,-1.342454,1.777295,0.01673,11,blockage
-1.410201,0.251919,-1.18565,0.759917,-2.502196,1.602996,-0.424145,-1.691721,8,sensor_drift
1.691607,2.009471,1.831499,-0.14524,0.184068,-0.488955,-1.550553,0.342836,4,misalignment
0.652322,0.796469,0.737591,0.025393,-0.792314,0.434764,-0.402777,-0.481351,5,thermal_runaway
0.233953,1.166309,0.80852,0.885645,-0.487472,0.084808,1.248389,-0.705256,2,shaft_imbalance
-0.156042,0.668649,-3.901168,-3.043977,-0.015471,-0.369213,0.696005,-0.143972,1,bearing_degradation
2.110855,-4.819859,-2.977537,-1.883616,0.021698,1.627854,2.022589,-0.814288,1,bearing_degradation
-0.088755,-1.513841,0.320719,0.229507,0.795536,-1.145256,-0.191888,-1.27847,3,gear_tooth_crack
0.382172,-0.173937,2.351292,0.210099,1.014791,0.323068,1.270567,-0.330877,9,intermittent_contact
0.537105,-1.10296,-1.014166,0.896361,-0.166121,0.955445,-0.359356,-0.001126,3,gear_tooth_crack
-1.904618,-1.683128,0.097746,-1.179242,0.136686,0.195995,-0.489758,1.814754,3,gear_tooth_crack
0.013047,5.13709,-1.342598,0.085136,0.195819,-0.729892,0.365683,0.028612,11,blockage
-0.122405,-2.050324,0.304428,-1.246475,0.538593,1.991623,-0.609428,-0.638085,8,sensor_drift
-0.833923,-0.218055,0.058268,0.184507,0.858048,-0.11102,-2.028009,0.252038,12,leakage
-0.884699,0.520595,0.247394,1.580063,-0.389153,0.200182,0.741128,1.021672,9,intermittent_contact
-1.727459,0.235621,0.867601,-0.811728,-0.651969,1.266582,-0.911305,0.983783,8,sensor_drift
0.49123,-1.477244,1.081418,0.068319,-0.280556,2.131652,1.069907,-1.039842,5,thermal_runaway
-2.392414,-2.722923,-4.904363,-0.551504,0.262509,1.233368,1.088379,0.08189,4,misalignment
-1.435768,-1.584147,1.070202,1.057771,0.665678,-1.485953,0.485799,-1.023821,6,thermal_cycling
0.86085,2.02734,2.615819,-10.623185,0.873766,-0.059501,1.062647,-0.19505,1,bearing_degradation
-0.310483,-0.382146,-1.19018,0.164951,-0.597233,0.670888,0.517595,1.625669,3,gear_tooth_crack
1.530276,-1.450402,1.01022,-0.570981,0.397095,1.076922,0.476256,-0.295256,5,thermal_runaway
2.730905,-0.752102,2.353241,-0.243559,2.404251,1.560769,1.654617,1.144332,5,thermal_runaway
-0.230686,-1.210284,-0.652019,0.432779,0.70246,-0.018247,-0.883943,-0.647411,7,electrical_fault
-0.627198,-2.629951,0.114583,1.885214,0.156435,-0.901593,-0.991074,-0.917319,2,shaft_imbalance
-0.054704,1.165672,-1.036582,-0.08452,0.675145,-2.381267,1.033786,-1.182451,0,normal
0.268163,-0.950536,-0.17994,0.449815,-1.008309,-0.700084,-0.347383,-1.428815,0,normal
-1.644945,-0.468473,0.238874,-0.8728,-2.403549,-1.358229,-0.60975,-0.258264,12,leakage
0.273586,0.797979,0.72043,-0.12432,0.10327,-0.131375,-0.852946,-2.144695,5,thermal_runaway
-0.277253,-0.647165,-1.528455,2.141973,0.68504,-1.399719,-1.031859,1.602135,10,cavitation
-0.059283,-0.729287,-0.414473,0.63391,0.002993,0.34021,0.670079,-0.374841,0,normal
-1.127971,0.64463,-0.072898,-0.499045,1.072174,-1.461426,-2.366433,0.224533,3,gear_tooth_crack
0.243752,-0.151248,0.432594,0.061916,0.110396,-0.408333,-1.39811,-1.543625,0,normal
-0.066701,-0.404103,-0.394544,2.357537,-1.675295,-1.20253,1.176885,1.101865,9,intermittent_contact
1.273952,-0.960833,0.226789,0.566017,-0.105401,-0.22205,-1.119414,-0.035569,12,leakage
-0.270067,-0.393269,0.114116,-1.453011,0.323702,-2.117613,-1.672705,2.001675,10,cavitation
-0.389957,-1.278899,1.956447,-0.980845,-1.516947,-0.380687,1.027604,-2.57407,10,cavitation
-0.606085,0.414302,-0.922059,-2.333722,0.229603,0.915805,-0.09968,0.569174,5,thermal_runaway
0.635895,-0.653918,-1.882392,0.728635,-0.259727,0.747083,-1.036693,0.126951,10,cavitation
-2.09472,-1.522443,2.956657,-3.728198,-0.390364,-0.894754,0.727713,-1.17109,1,bearing_degradation
-1.495961,0.644381,-0.463298,1.084581,0.538751,1.240444,1.038859,0.937367,9,intermittent_contact
1.490121,6.560087,0.470063,0.415621,0.023013,-0.262114,-2.3911,-1.668626,11,blockage
-0.889085,-0.530379,1.409567,-0.236381,9.071315,0.805149,-3.418788,1.264391,6,thermal_cycling
-1.215029,0.693407,-0.349446,0.243935,-0.82189,-1.420398,-1.246261,0.583077,12,leakage
-1.026178,-1.771156,-2.532151,-0.038161,-1.183179,0.112241,-0.916839,0.478128,4,misalignment
0.957725,1.05829,-0.067765,-1.29833,-0.295592,-1.441331,0.075202,0.255403,2,shaft_imbalance
-0.209808,2.341529,-0.268638,2.525857,-0.823601,-0.646903,-0.702952,-1.279188,7,electrical_fault
0.939859,-0.118681,-1.65552,-0.812253,0.062526,1.061782,-1.047823,1.049299,8,sensor_drift
-2.887807,0.127711,-1.058518,-1.41148,-1.595957,0.595286,0.666287,0.508375,1,bearing_degradation
3.145128,-1.67074,2.147445,0.991222,0.786666,2.319448,-0.92841,-0.314331,6,thermal_cycling
-0.139923,5.589274,-1.491011,-0.004986,1.765812,-0.573079,-0.303382,-1.15483,11,blockage
0.158572,0.592208,1.23608,-0.622568,0.161182,0.65151,-1.17572,0.915348,3,gear_tooth_crack
-0.258241,-1.242451,0.447971,1.381051,-8.23981,-1.444286,-0.91322,0.22128,6,thermal_cycling
0.813868,-0.446597,0.067892,-0.660104,0.003158,-0.56728,-0.223538,-1.175605,2,shaft_imbalance
0.16731,3.853804,-1.667379,-0.808629,0.250848,0.004836,-0.449557,-0.856193,11,blockage
-0.892598,-0.917346,-2.223919,-0.041904,0.510393,-0.270662,-0.30855,1.106833,10,cavitation
-0.784639,0.625941,0.020669,-1.766927,-0.662852,-0.126237,0.010287,0.864585,1,bearing_degradation
2.559234,0.631605,0.035195,-1.748611,0.821464,0.299287,0.119052,-0.533023,10,cavitation
-0.799219,-1.418443,-0.208608,-0.032409,-0.013283,-0.798977,-0.579068,-0.316812,11,blockage
-1.567788,0.085387,0.1495,0.115241,7.518383,0.718606,2.222678,-0.517712,6,thermal_cycling
-0.76156,-2.222516,0.75418,-1.147368,-0.195775,0.206123,0.385465,0.848401,2,shaft_imbalance
-0.43741,0.260844,0.051237,-0.963616,1.721459,-2.575132,-1.122008,-0.636775,7,electrical_fault
2.170979,-0.499729,-0.303052,0.507248,0.542848,-0.151083,1.090911,-0.257617,4,misalignment
0.552119,0.842194,-0.449552,-1.585739,5.381138,-0.009809,-0.258443,1.220425,6,thermal_cycling
-0.285037,-0.621414,0.539224,-0.316369,0.920127,3.546234,0.410077,-0.497621,8,sensor_drift
-2.116514,-0.1773,1.453913,-1.417609,-1.599238,0.220795,1.387429,0.325395,3,gear_tooth_crack
0.159023,0.762414,1.689376,1.528836,1.569772,-1.307921,-0.209616,0.05696,11,blockage
1.974881,-0.235025,-0.054377,-0.606797,0.493675,2.255655,0.987929,-0.43395,8,sensor_drift
-0.49286,-1.810213,-0.602719,-1.092895,-1.447005,1.72236,0.272863,0.379688,0,normal
0.480747,0.446531,0.665385,-0.098485,-0.423298,-0.079718,-1.687334,-1.447112,0,normal
2.149123,3.629596,-0.38496,3.259654,-0.647728,0.397985,-0.651909,-0.686928,1,bearing_degradation
0.346928,-0.856732,-0.385015,0.331122,-0.425134,-1.469419,0.294889,0.836034,5,thermal_runaway
-0.121309,-0.366147,0.127526,0.624874,0.063557,2.017318,0.125999,-0.959856,8,sensor_drift
-0.430967,0.46963,-0.068276,-1.450735,-1.253577,0.136604,0.169903,0.027585,9,intermittent_contact
1.037152,0.232074,2.462336,-0.67676,0.740352,-1.109097,1.610977,1.359411,9,intermittent_contact
4.412933,1.755902,2.096518,0.272213,2.036223,-0.745438,2.147549,-0.583615,5,thermal_runaway
-1.003331,-0.497959,0.132898,1.52377,-1.193462,0.456432,0.592551,0.74695,8,sensor_drift
0.964182,-0.556937,0.051053,-0.409625,-0.385123,4.67081,-1.423392,-0.050276,8,sensor_drift
-0.024436,4.327594,1.464538,1.505153,0.3768,1.214259,-0.14636,1.119356,7,electrical_fault
0.863088,0.17712,0.62711,0.380023,-0.987055,-1.49804,-0.712054,0.564917,0,normal
-0.629948,1.113696,-0.281414,1.337795,1.046285,0.549317,-0.0902,1.102674,9,intermittent_contact
0.352367,-1.103624,0.646325,-0.551395,-0.763952,-0.538851,-1.706854,1.062806,10,cavitation
-0.791992,-0.837887,-1.121987,0.416533,0.0,-1.242049,-1.073711,0.205635,9,intermittent_contact
-0.65004,1.028835,1.893549,0.968106,-0.821155,0.753138,-0.981985,-2.150331,4,misalignment
0.381186,2.537055,0.475088,-0.429833,-0.594871,-0.190842,-0.87169,0.139649,7,electrical_fault
-1.445438,-0.746472,-1.480782,0.621713,1.18338,-1.221838,0.99566,0.930779,3,gear_tooth_crack
0.099685,0.663563,0.969064,-1.743459,1.392582,-0.044688,-1.382749,0.498633,4,misalignment
1.925479,1.282295,0.209577,-1.115889,-0.824023,1.973811,-1.009885,0.11386,2,shaft_imbalance
0.666365,1.025942,-0.070264,-1.064454,-0.596959,0.002169,0.093225,-0.931534,6,thermal_cycling
0.30433,-0.920726,0.070066,-0.748223,0.150995,1.720479,0.372806,-1.788792,8,sensor_drift
1.841256,-1.26443,-1.16961,-1.301935,1.727418,-0.46234,-0.025639,-0.402783,0,normal
2.094853,-0.014435,0.445629,0.125013,-7.51402,1.762959,-1.111654,-0.667205,6,thermal_cycling
-0.873358,0.225602,-1.219638,0.250401,-0.315187,1.387213,0.885038,-0.959031,8,sensor_drift
-0.673067,0.768007,-1.17013,-0.425914,-8.835706,-1.32202,-0.169266,0.291304,6,thermal_cycling
-0.721968,0.612016,-0.036291,0.850744,1.311394,-0.890324,-2.075838,-0.126126,10,cavitation
-0.028083,-0.6603,0.58185,0.476603,0.01468,-0.789986,0.12993,-0.069799,0,normal
-0.839263,0.124425,2.186257,-0.883513,0.876582,-2.512158,1.393711,-2.042869,2,shaft_imbalance
-0.136834,-0.84784,-1.955826,1.424846,-0.207895,-0.429538,-0.671646,1.254522,3,gear_tooth_crack
0.528443,-1.484588,0.180259,0.620459,-1.604296,3.126567,-0.675097,0.542191,8,sensor_drift
3.409617,-0.264213,0.127717,-1.438768,-0.437573,0.249606,-1.911815,-0.046354,1,bearing_degradation
-0.48402,0.236488,1.330689,0.174172,-0.022686,-0.952331,-0.713631,0.642069,12,leakage
6.056256,0.390696,-0.258456,0.400121,2.001104,-0.533829,0.333494,0.893563,3,gear_tooth_crack
1.352188,0.989041,-1.026847,0.076791,-0.698253,-1.033337,-1.759909,-1.565128,1,bearing_degradation
1.469675,-0.376766,1.163717,0.607298,0.631697,0.593306,0.561435,0.28339,7,electrical_fault
-0.853848,3.495665,-0.290939,0.830421,-1.459182,0.10413,-0.202498,-0.057504,11,blockage
1.020948,-0.075444,0.282756,-0.26217,1.25567,1.269433,1.561919,0.265999,7,electrical_fault
1.174993,-0.132908,-0.196539,1.968848,0.188074,0.200468,0.121241,-2.018244,1,bearing_degradation
0.291205,2.392677,-1.057387,-1.897814,1.28659,-0.826809,-0.020706,-0.585918,0,normal
0.181738,-0.258524,0.238637,0.727098,1.078551,0.128891,0.511923,-0.511981,6,thermal_cycling
-0.526248,1.281678,-1.148732,-6.285274,-0.063005,-1.630658,1.410763,-0.774352,1,bearing_degradation
1.18614,3.552896,-0.583939,-3.931027,0.214313,-0.149233,0.54919,0.2004,1,bearing_degradation
-1.32283,0.753838,-0.66945,0.817451,0.071295,-1.171758,-0.600005,-0.219631,1,bearing_degradation
-1.279841,1.681817,1.728995,1.359221,0.255213,1.350625,0.012053,0.202797,0,normal
-1.761894,-0.85909,-0.486945,1.326179,2.367782,0.004843,0.045545,-2.443365,7,electrical_fault
-0.043765,-1.250989,2.050335,0.861406,0.246466,-0.955179,-0.275529,-0.234192,9,intermittent_contact
1.019511,1.160093,1.046052,-0.469865,-0.166776,0.749766,0.391496,-0.393637,0,normal
-1.810139,3.654033,-0.537973,0.550701,0.908062,0.280336,0.647938,-1.624346,10,cavitation
0.038928,1.46545,0.167331,-1.029609,-2.866041,0.489041,-0.14471,-0.052103,6,thermal_cycling
-1.026458,-0.487863,-1.245237,-3.198351,-0.325452,-0.248656,1.355901,1.047435,12,leakage
-0.463504,2.893635,0.836811,0.558231,0.591121,-0.481681,2.731906,0.460919,5,thermal_runaway
-0.171933,0.31557,-2.194396,0.064643,-1.495949,-1.844844,-1.065941,-0.183392,7,electrical_fault
-1.242185,3.373417,-0.070814,-0.813276,1.114689,1.171302,0.336505,0.247024,11,blockage
0.51926,-0.545337,-0.946852,0.058021,-1.654008,0.395967,0.564526,-1.603832,9,intermittent_contact
-0.810678,1.854644,2.065458,0.16994,1.478966,0.508019,-0.233128,-1.219753,2,shaft_imbalance
-0.82746,-1.850657,0.903964,0.248614,0.304873,-0.157524,0.910761,1.529675,9,intermittent_contact
1.731228,1.14864,-0.768122,0.023606,-0.487416,0.826015,-0.656117,-1.470456,2,shaft_imbalance
-0.45865,1.025135,0.528,0.894018,1.568208,0.321115,-0.285207,2.272417,6,thermal_cycling
-0.705876,0.520203,0.082386,-0.488956,-1.309904,0.224109,2.058899,-0.702916,7,electrical_fault
-7.65259,-4.78888,0.019414,-0.999469,1.152219,-0.43204,2.069371,2.122198,1,bearing_degradation
-0.401993,0.244104,0.273204,-1.139429,-0.481241,1.437777,-1.16208,-2.116654,0,normal
-0.318927,-0.230759,-1.316569,0.315735,-0.762345,-0.570722,-0.704435,-0.58707,3,gear_tooth_crack
0.875099,-0.075502,0.875948,-1.189356,-1.345189,-0.467679,0.612538,0.746306,10,cavitation
0.746854,0.210163,1.373519,1.1664,0.819209,1.094393,-0.312781,-0.484858,6,thermal_cycling
1.532671,-1.148668,-1.054069,0.278801,0.372284,2.319998,1.84337,-0.971488,8,sensor_drift
-1.155994,0.607158,1.532767,2.530617,0.0,0.983861,-0.992625,-1.1234,9,intermittent_contact
-0.705288,1.037601,-0.368411,-1.532654,-0.127703,0.198463,0.863283,0.88686,6,thermal_cycling
0.703362,1.268986,-0.94617,-0.427843,0.125722,-0.077397,-1.028873,1.286165,11,blockage
-0.827953,-0.957639,0.734634,1.436198,-0.211363,-0.005991,0.332722,-0.49369,2,shaft_imbalance
3.022257,0.928872,0.875025,-0.470319,0.415419,0.069959,0.847852,-0.685532,1,bearing_degradation
-0.413104,1.344628,0.974658,1.250486,-1.706637,-0.458408,0.848516,1.545896,1,bearing_degradation
-1.980059,0.851045,3.066056,0.921584,-0.663668,-0.685332,0.085468,-0.525763,4,misalignment
4.465147,-1.448795,1.035865,-0.603366,-0.724752,1.339248,1.325177,0.488565,3,gear_tooth_crack
-0.917754,2.809569,-0.451384,0.072018,-1.295341,1.706092,1.119501,0.296916,0,normal
-1.070485,0.144401,-0.400519,-0.423451,-0.04163,1.004684,-0.542994,0.184129,9,intermittent_contact
0.661738,-0.160689,-1.575275,-0.32022,4.538,2.062888,-0.637086,-0.913302,6,thermal_cycling
-0.630084,2.666954,-1.58665,-1.335291,-0.054303,5.019963,0.741545,1.552329,8,sensor_drift
-0.642856,-0.42454,-1.052968,-1.22531,-5.5e-05,-1.906082,-0.505802,-0.667414,9,intermittent_contact
-0.16327,-0.76997,-1.205122,-0.470768,-0.562748,-0.737009,-0.682126,0.529743,2,shaft_imbalance
4.096805,2.864899,2.527528,-0.043005,1.263417,0.77562,-0.726474,-0.547729,3,gear_tooth_crack
-0.46438,0.485198,-0.239617,0.365487,1.56578,0.50866,-1.773415,0.453996,0,normal
-2.128113,1.49277,-1.392233,-4.529302,-0.278318,-1.537443,-1.183868,-0.5178,1,bearing_degradation
-0.458145,0.331574,1.22566,-0.313547,1.185718,-1.634572,-0.613003,0.545916,7,electrical_fault
1.166925,0.49253,0.291174,-0.004824,1.05375,-1.113283,0.252704,-0.538525,6,thermal_cycling
-0.17555,1.800327,-1.581936,-2.078843,-0.886723,0.812187,0.16856,-1.128324,5,thermal_runaway
-0.804722,-1.006699,2.087917,1.616259,0.169079,-0.64411,-1.906185,-1.407963,10,cavitation
0.945445,0.592017,-0.14466,-0.764677,0.748916,-0.353006,-0.527094,-1.979244,5,thermal_runaway
-2.145,-0.195997,-0.152436,-2.180571,-0.589271,-0.076199,0.323198,0.483701,1,bearing_degradation
0.786517,-0.03891,0.645113,-0.765495,-0.57944,-0.463445,-1.852728,0.861758,0,normal
0.420403,5.329825,1.218349,0.338552,-1.013233,0.978747,1.852004,0.593382,11,blockage
-1.298287,-0.088486,2.20266,0.912452,0.648566,-1.454628,-0.84146,-0.274854,1,bearing_degradation
4.722013,2.2934,-2.785832,4.356898,-1.128436,-2.53643,0.595387,-0.261827,1,bearing_degradation
0.69993,1.978177,0.992987,-0.900645,-0.711981,0.100208,-0.165514,1.199737,2,shaft_imbalance
4.427607,8.004753,2.152844,-2.193439,0.211983,0.251487,0.137237,-1.251239,1,bearing_degradation
1.18797,0.64474,0.78417,-0.68001,-1.643318,-0.113551,0.799958,0.501696,6,thermal_cycling
3.490891,0.552257,0.434699,2.656269,2.278504,-0.315962,0.949802,1.786087,10,cavitation
-1.234905,0.404844,0.146658,0.302796,0.059637,1.712872,-0.890839,-0.950003,9,intermittent_contact
0.367116,-0.465399,-0.860647,0.471759,0.064902,3.371529,-1.347868,0.03295,8,sensor_drift
0.913586,4.711385,1.36363,-0.404463,1.716804,0.276942,-1.168017,-1.56902,11,blockage
0.398383,-1.056467,0.089339,-0.910387,0.155188,-0.141661,0.250327,-0.399165,11,blockage
1.245635,0.959591,-1.514755,0.829121,0.404855,-1.605271,-0.024297,0.364534,0,normal
0.403933,-1.004097,-0.0064,2.280744,3.327596,0.157008,-0.366864,-2.21778,6,thermal_cycling
0.13415,-0.570188,2.727292,1.358974,1.09291,1.74348,-0.957193,-0.211952,8,sensor_drift
-2.042683,1.01546,1.060637,0.784538,1.950228,-0.382483,0.342265,0.100271,2,shaft_imbalance
-1.339555,1.742048,0.282234,-0.25341,-1.416382,-0.199816,-0.052093,1.892747,8,sensor_drift
-0.156876,-0.077688,0.675737,0.511447,1.01058,-2.014908,-0.798032,-0.09136,9,intermittent_contact
-0.34227,2.144633,0.405227,2.022386,-0.965203,-0.045011,1.071495,0.142014,10,cavitation
0.219959,0.171738,1.22777,-0.237033,5.379548,1.245047,0.9787,-0.213458,6,thermal_cycling
-0.476978,1.348078,-1.506301,-0.340117,-0.592301,2.005268,-0.537861,-0.479811,3,gear_tooth_crack
0.315937,-1.267804,-0.653363,2.155722,-0.911878,0.823538,-0.680103,-1.003044,12,leakage
3.065506,0.924964,0.518358,0.838977,0.402657,0.68001,-0.099538,1.310666,5,thermal_runaway
-0.039442,1.526216,0.0408,0.152957,-0.995246,2.156863,0.285283,-1.258713,10,cavitation
-1.635499,-0.33829,-0.364698,1.098676,1.04249,-0.496666,-0.283942,0.420316,12,leakage
-1.827818,-2.733018,-0.656419,-1.970698,-0.54089,0.402161,-1.167674,1.331923,12,leakage
0.008035,-4.267803,-3.688491,-0.883546,0.694231,-1.272552,-0.867022,0.61145,4,misalignment
-0.444014,-2.994209,-1.783279,0.430244,0.363299,-0.971938,-0.789537,-2.167366,4,misalignment
-1.635767,1.401789,0.072195,0.380125,-0.542524,-0.452702,-0.787096,0.471151,2,shaft_imbalance
1.12073,0.365391,0.303903,0.310985,1.762539,1.606919,-1.514962,1.194294,10,cavitation
0.659716,-5.503578,-4.397281,-10.026257,-0.019705,-0.065898,0.6332,-0.549487,1,bearing_degradation
-1.256904,0.104691,1.53944,-1.390431,2.308778,0.437349,0.473873,0.625763,12,leakage
-2.136759,5.986281,2.451456,0.698662,0.874741,0.519629,0.104783,0.835563,11,blockage
-0.978953,1.53167,-0.492207,1.337679,0.686046,0.600328,-0.150963,-0.250503,5,thermal_runaway
-0.70197,0.236495,-0.450572,0.955803,-0.142491,-0.423908,0.973254,0.22817,7,electrical_fault
1.26493,0.96628,-0.342501,-3.045463,0.53324,0.662505,0.516811,0.470853,5,thermal_runaway
0.402067,0.248849,-0.194911,0.683723,-2.744007,-0.358786,-0.570658,0.119373,9,intermittent_contact
0.29203,-0.475322,-1.162162,2.197236,4.743602,0.294993,-1.515347,0.736452,6,thermal_cycling
1.181248,0.186051,-1.837639,-0.224977,2.504506,1.060092,-1.453434,0.088137,10,cavitation
0.772027,0.417871,1.677054,-0.72649,-0.421548,-0.776959,0.725022,-0.272486,5,thermal_runaway
1.174589,-2.48403,2.026304,2.900402,-0.079204,-0.202649,0.37344,-2.028469,1,bearing_degradation
0.94614,0.96586,-0.468831,0.296342,-0.365806,0.361766,0.214367,0.010577,5,thermal_runaway
-1.53327,-1.758706,0.466796,1.307734,-1.231449,0.33217,0.438864,-0.614552,8,sensor_drift
-0.25844,-0.81714,-0.789692,-0.294645,1.301741,1.03973,0.518008,0.811207,8,sensor_drift
-0.470584,1.124411,-0.107779,-2.175249,0.884165,1.641301,0.043119,-0.78822,8,sensor_drift
0.619105,-1.160912,0.03237,0.147322,-0.469837,0.435458,-0.780433,0.509821,0,normal
1.246847,1.141473,-0.260638,0.821454,-0.048875,-1.49731,1.195444,0.657714,12,leakage
-0.342358,0.214933,-0.458986,0.661411,-0.436059,-0.367569,-0.11274,-0.471602,5,thermal_runaway
0.678596,-0.987229,0.513864,0.884735,-0.112614,-1.764666,-0.736752,0.684776,9,intermittent_contact
-1.358771,-0.821796,0.533798,-0.520627,-1.013795,-0.372712,1.156136,0.808623,10,cavitation
0.388359,1.781966,0.141417,-0.462,-0.157665,4.59654,0.548759,-0.763674,8,sensor_drift
0.983645,0.119351,-0.859714,-0.19622,-1.038591,0.983028,1.471153,-1.595138,9,intermittent_contact
-0.391265,-0.082076,-1.486177,0.088721,-1.456627,0.599458,0.818781,1.291236,12,leakage
-2.5172,-1.4134,-0.891697,0.520902,-1.070172,1.171476,-0.063691,-0.485415,10,cavitation
0.714336,-0.463485,-1.916383,-0.180432,-0.587977,-0.060573,-2.16387,-0.472247,5,thermal_runaway
1.831668,1.054169,0.888065,-0.158986,-1.302839,0.40729,-0.419615,0.293703,2,shaft_imbalance
-0.521539,-0.943954,1.301158,0.633422,0.604993,1.247211,2.812649,-1.709226,0,normal
0.120626,0.35407,-0.18686,0.386441,-0.729923,1.980086,-2.391228,0.570887,7,electrical_fault
0.730388,1.724263,1.674097,-1.497306,0.272349,1.068007,-0.260922,0.977428,4,misalignment
-2.111562,-0.174602,-1.086562,0.905082,1.420403,-0.174642,-0.703304,-1.615204,9,intermittent_contact
-0.07068,0.334295,0.051142,-0.765535,0.900185,0.739413,-0.159648,-0.652916,0,normal
0.038139,2.936149,1.045656,-1.828281,0.454327,-0.446618,1.601362,0.457294,11,blockage
-0.480066,0.810186,1.416971,-0.479093,-3.091175,1.152801,0.045095,0.048953,7,electrical_fault
1.237139,0.709888,-0.021025,1.126263,-0.515175,0.119574,0.894892,-1.218077,12,leakage
-1.021893,0.845566,-2.0605,-0.354093,0.855304,0.983243,-0.199072,1.606402,4,misalignment
2.646562,-0.061807,-0.741775,0.378418,-0.657122,-0.784265,-0.374876,-2.068864,3,gear_tooth_crack
0.088358,0.980699,-0.053052,1.122201,-0.410609,1.584704,-0.460872,-0.347291,5,thermal_runaway
1.293573,-0.996292,-1.216231,-0.414774,-1.807485,-1.3449,-0.168055,-0.108288,2,shaft_imbalance
0.269876,0.180474,-0.719756,1.340275,0.005056,1.463619,1.440187,-1.059203,9,intermittent_contact
1.350719,-0.489479,-0.891168,-0.775958,-0.792491,-0.581234,-0.855767,0.015479,12,leakage
0.500596,0.815838,0.817883,1.148832,1.112011,-1.0861,1.080308,0.689338,11,blockage
2.603584,0.561138,-0.404914,-0.081203,0.929715,0.341769,0.077014,0.504852,10,cavitation
-3.800968,-5.108131,-3.844469,1.69981,0.816001,-0.48239,0.028314,0.919709,4,misalignment
2.342934,-1.048,-0.329647,-1.179874,-0.31927,-0.032521,0.932304,0.967165,5,thermal_runaway
-1.03029,-0.491558,0.838098,-2.379455,-0.119112,0.781049,-2.834112,0.746758,5,thermal_runaway
0.525978,-0.378366,-0.128799,-2.418697,1.740669,0.429125,-0.700154,0.34229,4,misalignment
2.298081,0.716994,0.738706,-2.987024,-0.119985,-0.27466,1.447845,-0.156335,2,shaft_imbalance
0.164321,-0.64049,-0.270894,-0.23613,-0.734388,0.485094,0.238388,-0.088614,0,normal
0.376009,0.753803,-0.724765,0.44399,-0.00894,1.129753,-0.540336,2.032215,9,intermittent_contact
0.658257,-1.591635,-1.209748,-1.353759,0.457142,3.748859,-0.943946,0.422041,8,sensor_drift
0.019214,0.608832,-0.506269,-0.470208,-0.416585,-1.186154,-0.469146,0.753046,10,cavitation
0.372344,2.376999,-0.809316,0.091215,-7.230625,-0.301246,-0.047703,-0.464737,6,thermal_cycling
-0.200243,-1.676836,1.472195,0.235009,0.552564,0.37032,-0.627821,0.518023,12,leakage
0.355908,-0.687611,0.930065,-0.926906,0.913708,-0.736538,0.766512,1.206465,9,intermittent_contact
-0.086235,1.306626,2.081879,-0.431467,0.83372,0.319117,0.331112,0.247178,3,gear_tooth_crack
4.106945,3.05242,0.131752,-0.557974,1.504928,-1.091881,0.179292,-0.44887,4,misalignment
0.163005,-0.216475,1.477878,1.309841,0.841619,1.210681,-0.365224,0.259945,9,intermittent_contact
-0.645314,-2.58184,0.688155,0.031296,0.431362,-0.228836,-1.143857,-0.427027,3,gear_tooth_crack
-3.123842,0.391993,3.40915,2.336332,0.421242,-1.048415,-0.734801,1.344396,4,misalignment
-0.117101,-0.643495,0.429203,-0.649233,0.885162,0.424056,2.670031,1.473297,5,thermal_runaway
-1.911549,-0.69169,0.713791,-0.150389,0.882806,-0.193142,-0.672131,-0.122319,12,leakage
-1.026069,-1.365654,2.349582,0.329104,0.716006,1.078347,0.3944,-0.495677,10,cavitation
-0.466529,0.192452,-0.388196,0.487256,-0.480987,0.790789,1.518367,0.077547,5,thermal_runaway
-1.172007,-0.51828,1.511228,0.637534,-0.69893,-1.013717,0.032782,-1.21656,0,normal
-1.346803,0.210667,-1.121431,1.462355,0.809195,0.095439,-2.436376,-0.983416,0,normal
0.472889,-2.548448,-0.444903,0.471043,-2.301066,0.510676,1.756484,-1.127638,4,misalignment
-0.09278,-2.845391,-2.324348,-0.598025,-0.262865,-1.027603,-1.457031,0.925688,4,misalignment
1.135178,-0.241475,0.438506,0.208892,-1.472832,1.695099,1.390477,0.689401,8,sensor_drift
-0.118394,-0.715018,-0.161755,1.397179,-0.350654,0.444211,-0.170321,0.624936,4,misalignment
0.471539,1.012716,0.155429,0.351756,0.053155,8.4e-05,-0.721558,0.316494,0,normal
-0.470712,0.787647,0.368981,0.334911,0.370397,1.597415,-1.024272,-0.42107,9,intermittent_contact
-0.293888,-1.275245,0.834097,2.754676,-0.235688,-1.202904,1.241693,-1.132488,7,electrical_fault
6.462615,3.496171,1.930885,0.649344,1.437315,1.612297,1.077306,1.212083,5,thermal_runaway
-0.461818,-1.776593,0.332134,1.62996,0.896341,-0.607053,0.505414,0.34894,7,electrical_fault
-2.741163,0.259708,1.003526,1.692233,0.480972,-0.365393,-0.821443,-0.475309,12,leakage
2.084707,0.00708,-0.020122,-0.25936,-0.476535,-1.440589,0.394576,-1.538003,3,gear_tooth_crack
0.767505,-1.056429,0.871329,0.190294,1.325179,4.470167,-0.162775,0.231605,8,sensor_drift
2.464166,6.912169,2.345995,-0.354954,-0.034682,-1.378453,1.36623,1.19189,11,blockage
0.797988,-1.323735,-0.283133,0.527986,-0.981528,-1.079273,-0.46198,0.344441,9,intermittent_contact
-0.297812,1.368294,-1.062977,-1.263985,15.004646,0.233322,0.679705,-0.311084,6,thermal_cycling
2.155208,1.791031,-0.649405,-0.295737,0.257696,-0.516625,0.758164,0.389305,1,bearing_degradation
1.100097,0.299732,-2.325745,-1.782354,0.562717,-1.700245,0.609877,0.984826,8,sensor_drift
-0.291465,-2.52182,-0.812659,-1.814539,-0.63436,-1.224066,0.930855,0.778515,7,electrical_fault
0.428756,1.535756,0.183234,-1.224469,-1.368159,1.650928,1.723666,-0.179519,0,normal
-0.418326,1.119193,-0.521385,-0.541251,0.929498,4.406023,-0.505067,-0.495617,8,sensor_drift
6.753863,1.62073,1.085929,2.354793,1.079375,-0.289388,2.649726,0.927758,5,thermal_runaway
0.015555,-0.642632,-0.026427,0.985109,0.0,1.065506,-0.504725,-0.232874,9,intermittent_contact
0.227083,0.879682,0.254549,0.985083,0.554198,-1.091272,0.732715,-0.103099,5,thermal_runaway
1.934529,-2.007308,1.334982,-0.157843,-0.391837,0.02433,-0.699496,-0.142995,10,cavitation
0.505688,-0.811222,-1.681003,1.226344,1.329181,-0.539468,-0.549275,-0.250875,7,electrical_fault
0.681957,3.888241,1.629724,1.106858,0.230328,-0.488715,2.063062,0.680898,11,blockage
0.214096,0.940876,1.141257,-2.743347,-1.563978,-0.627765,-0.026644,-0.496292,2,shaft_imbalance
-4.711279,0.239715,-0.362467,0.764157,2.070079,0.901004,-1.226231,-0.418635,10,cavitation
1.282252,-1.110061,-0.440845,1.710848,-1.074606,-0.034458,0.631331,0.082699,5,thermal_runaway
0.216395,0.393574,0.164184,-0.315255,1.340697,1.85135,-0.050791,-1.175262,12,leakage
0.268399,-1.920478,0.370489,-0.303333,15.162562,-1.127155,-0.045391,-0.523018,6,thermal_cycling
1.552395,-1.436231,-0.818161,-1.261768,1.299031,0.42142,-0.473243,-0.543656,5,thermal_runaway
0.99031,-1.074755,-0.072279,-1.156734,0.731676,1.232523,-0.935548,-0.153929,7,electrical_fault
1.701727,-0.160615,-2.397126,-0.344507,0.792272,-1.034537,-0.628208,-0.516458,10,cavitation
1.03866,0.515624,1.551951,-1.827845,0.55835,1.413606,0.902717,1.542124,8,sensor_drift
-1.296593,-0.146452,-0.052697,0.830031,3.019976,-0.512961,-2.75263,0.648498,6,thermal_cycling
-1.388873,-0.083939,0.883882,-0.271112,0.541984,-0.181125,0.717,-1.597258,2,shaft_imbalance
0.113401,-0.256304,-1.189572,0.873277,1.488254,-0.037427,0.332053,0.861645,9,intermittent_contact
2.97572,-0.791041,1.25414,-0.436491,-0.999485,0.131227,-0.259645,0.886473,5,thermal_runaway
-6.91908,-2.584721,0.986215,-0.380402,-1.0147,-0.025496,0.767098,0.64102,10,cavitation
1.531539,0.384644,0.103961,-0.843175,0.938212,2.457879,0.560687,0.761698,8,sensor_drift
0.683632,1.283303,-0.276626,-3.535247,0.28124,1.316781,0.171767,-1.309958,4,misalignment
-0.238886,4.350875,1.305587,-1.206536,-0.056042,1.086206,-1.369447,-0.038686,11,blockage
0.835256,0.621613,-1.041585,-0.296208,0.47479,0.353367,-1.050382,0.749127,2,shaft_imbalance
-2.141098,1.903489,0.961141,-0.708189,-2.459709,1.029135,0.558092,0.210686,2,shaft_imbalance
-0.16456,1.327889,-0.468432,0.409299,-1.680346,-0.788302,0.305044,-0.589462,7,electrical_fault
0.601558,-1.875818,-1.355359,0.551285,1.380035,-0.726149,1.966422,2.148194,6,thermal_cycling
0.902692,1.405096,-1.549129,-0.296697,1.598363,0.921869,-0.199012,0.003809,9,intermittent_contact
1.304239,-0.89933,-0.558695,-1.005828,0.044252,-0.03323,-1.019131,0.912575,7,electrical_fault
0.073672,-0.488586,0.185188,0.370704,-3.966522,0.090795,0.367334,-0.490845,6,thermal_cycling
-1.408387,1.293331,0.513767,1.91314,0.668784,-0.30476,-0.798677,0.238891,3,gear_tooth_crack
-0.356028,0.446907,0.976089,0.496334,0.073657,-0.746195,-1.070907,-0.510877,1,bearing_degradation
-0.00112,-2.235035,0.357365,1.944598,1.57592,1.830954,-1.01976,0.912152,0,normal
-2.840218,-4.339135,-0.549519,1.994843,1.154885,-0.031585,-1.154149,1.535907,1,bearing_degradation
-0.814223,-0.072212,-0.249992,0.462711,0.530406,-1.481629,-1.088005,-0.666756,2,shaft_imbalance
0.396384,1.110436,0.764298,0.853072,0.424576,0.136778,1.04282,-0.134648,11,blockage
-2.320356,-0.963638,-0.915156,-0.201105,1.112966,-0.245061,-1.030814,-0.056955,0,normal
-1.531502,0.238842,-0.368355,-0.039323,-1.311465,0.90751,-0.395209,0.654317,12,leakage
-0.355431,0.521413,-0.862447,1.168948,0.950425,1.93159,-0.802177,-0.926298,9,intermittent_contact
0.175711,0.256657,1.619905,2.480919,0.915071,0.206206,0.432531,0.256044,2,shaft_imbalance
-0.376052,0.024366,0.377937,-0.311437,-0.733695,0.359158,-0.973168,0.755875,12,leakage
1.849729,-0.726015,-0.374955,1.692956,-2.800618,0.931638,0.135505,-0.227812,6,thermal_cycling
0.376449,0.395594,-0.03566,-0.225069,-1.44867,-1.261202,0.178844,0.054149,7,electrical_fault
-0.382231,-0.701353,0.548371,-0.644964,0.0,-1.260982,0.145608,-0.603166,9,intermittent_contact
-1.961566,-1.064522,0.659123,1.900922,0.252872,-0.834215,-1.113113,-0.375249,12,leakage
1.794459,1.030732,0.232031,1.393245,0.382058,0.798913,-0.939563,-1.095394,1,bearing_degradation
0.079578,-1.995475,-4.951236,-2.688913,0.806073,-0.040448,0.441451,0.876233,4,misalignment
0.430018,1.404093,2.039106,-0.698076,0.701449,1.456276,0.939198,-0.599067,12,leakage
1.261696,-0.912717,0.190128,-0.576939,-0.923001,1.313887,1.856217,-0.221226,2,shaft_imbalance
0.420693,-0.602707,2.616259,-2.890687,0.857109,0.876229,2.326838,-0.24979,10,cavitation
-0.164141,-0.33071,-1.037402,0.893243,-0.485974,0.555226,0.636002,-0.956019,11,blockage
-0.13094,-0.659439,-1.118511,-0.53995,-6.274677,-1.348648,-0.92686,0.562299,6,thermal_cycling
-1.315468,4.757229,-5.330981,-6.400367,0.021307,0.773692,0.663112,0.167153,1,bearing_degradation
-0.228457,-0.590687,-0.182593,1.739973,-0.500039,0.227464,1.645018,0.291659,12,leakage
0.643557,0.826903,-0.023947,0.271653,1.752124,-0.157603,-0.944258,0.579195,3,gear_tooth_crack
-0.343234,-0.977965,-0.974693,1.442614,0.289255,1.391535,1.536251,-0.743544,9,intermittent_contact
0.033879,-0.261379,0.000222,0.707372,0.052895,-0.6675,-0.51708,-0.012124,7,electrical_fault
1.39286,-1.597107,-0.797882,0.026561,-0.729868,-0.396033,1.287742,-0.148971,3,gear_tooth_crack
0.628392,-0.722947,-0.056045,-2.172445,-1.325382,-0.119551,2.78767,0.885903,4,misalignment
-1.977749,-0.261562,0.056497,-1.28613,-0.034475,0.053753,-2.156008,-0.915125,0,normal
0.797714,-0.096303,-0.933426,-0.154585,1.112137,1.892674,-1.218737,1.63725,10,cavitation
-0.059675,-0.134555,1.980764,-0.028187,-0.209742,1.233814,0.239925,-1.975085,8,sensor_drift
-0.692763,-0.289528,-1.645034,-1.597047,-0.452151,0.63615,1.290531,-0.386168,2,shaft_imbalance
1.066319,-1.736263,0.195553,0.541414,0.446513,-0.221224,-0.597071,0.758586,9,intermittent_contact
0.243847,-0.089535,0.549876,-0.099623,-0.800293,1.14792,-2.218142,-1.325488,6,thermal_cycling
0.450715,-0.351934,-1.615971,-0.622627,-1.202258,1.92163,0.046052,0.667168,12,leakage
-3.9342,-1.040984,3.234854,1.307108,0.720905,1.004611,0.309898,-0.117531,4,misalignment
0.576995,-1.373731,0.54933,-2.099237,0.925325,4.239853,0.441232,0.237121,8,sensor_drift
-0.077134,2.270693,0.188865,-0.553415,-1.064096,1.055259,-0.088109,-0.174638,11,blockage
-0.328041,1.303798,3.831289,-4.948956,-0.109481,1.089137,0.211111,1.247426,1,bearing_degradation
-0.458068,0.648724,-0.235116,1.165966,6.722995,1.026482,-0.952557,-1.503333,6,thermal_cycling
0.146373,1.987283,-0.421159,-1.639579,-1.703939,0.816816,-0.545135,0.269618,12,leakage
0.065465,1.33328,-1.645471,-0.3768,-1.200676,-0.726601,0.650088,-1.200279,12,leakage
-0.780382,-0.999607,0.753004,1.933748,1.247742,0.723664,-1.695923,-1.335952,2,shaft_imbalance
0.444299,-1.209844,0.522762,0.81538,0.0,-1.10875,-1.038865,-0.054349,9,intermittent_contact
-1.755784,0.339932,-1.269342,1.016371,-1.015859,3.269188,-0.576053,-0.624001,8,sensor_drift
-0.491841,-0.537213,-0.62627,0.236996,0.390297,-1.869005,-0.760255,-0.089389,9,intermittent_contact
-0.772079,6.341895,0.314351,0.599348,0.937413,-0.444872,-0.885814,0.728906,11,blockage
0.369518,2.60111,1.535519,-1.02052,0.033501,-0.156387,0.41756,-0.443681,11,blockage
-1.620868,1.712295,-0.510483,-0.489505,-0.195077,1.367925,-1.38025,-1.204134,6,thermal_cycling
-1.128167,1.517929,-0.396266,1.453231,-0.210819,-0.25354,0.865917,0.292967,9,intermittent_contact
1.267179,1.533375,1.606131,-1.42442,0.402285,-1.5774,1.301451,1.443771,7,electrical_fault
-0.113174,0.860783,-0.083989,-0.630482,-1.097917,0.355958,-1.206378,1.794813,11,blockage
-0.486258,0.961229,-1.344657,-1.047558,-1.197054,1.98936,-0.096382,0.644514,1,bearing_degradation
-1.820596,2.401191,0.990523,-3.429418,1.201848,-0.337351,-0.21408,-1.512969,4,misalignment
-1.374517,-1.075047,-0.344103,1.944776,-0.170403,-0.374802,0.844692,0.917685,9,intermittent_contact
-1.285977,0.831701,-0.108455,0.594678,-2.729588,0.818127,-0.543364,-1.170255,10,cavitation
1.518831,1.100967,0.264433,0.813217,-0.329977,-0.549007,-0.353603,-1.602236,4,misalignment
0.199593,0.816488,-0.656307,-1.094559,-0.522334,-0.591303,-2.051289,-0.545569,3,gear_tooth_crack
1.541341,-0.284302,1.097347,-0.698066,-2.364882,-0.079912,1.707963,0.534968,2,shaft_imbalance
-0.323436,-0.537289,0.533928,1.766777,1.422781,-0.53102,-1.168704,-1.345252,10,cavitation
1.200334,1.424255,1.086277,-0.143133,-0.176379,-1.054011,-0.988873,-0.045693,6,thermal_cycling
0.777767,0.807008,-1.619872,-2.247269,1.001745,1.187725,-1.020623,-1.859835,0,normal
-1.350421,-0.311639,-0.746116,0.869676,1.178185,1.056386,-0.755219,-2.739533,0,normal
-0.90402,-1.939964,1.248727,3.115357,1.998289,1.186891,0.025674,-0.216693,1,bearing_degradation
0.249578,0.561558,-0.40415,-1.379971,6.510822,0.973482,-1.417089,0.170991,6,thermal_cycling
-0.205081,1.926669,-0.376369,-0.317079,0.648472,0.900714,-2.336318,-2.90406,11,blockage
-0.789261,-0.018499,0.120458,-1.935327,0.532533,0.692802,-1.398901,-0.045367,10,cavitation
0.611557,0.665386,-1.223307,0.504895,1.36659,-1.447097,-0.317143,0.354419,7,electrical_fault
-1.721523,-1.687775,-0.413812,-0.232018,0.6826,-0.028608,0.843371,0.044893,3,gear_tooth_crack
-1.263128,-1.07914,1.773013,-3.574126,-0.244187,-0.843855,0.622259,-0.804498,1,bearing_degradation
0.880182,-0.202056,-0.487874,-1.116825,0.086612,1.084382,-1.27442,-0.287094,7,electrical_fault
-0.556932,-0.203305,-2.214352,-0.155297,-1.250452,0.517223,0.334923,0.0152,9,intermittent_contact
-0.231418,0.035565,0.153822,-0.924204,0.703808,-0.271339,0.543901,-0.016228,5,thermal_runaway
-0.464199,0.694973,0.417817,-1.382545,-0.411222,-0.330844,-0.013596,-0.652007,12,leakage
-0.304117,0.488596,1.890378,-0.590505,-0.988466,0.009509,-0.851346,-1.635133,7,electrical_fault
-3.763968,-5.038957,0.300191,-1.923988,0.747942,-0.266589,-0.16591,0.329318,1,bearing_degradation
-0.252209,5.554763,0.38642,1.685646,-1.068439,-0.76001,-0.155345,-0.749086,10,cavitation
-0.432779,6.134316,-0.492034,-1.194046,0.174681,-0.816228,1.546736,0.0411,11,blockage
-0.888281,1.50854,0.814896,-0.187165,-0.908794,0.921466,0.285677,0.341187,8,sensor_drift
0.136324,0.760345,-2.139982,-0.573524,0.74613,3.221093,-0.024358,-2.437629,8,sensor_drift
3.484332,0.431468,-0.082992,-1.754575,-0.759954,-0.663639,-0.729025,-0.435765,3,gear_tooth_crack
4.482959,7.39163,1.806469,9.193257,-0.334653,-0.354764,-0.455444,-1.549846,1,bearing_degradation
-0.132226,1.296895,0.757943,-0.320821,-1.124217,-1.669182,-1.537459,-0.633236,11,blockage
-0.4683,0.624133,0.350092,-0.022018,0.630036,0.000534,-1.334843,-1.110324,9,intermittent_contact
1.124752,-2.736541,-2.93571,-1.686952,0.01221,0.033284,-0.651361,0.8778,10,cavitation
-0.836503,1.478618,-0.808656,-1.904134,-0.677631,2.367922,-1.879773,-1.189928,10,cavitation
-0.072327,0.387955,-0.536818,0.425097,-0.003014,-0.705874,0.13995,-0.386692,5,thermal_runaway
-0.407364,1.978906,0.229465,-0.298894,-1.500605,0.004669,1.892184,1.557637,2,shaft_imbalance
0.315605,1.205854,-0.729084,-0.654146,-2.147289,-0.162666,-1.062414,-0.529439,0,normal
-0.366592,0.593557,-2.398103,1.429971,1.468764,0.029834,0.558771,0.558515,1,bearing_degradation
-0.10802,-1.83733,0.799547,0.397207,0.149914,-1.174376,-0.832317,-0.715387,9,intermittent_contact
1.579091,0.159992,-0.118638,0.285826,1.306002,0.219383,-0.410927,1.106289,0,normal
-1.05371,-0.400564,-0.675953,-0.796558,-1.695121,-2.423802,-1.802479,0.803713,6,thermal_cycling
-0.043093,-1.388596,1.764457,1.253201,-0.910678,-0.372837,0.16291,0.457578,10,cavitation
-0.963761,1.234822,0.886092,0.493671,1.372017,0.290134,-0.096428,1.379442,2,shaft_imbalance
-0.72763,0.334509,-2.497475,-0.241699,1.167137,-0.170971,-0.829144,-0.656843,2,shaft_imbalance
-0.875688,0.871842,1.194951,-0.947343,3.09006,1.215965,-1.001363,-0.668827,6,thermal_cycling
-1.713549,0.081145,-0.886135,0.069726,-2.31528,-1.540832,1.189034,0.369053,2,shaft_imbalance
0.144511,-0.281801,-0.413079,0.591201,-0.156306,1.882509,-0.086469,-0.942137,8,sensor_drift
-0.492608,1.082249,0.763286,-0.872866,-0.036698,-0.073205,-0.059594,-0.59824,11,blockage
3.846232,0.433152,-0.303894,1.477599,0.071099,0.91455,3.341065,1.515862,5,thermal_runaway
0.392048,-0.653481,-1.823929,0.685808,0.920497,-1.031074,-0.754505,-1.479011,4,misalignment
-3.543289,2.556835,-1.188482,0.550209,-1.133404,-0.740002,0.28441,-2.071024,2,shaft_imbalance
-1.233059,6.205628,1.565404,-0.596966,0.407399,0.860785,1.080463,0.370068,11,blockage
3.137316,-2.531252,-2.113084,-0.961957,0.010138,0.448845,-0.233225,2.021213,10,cavitation
0.135123,0.450021,-0.227419,-1.615051,0.988532,0.364525,-0.726015,-0.2806,0,normal
0.08506,-0.413588,-3.494862,-3.073222,-0.717571,-0.655183,0.485533,0.332747,10,cavitation
1.178564,2.306367,0.008604,-1.05479,1.526121,-1.538466,-0.585362,-0.887363,2,shaft_imbalance
-2.128627,-2.385426,-0.175814,1.653611,1.147993,-0.902421,-1.09744,1.950985,4,misalignment
1.367468,0.285096,1.229131,-1.36126,-3.023191,0.189417,0.223234,1.429233,6,thermal_cycling
2.280018,-3.043407,1.243344,-1.586899,-0.081037,-0.203591,-0.135456,-0.84396,10,cavitation
-1.032503,-0.361182,-0.418917,1.536088,-0.751723,0.74243,1.387838,0.81922,6,thermal_cycling
-0.963188,-0.712342,-0.553803,0.404673,0.069384,-1.095156,-0.027947,-1.143501,3,gear_tooth_crack
-1.033519,-0.857822,-0.049973,0.822339,-0.091997,1.077547,0.646115,-1.653825,9,intermittent_contact
3.106602,-3.235796,-0.553413,3.853015,-0.09001,-0.3677,0.139834,-0.643914,1,bearing_degradation
0.654094,1.097065,-1.064759,0.146576,-1.579042,-0.30672,0.670653,-0.895211,12,leakage
0.566827,-1.912617,0.733392,0.034779,-0.534139,-0.646331,0.902959,0.679884,12,leakage
-1.261517,0.272719,0.793922,0.170336,-1.614192,1.350397,-0.211354,-0.527541,3,gear_tooth_crack
-1.098502,-1.821317,0.330102,0.910832,0.570066,0.47925,1.023487,-0.100235,12,leakage
-0.589026,0.83306,0.038771,0.83901,-0.97547,0.999472,0.500996,1.19757,3,gear_tooth_crack
0.592969,5.539143,-0.354331,3.043631,1.350575,-0.550107,-0.347705,-0.015118,11,blockage
0.525095,-0.242576,-0.488731,-1.402662,0.936891,-0.368427,0.618093,0.485993,7,electrical_fault
0.384769,0.09447,0.010802,-0.056441,-0.576698,-0.449483,1.47959,-0.108537,0,normal
-0.329329,-1.160117,0.215531,0.833533,0.181554,1.405382,-0.269761,-1.317972,12,leakage
-0.573766,0.136972,1.920778,-0.922939,0.647941,-0.076707,-0.349515,-1.319756,10,cavitation
-1.715873,0.359293,0.93692,1.154007,-0.793082,1.523998,0.503223,-0.689603,4,misalignment
-1.054039,0.853366,1.77472,1.090598,-1.519947,-0.765221,0.000814,-0.264331,10,cavitation
-2.861643,-3.610816,-0.411782,0.570509,-0.55419,-0.925996,-0.75811,-0.163855,4,misalignment
0.280343,-0.461859,-1.011461,-0.402367,-0.843371,-0.231161,0.14148,-0.501194,7,electrical_fault
0.687547,-1.347004,0.642779,0.933551,0.572177,-0.129945,0.530631,1.299281,7,electrical_fault
0.631064,4.720695,-3.117843,-4.831182,2.804462,-0.273097,-1.890994,-0.58255,1,bearing_degradation
0.810386,-1.438705,0.035006,-0.115766,-1.417768,0.372503,2.154318,-0.312606,3,gear_tooth_crack
0.074937,0.25448,2.200679,-0.346012,0.732219,-0.123879,-0.702251,0.869535,9,intermittent_contact
0.172755,1.403759,-0.302385,-0.299571,0.745039,-0.316003,0.498392,2.337914,5,thermal_runaway
1.174804,-1.337288,0.632067,-0.28797,10.646419,0.249191,0.931468,1.237757,6,thermal_cycling
-1.370157,-1.437828,0.052182,-1.047896,0.55321,1.525002,1.435007,1.089443,10,cavitation
-2.073283,-0.51294,0.467352,-0.194298,-1.025504,-2.780746,0.462609,0.877385,10,cavitation
0.506638,-0.371209,0.117203,-0.132186,1.394886,0.810216,-0.335865,-0.405443,7,electrical_fault
-0.08618,-1.976384,-0.720272,-0.462931,1.457067,-0.14891,-0.890489,-0.133481,12,leakage
-0.186294,1.65345,0.212737,-1.057684,0.12015,-0.134904,-0.438649,-1.681205,12,leakage
-0.66302,5.315583,-0.940286,-0.417722,-1.155558,1.41714,-0.513288,0.159706,11,blockage
-0.993617,0.800112,0.06601,0.049349,0.07383,4.838552,-0.865623,-1.515361,8,sensor_drift
-3.846427,-1.442205,-0.552723,-1.365487,0.298431,0.379344,-0.94489,-0.765588,1,bearing_degradation
0.676118,1.663341,-0.522733,0.127387,-9.800609,1.024062,2.400081,1.058564,6,thermal_cycling
1.78688,1.473371,-0.564865,1.026924,0.13009,1.652911,0.950654,2.193145,7,electrical_fault
-0.633599,1.257227,3.420589,3.665747,-0.713367,-0.344135,1.931489,0.314169,4,misalignment
0.799066,0.18567,0.080635,-0.650093,1.082285,-1.229802,-0.887928,-0.317757,9,intermittent_contact
-1.59035,-0.179511,-1.834292,-1.685066,0.043269,1.272341,0.009844,-1.360318,10,cavitation
-2.062077,-2.246304,-0.272587,3.576717,-3.530409,-0.100657,-0.944748,0.780155,4,misalignment
-1.626734,0.103206,0.178598,1.967851,-1.315589,0.654828,-0.971443,-1.337319,2,shaft_imbalance
-0.200721,0.747086,-0.482513,-0.675482,0.60479,0.277634,0.322207,-0.093779,7,electrical_fault
0.671733,0.48563,0.834202,-0.337219,9.516573,0.014349,-0.284155,-1.098803,6,thermal_cycling
-1.043837,-0.11458,1.799576,-2.034432,0.864985,0.068922,2.097841,0.491477,10,cavitation
1.425233,0.447456,-0.316111,-2.313522,0.978173,0.515203,0.152659,-0.688051,3,gear_tooth_crack
-0.6848,-0.025359,0.538033,0.326694,19.341978,1.058159,0.6707,-0.181399,6,thermal_cycling
-0.562114,0.131442,-0.88362,-0.233331,-1.102002,0.652925,1.634861,2.196919,9,intermittent_contact
-0.020175,-0.31384,0.591973,-0.082696,-0.225627,1.454579,0.098378,0.124184,7,electrical_fault
-1.071476,0.534797,-1.018328,0.594844,0.895639,0.919742,-0.869187,0.921471,5,thermal_runaway
-1.059425,0.351681,1.756074,0.06939,0.452297,-0.234923,-0.50347,0.658276,3,gear_tooth_crack
3.035477,-0.609045,-1.109573,-0.324085,-0.734196,-0.759773,1.996882,-1.819135,5,thermal_runaway
1.530781,-1.755182,-0.860786,-0.54263,0.949089,1.217475,1.310072,-0.332642,8,sensor_drift
-1.468602,-1.388886,0.58178,0.259132,-0.692567,-1.158792,-0.270573,1.116517,3,gear_tooth_crack
-0.426776,0.595153,1.310877,-0.794068,-5.401257,1.847565,0.488127,-0.10708,6,thermal_cycling
-2.131785,-1.195869,-0.434527,2.03804,0.288482,0.609979,-0.414371,-0.058073,2,shaft_imbalance
-0.368301,1.268691,-0.704863,-0.665539,-0.972349,-1.290388,-0.913992,0.278631,9,intermittent_contact
0.134798,0.210918,0.635907,0.76865,-0.495004,-1.836295,-1.038227,0.461042,12,leakage
0.55122,6.415144,0.287329,1.19669,2.002864,-0.133542,-0.213718,-0.364267,11,blockage
-0.310735,-0.589551,-1.215237,0.434665,0.381691,-0.053375,1.086326,-0.61698,1,bearing_degradation
0.904983,0.373678,0.673628,-1.078499,1.056659,-3.295823,1.526692,1.3472,7,electrical_fault
-0.194418,2.235924,1.458034,0.223841,-1.83615,0.275059,-0.930329,-0.027518,11,blockage
0.672839,0.112235,0.603347,-0.67576,-2.108754,-0.606696,0.747457,0.080216,3,gear_tooth_crack
-0.747195,6.695294,1.013367,1.693152,0.831827,0.889623,-0.955332,-0.984128,11,blockage
1.158438,3.232814,2.752471,0.087099,0.508618,-0.197535,-0.021691,2.377003,4,misalignment
2.340009,-0.188888,1.046302,-0.525457,7.759666,0.678022,0.832563,0.776327,6,thermal_cycling
0.374673,-1.526943,-1.278162,-1.745528,-1.390261,-0.178401,-0.491223,0.393433,10,cavitation
-0.080323,-0.27168,0.026238,0.279065,-0.494904,0.549294,0.186487,0.507687,8,sensor_drift
-3.760477,-1.056038,2.48547,1.896581,-0.272366,-0.34845,1.920532,2.258696,4,misalignment
1.686896,0.082384,0.08688,-0.831656,-0.637474,2.059885,1.498472,0.797209,8,sensor_drift
0.423391,1.258226,-0.596321,-3.153531,2.626468,-1.203368,-0.721437,0.708257,4,misalignment
-0.141887,0.327119,-1.420593,1.398354,-0.121598,-1.018294,-1.019024,1.689976,7,electrical_fault
1.251742,1.20189,0.174913,-1.523881,-1.229204,1.90788,0.416823,-1.217309,8,sensor_drift
-1.046858,0.678641,-0.102501,0.537667,-0.013633,-0.207672,-0.680044,-1.194003,3,gear_tooth_crack
0.9738,-0.527691,-1.671788,-0.809628,1.137307,0.348061,-0.370412,0.06112,12,leakage
0.493432,-0.040342,-2.195184,-2.022447,0.12941,-0.358063,-1.105835,0.065533,0,normal
-2.481521,-0.351751,-1.107456,-0.70337,-0.35433,-0.555687,1.91665,-1.512013,10,cavitation
-0.245144,1.765192,-0.042044,0.652909,-1.03373,-0.291421,-1.000613,1.293673,9,intermittent_contact
-0.077922,0.237839,1.733261,0.876276,-0.074982,1.533759,1.505863,0.263075,6,thermal_cycling
7.649572,3.847236,4.907296,-1.578123,-0.392254,0.338272,0.46529,0.962356,1,bearing_degradation
0.562044,-0.071264,-0.346285,1.172353,1.376701,-0.068769,1.693787,-1.337083,6,thermal_cycling
1.140371,-0.037046,-0.434032,-0.352505,-0.346065,0.917171,-0.336463,1.231253,2,shaft_imbalance
-0.007087,0.582514,0.75047,0.011124,0.035554,-0.559943,0.967972,-1.189092,12,leakage
-0.717997,-0.936184,-0.067635,-1.256333,1.310103,0.134322,0.090832,-1.147036,5,thermal_runaway
-2.61298,2.055481,-0.37493,1.039463,-0.661343,-0.807348,-0.546593,0.252649,7,electrical_fault
0.077979,-0.945474,1.338183,-0.134054,1.105361,0.009648,-0.331399,-0.781278,12,leakage
-0.461033,-1.575523,-1.206799,-1.051966,-2.648228,0.431586,0.505431,-1.071801,12,leakage
0.024613,-2.112424,0.825938,2.366308,0.979998,-0.742213,0.275279,-0.211273,10,cavitation
-1.759763,-2.729145,-0.017938,-4.975719,1.614246,0.54696,0.669823,-2.666917,1,bearing_degradation
-0.06333,1.255298,1.221805,-0.958564,0.823993,-0.992663,0.054015,0.656128,3,gear_tooth_crack
-0.951259,4.260606,-0.516735,0.84105,0.883606,0.507125,-0.167532,-0.482929,11,blockage
-1.167279,-0.459607,0.866447,-1.231947,1.775347,-0.216847,0.874527,0.872435,3,gear_tooth_crack
-0.641158,1.379221,1.640477,-0.099196,1.171062,1.650627,-0.032919,0.129752,3,gear_tooth_crack
3.21678,-0.296446,0.615512,-1.798728,-0.35383,-0.632556,1.872235,-0.047678,1,bearing_degradation
-2.703444,-0.950527,-0.632629,1.464936,1.045781,0.238451,-0.311243,0.764724,12,leakage
-0.737306,0.190428,-1.563886,-1.56806,-0.724909,-1.090248,-0.14604,0.168599,11,blockage
2.130561,-0.21176,0.431842,0.392336,-1.721035,2.924738,-2.315641,0.449074,8,sensor_drift
1.540627,0.922952,-1.430415,-1.340396,0.192513,-1.049096,-0.805681,1.184568,2,shaft_imbalance
0.027358,-0.286979,1.549319,0.270241,-0.486463,-1.808026,-0.197209,-0.576824,7,electrical_fault
-0.402907,1.237557,0.403888,1.420032,1.61082,-0.845358,0.475197,0.463036,7,electrical_fault
-0.372143,1.110042,-0.166742,1.16045,0.206016,-0.088529,0.15822,-1.29163,3,gear_tooth_crack
-2.115695,-0.587597,0.083221,2.349781,-0.371652,-0.072773,-0.189194,-1.480135,4,misalignment
1.641799,-0.42452,-0.675515,0.007814,-0.624392,0.188464,-0.173487,0.702439,4,misalignment
-0.30544,1.434776,-0.598792,-0.091401,0.713548,0.819187,1.407532,-1.312522,11,blockage
0.790967,-0.48586,-0.98262,-0.446265,-0.181568,1.145067,0.693782,-0.00328,9,intermittent_contact
0.61964,0.71156,1.383027,0.268831,1.601545,0.381584,0.073219,-0.692371,4,misalignment
0.089745,0.981705,-0.918298,1.528082,3.564988,-0.745879,0.362611,0.426552,6,thermal_cycling
-1.188362,3.081031,1.306819,0.225231,-2.549094,-1.184059,-0.633536,1.730702,7,electrical_fault
-0.592025,-0.655706,-1.122114,-2.377702,1.394797,1.560063,-0.06781,-1.018827,8,sensor_drift
-0.152523,0.383394,0.999824,-1.058536,-0.125009,1.481456,-0.743588,-0.82225,0,normal
-1.300081,1.921541,5.087146,2.625923,0.294003,1.038008,-0.265749,-0.994391,4,misalignment
0.316037,1.912831,-1.287267,-1.371994,-1.945194,-0.404484,0.061229,-0.371477,11,blockage
-1.230325,0.794923,-0.38231,-1.081459,-0.367015,-0.401475,0.365058,1.165998,7,electrical_fault
-0.174692,-0.064278,0.032276,-0.830118,-1.546997,0.217106,-0.994252,0.402741,7,electrical_fault
0.568119,-2.701713,-5.04063,-4.462578,-0.490716,0.345171,-0.159287,-1.151803,4,misalignment
1.740021,0.180511,0.35378,0.971138,-0.1405,1.606896,1.045287,0.356691,5,thermal_runaway
0.586454,-0.411342,-0.789598,0.426858,-0.493734,1.458786,0.067657,-1.373631,5,thermal_runaway
-1.57203,1.171984,-0.38376,-0.441048,-1.147714,-1.340388,-0.085543,0.516425,6,thermal_cycling
-0.246825,-1.449473,0.078635,-0.256572,-0.587995,-1.295562,1.186789,-0.453682,5,thermal_runaway
-1.135121,1.358558,0.49891,0.874664,-0.012089,0.271562,-1.0534,-0.00524,6,thermal_cycling
0.045704,0.671616,2.518935,-0.041385,-1.27996,4.257634,0.702931,1.03018,8,sensor_drift
7.084493,1.067841,-0.580616,1.248204,3.818108,-0.799226,1.655844,2.562758,5,thermal_runaway
0.750575,-0.535759,-1.723964,-0.321165,-0.436196,-1.615066,-0.399287,-0.884909,11,blockage
0.063735,-0.167621,1.098495,-0.337597,-0.025166,0.106669,-0.067501,1.160218,7,electrical_fault
-0.019828,1.825082,0.5672,0.135505,0.919956,-0.362202,1.26714,-0.072622,11,blockage
2.296009,-1.927568,-1.818131,-0.975557,-1.003377,-0.126303,0.027551,-0.086904,4,misalignment
-0.330612,1.30592,-1.565523,-0.061186,0.937917,1.97582,1.27361,-0.709705,11,blockage
-1.086074,-1.257382,0.510139,1.529313,0.06459,0.572242,-1.843547,-0.677512,0,normal
-0.521547,-0.010348,-0.699017,0.508581,0.110235,0.231362,-0.185041,0.150921,5,thermal_runaway
-1.132357,0.659127,-0.0728,-1.163762,0.106152,-0.695379,0.128701,-0.235974,12,leakage
-1.52595,3.950806,-0.536627,-0.836527,0.110848,0.467966,-0.382134,0.559311,11,blockage
0.180386,-0.169117,-0.173255,2.817733,-0.512897,3.131862,-0.147361,-2.178524,8,sensor_drift
7.064892,4.299967,0.408447,-1.912763,0.630834,0.592794,0.496028,0.966482,4,misalignment
-3.173945,-0.079019,2.488605,0.287891,1.021704,-0.059399,-1.765415,-0.894727,2,shaft_imbalance
0.336543,-0.655691,0.510259,0.146531,1.047542,-0.832145,0.232718,0.638275,5,thermal_runaway
0.049928,0.248451,-0.048534,-0.858898,-2.186406,0.968741,0.44831,-0.179166,1,bearing_degradation
-1.988156,0.839403,-0.992861,-0.209401,1.575022,0.36578,-0.346455,0.856824,12,leakage
-0.952771,1.909456,-0.138279,1.038856,2.848825,1.453538,0.133513,0.858434,2,shaft_imbalance
-0.033693,1.565345,0.845334,-0.003584,1.919566,-0.101504,1.077224,0.433753,6,thermal_cycling
-0.149443,-0.703203,1.846338,-0.476459,-2.254209,1.783266,-0.846276,0.899908,5,thermal_runaway
0.184423,0.941389,0.092939,-0.348311,-0.209976,0.243907,-0.380002,1.064394,7,electrical_fault
-1.895029,-2.391687,0.484666,0.315426,0.172405,1.586978,-1.675736,-2.080105,9,intermittent_contact
3.163811,-2.309676,-1.221058,0.994357,-0.152074,-0.973996,-0.032557,-1.092396,3,gear_tooth_crack
0.011278,-0.098074,-0.649263,-1.485562,0.092679,-0.768356,0.085993,-0.794044,0,normal
-0.73901,0.018025,0.740284,-1.485824,0.265083,0.22112,-0.451576,-0.586922,5,thermal_runaway
0.232976,0.34706,0.386107,2.364042,-0.44139,2.629559,-0.398579,-0.703613,8,sensor_drift
0.928148,0.279716,-2.152667,0.712254,-1.07086,-0.221382,0.007334,1.897277,5,thermal_runaway
1.554161,1.861702,-0.131603,-1.108364,0.140144,0.175959,1.186126,-0.443689,12,leakage
1.586449,1.324718,0.122374,0.528692,-0.604205,-2.536651,-0.762465,0.747963,10,cavitation
-1.156427,0.261056,-1.774253,1.220839,0.441359,-0.348773,0.22606,1.592728,1,bearing_degradation
0.827173,-1.330877,-1.668035,0.823721,-0.602978,-0.392226,-1.85681,-0.678979,0,normal
0.476071,-0.602503,-0.834805,-0.715242,-5.383676,-0.316774,0.509609,-0.534403,6,thermal_cycling
-1.090787,-1.887895,0.144108,-1.495169,-0.851459,-0.684833,0.218751,1.280621,7,electrical_fault
1.494192,0.571226,-0.769869,0.743619,-1.747658,2.554966,-0.290316,0.658315,8,sensor_drift
1.024544,2.227337,1.091064,0.282907,-1.264692,1.054436,1.780831,0.322952,2,shaft_imbalance
1.389759,0.02351,1.213125,-0.214269,-0.781598,-1.306313,-0.50624,-1.268657,3,gear_tooth_crack
-0.290066,0.004133,0.256492,0.435254,2.076711,-0.84532,0.859046,0.207751,0,normal
-0.19224,2.127626,-0.868658,0.602408,-8.83121,0.750758,-1.134495,0.470463,6,thermal_cycling
1.125942,0.609524,-0.438272,0.600996,-0.115673,0.18964,-1.057876,1.297057,1,bearing_degradation
0.218875,-0.069626,0.375695,-0.929006,0.0938,-0.02728,0.920878,0.165546,12,leakage
-0.488501,1.7153,-0.656815,0.473366,0.0,1.444971,-0.851063,-1.399443,9,intermittent_contact
0.463345,0.41392,1.213821,1.60943,-1.251735,0.938678,-0.272217,-0.146675,8,sensor_drift
1.326867,-0.049027,-1.007961,0.874954,1.723045,-0.88614,0.039252,1.090156,3,gear_tooth_crack
1.82109,-0.047452,1.637105,-0.622264,0.830623,-0.562623,1.819042,1.120772,9,intermittent_contact
0.792054,-0.573266,1.427794,-0.205074,-0.201009,-0.289092,0.981593,-0.958911,5,thermal_runaway
0.817586,-0.54905,1.139877,0.697601,-0.617728,4.091159,-0.091811,1.11148,8,sensor_drift
0.561937,-0.960476,0.37339,0.275699,-0.325621,-2.065274,2.160625,-1.054191,7,electrical_fault
0.267523,2.023279,0.084691,-0.137994,-0.195469,4.60088,-1.134312,-0.382764,8,sensor_drift
-0.075805,0.08552,-0.453427,-0.275791,0.0,-0.800077,-1.094995,1.513981,9,intermittent_contact
6.158014,2.771949,1.284459,-2.77434,-2.39594,-0.332397,-0.443683,1.210818,4,misalignment
-0.309022,-0.172871,0.964551,-0.032337,0.530694,-0.196004,-0.342153,-1.406914,0,normal
1.644367,-1.93108,-0.451954,-1.071494,-0.195398,-0.434447,0.602155,0.255521,3,gear_tooth_crack
-1.461081,1.468545,1.257122,1.432527,-0.042217,1.448194,-0.893026,1.141224,8,sensor_drift
0.507776,0.733245,1.583647,-1.371035,12.588683,-0.063855,-0.460856,2.033762,6,thermal_cycling
0.584765,0.166627,-0.355541,0.50412,0.900413,2.269228,-1.170898,1.061857,8,sensor_drift
0.963789,0.997237,-2.826672,0.521092,1.184255,-1.05203,-0.511887,0.451504,4,misalignment
-1.325564,4.711697,2.863844,0.623149,-0.99026,-0.472938,1.006357,0.604827,10,cavitation
-1.001174,1.8763,-0.762743,-0.287966,0.053085,1.106114,0.857017,-0.153409,12,leakage
0.058715,-1.206486,0.121172,1.625744,-0.895224,-0.206786,0.168795,1.199021,9,intermittent_contact
1.122762,-1.446406,-1.170003,0.757153,12.205871,-1.125023,1.136537,-0.221322,6,thermal_cycling
0.24308,1.497126,1.535752,1.051073,0.738104,1.35181,-2.007228,1.482069,2,shaft_imbalance
0.042522,1.21206,-0.703073,0.563771,-0.281832,0.388192,1.08077,-0.42837,9,intermittent_contact
1.264673,-1.203117,0.016043,0.123862,-0.068676,1.017885,-1.452373,0.610128,5,thermal_runaway
1.967713,0.375279,-0.292935,-0.742574,-0.223287,-1.955278,-0.415244,-0.262927,2,shaft_imbalance
-0.419628,-0.109476,0.01504,-0.139641,0.948064,-0.03926,0.349043,-0.187729,5,thermal_runaway
1.338007,-0.914203,-0.638287,-2.737737,0.129221,-2.060335,-0.215174,-1.099589,4,misalignment
3.024876,3.000549,0.83719,0.798493,0.243812,0.263399,0.883896,0.668707,4,misalignment
1.10884,0.580058,-0.648773,-0.74007,-0.682489,0.890395,-0.825049,0.884041,5,thermal_runaway
0.035314,2.85704,-1.257808,-0.041338,-0.650404,1.724512,-0.525383,0.334179,11,blockage
0.275373,2.11988,0.269047,-0.787232,-0.157266,-1.140174,0.01851,0.683408,5,thermal_runaway
2.583399,1.880786,3.364398,-0.393109,-0.292707,-0.184971,0.132363,-0.172862,10,cavitation
-4.126749,-1.76775,-0.192891,1.288165,2.050785,0.473799,1.200497,0.272933,4,misalignment
-5.725217,0.325191,0.037191,-4.791219,-0.190223,0.338106,-0.441158,0.252264,1,bearing_degradation
-0.333078,-3.584981,1.534809,-0.694733,-0.241557,-0.220293,-0.783803,0.24024,3,gear_tooth_crack
-2.056453,0.918272,-0.740323,2.134864,1.971838,-0.506479,2.339053,0.937575,3,gear_tooth_crack
-0.463106,0.106481,-1.313273,1.245461,-0.068264,0.986547,-0.952169,-0.280733,10,cavitation
1.358352,0.465306,0.601115,0.889773,0.341904,3.524454,-1.571717,1.539643,8,sensor_drift
2.54149,0.377913,-2.112069,0.529211,-0.759461,-1.854242,1.76676,1.555716,5,thermal_runaway
1.743328,-0.473166,-1.12244,0.854602,0.592364,2.434538,2.141078,-2.026808,8,sensor_drift
0.834693,-0.478899,-0.532294,-4.601251,0.854673,-2.202257,0.346681,1.619435,1,bearing_degradation
-0.190985,3.783973,-0.467804,-0.158869,1.71997,1.580336,0.698664,-0.626114,11,blockage
0.790104,-1.134323,-0.793101,-1.293795,0.258652,-0.187288,-0.194574,-0.680657,12,leakage
1.458559,-0.05514,-1.119869,0.952667,5.760002,-1.979355,-1.134812,-0.516493,6,thermal_cycling
0.220349,-0.663634,-1.714471,-0.677743,1.251197,2.851249,-3.552507,-0.673628,8,sensor_drift
-0.680886,0.569278,-0.048147,1.000331,-0.213704,-0.65532,0.25702,-0.382492,5,thermal_runaway
-0.892432,0.156398,-0.91697,-0.844556,-0.007007,0.617558,-0.293514,-1.646424,6,thermal_cycling
-0.385594,2.014966,-3.648408,-1.330741,-0.094188,2.409641,0.145469,0.166769,10,cavitation
-1.08719,5.005717,1.068056,-1.058264,0.158303,-0.242515,-0.997168,2.204102,10,cavitation
-0.498938,0.889346,0.974752,1.31004,0.874342,1.081375,0.732909,0.265529,0,normal
-1.441489,7.058196,0.17779,-2.502085,-0.321648,0.198771,0.748002,0.701565,1,bearing_degradation
-1.184128,0.086506,0.32701,-0.792526,0.026585,0.570537,0.618191,1.55188,0,normal
1.90506,0.035576,1.753691,-0.093299,0.131058,0.365474,3.178854,0.851286,0,normal
-1.861845,0.02911,0.030917,-0.117611,1.21419,-2.672834,0.395934,1.561438,0,normal
-0.006214,0.25401,0.997049,1.919189,0.498306,2.823752,-0.239265,-0.107812,8,sensor_drift
-2.302498,3.482551,1.864065,1.002629,-0.624438,-0.401947,1.071234,0.187784,10,cavitation
-0.102807,0.353991,1.02059,0.468568,0.18487,0.800666,0.324657,-1.695933,8,sensor_drift
1.200705,-0.517521,-1.335261,-1.128336,-2.168787,-0.174986,0.078417,-1.054031,5,thermal_runaway
0.141688,3.218625,0.890337,0.620679,-0.272981,-0.703896,0.083091,-0.353727,11,blockage
0.331995,0.246683,1.084586,0.550924,-2.37729,-0.784779,0.138205,-0.19498,0,normal
0.62256,0.88602,-0.199295,0.889908,1.170509,1.385415,-2.166222,-1.15161,8,sensor_drift
0.029646,0.47142,-0.717568,-0.268156,-0.073424,0.69501,0.423189,2.094423,7,electrical_fault
3.277506,-0.874567,0.365939,2.75097,0.030104,-0.203867,0.512551,1.032544,5,thermal_runaway
-0.685001,-2.384322,-0.434096,1.647503,-0.138293,1.016088,1.766426,-1.560048,10,cavitation
-0.704936,0.014951,1.217761,0.560775,-0.664823,-0.319788,-0.075519,-0.164035,5,thermal_runaway
1.190614,5.409328,0.841384,0.093756,-0.189406,1.204001,1.710243,1.59881,11,blockage
-0.751137,-0.378994,1.37634,0.845968,-0.479684,-0.480553,0.885313,-1.163957,7,electrical_fault
-1.072517,2.527638,-0.991338,0.947075,0.216058,1.187176,-0.06708,-1.163844,11,blockage
0.210757,0.261491,0.344947,0.697402,-0.767555,2.076464,-0.737733,0.239463,8,sensor_drift
-2.035604,-0.13206,-0.40804,-0.948489,-0.752098,-0.410235,0.992458,1.09206,2,shaft_imbalance
-0.751438,-0.626438,-0.063821,-0.451915,0.596487,3.4449,0.262514,0.489894,8,sensor_drift
1.050804,-0.974189,0.078851,0.346596,-0.822207,1.008271,0.403841,-0.251911,5,thermal_runaway
-1.495418,-0.753354,-0.531655,-0.775146,0.202024,0.37958,-0.421075,-0.681359,10,cavitation
-1.409099,-1.585226,-1.493862,0.116806,0.729596,1.292594,1.212871,0.862699,5,thermal_runaway
-0.395623,-2.882654,7.711268,4.781807,-0.310095,-1.044222,0.076094,0.47065,1,bearing_degradation
0.327615,0.84363,0.610373,2.036995,0.731596,1.880527,-0.553013,-0.578854,8,sensor_drift
3.767012,0.826624,0.975296,-0.940148,0.382991,-0.250542,-0.302716,1.527988,4,misalignment
-0.035438,0.34577,-0.46975,-0.503106,8.104779,2.543561,-0.271091,1.068676,6,thermal_cycling
-1.920321,-0.015193,-0.801774,1.18143,0.971111,-2.28293,0.801499,0.3893,7,electrical_fault
-1.241897,-0.839303,-0.939935,-0.825026,0.536978,-1.106509,-0.331206,1.142747,5,thermal_runaway
-0.334855,-0.300284,-0.28122,1.074371,-0.551821,0.595066,-1.141176,0.330045,9,intermittent_contact
-0.863455,0.421031,0.454214,0.588733,-0.661184,0.638057,-1.094486,0.247241,7,electrical_fault
0.263719,-0.302999,1.45808,-0.546259,2.599028,0.503624,-0.145506,-0.292958,2,shaft_imbalance
0.290986,1.736781,-0.772244,-0.085247,0.909083,1.260524,-0.648913,-0.155793,9,intermittent_contact
2.838557,0.74268,-1.237969,1.188684,0.742123,0.026828,-0.021583,0.373993,4,misalignment
-0.107666,-1.084727,-0.456861,-0.591553,-0.202244,-0.194259,0.488099,0.031244,9,intermittent_contact
-0.727219,-0.475041,-0.829073,1.625933,-2.299765,2.268606,-0.865606,-1.721171,8,sensor_drift
-0.679916,1.315535,2.119315,-0.255744,-1.227188,0.672518,-0.812269,0.295317,12,leakage
3.993046,0.310124,-0.057905,-0.900239,-0.687744,-0.156857,-0.251206,0.122683,3,gear_tooth_crack
-0.172119,-1.566323,-0.49882,0.550344,-1.475519,1.417524,0.477381,0.354931,5,thermal_runaway
4.692007,2.078553,-5.367024,0.441721,-0.87584,-0.486422,0.001047,0.121224,1,bearing_degradation
0.556975,-1.578073,0.021339,-0.420401,0.907945,-0.683505,-1.279031,-0.807564,10,cavitation
2.437765,0.414438,-1.288179,-0.114361,-0.724837,0.65786,-0.359087,-0.098532,4,misalignment
0.054446,3.177609,0.04507,0.254047,0.209424,-0.184899,0.837205,-1.283219,11,blockage
0.021468,0.964303,-1.413326,-1.020258,-1.224742,0.853118,-0.100914,-0.916377,9,intermittent_contact
-0.58019,-1.141254,0.744196,1.137191,0.88859,-0.994226,0.124329,-0.017921,12,leakage
-3.328302,0.806061,-2.684164,0.442889,-0.523447,-0.346436,1.711423,-1.004235,1,bearing_degradation
-0.37235,1.29167,-0.234813,-1.047399,-1.167722,-1.801186,0.360981,0.835696,4,misalignment
1.604697,-0.867798,0.437453,-1.48986,-0.068488,-0.810116,-0.213881,1.829924,2,shaft_imbalance
4.351709,-1.462829,-0.922312,-0.142404,-2.163455,-0.561324,-1.049513,-0.163895,10,cavitation
-1.467228,-1.540471,1.047459,0.941279,-0.584259,1.36618,0.616764,0.203254,9,intermittent_contact
-1.839802,-0.441217,-1.114585,0.55121,-1.002126,-0.312303,-0.765326,1.328929,12,leakage
-0.094462,-1.951811,-1.193857,0.931814,-0.685605,-0.088487,1.924891,0.631816,7,electrical_fault
-0.001467,0.383562,-0.168451,-1.742298,-0.215927,-0.375327,-1.039045,-0.567394,3,gear_tooth_crack
0.692726,-1.779424,0.706732,-0.177541,-1.437158,0.094979,-1.518288,0.611029,7,electrical_fault
0.133762,1.956747,-1.237765,-0.115232,-0.448397,1.051893,1.191246,0.162327,5,thermal_runaway
1.492685,-0.827139,-1.268757,-0.586491,0.744247,1.829985,0.606008,0.911812,8,sensor_drift
-0.955566,-1.106112,1.891624,0.860628,0.0,0.606245,-0.467733,-0.172397,9,intermittent_contact
-0.552925,0.677972,1.73907,-0.344548,0.544327,2.517828,-0.711542,-1.343002,6,thermal_cycling
-0.770519,1.956928,-0.336293,-0.956794,12.000322,0.119085,0.883344,0.621085,6,thermal_cycling
0.876166,3.131074,-0.308967,-0.042442,1.151887,0.109862,-0.442559,-0.501686,11,blockage
-1.182991,-0.166631,-0.659831,0.024215,0.735401,0.969201,1.960859,0.795919,8,sensor_drift
1.873564,1.422011,0.460826,-0.405342,2.143466,2.201257,0.872697,-1.097917,3,gear_tooth_crack
0.186833,0.678189,-1.029021,0.411373,-0.660643,0.498676,0.35283,-0.070065,8,sensor_drift
0.535908,-0.110875,-0.866123,-0.263159,-0.79151,0.295891,2.684377,0.550864,2,shaft_imbalance
0.162279,4.918234,0.395981,0.263489,-0.700718,-0.341041,-0.980819,0.943247,11,blockage
-1.560995,-0.557208,-1.749044,-0.605412,0.071892,0.767078,-2.118562,0.550552,5,thermal_runaway
0.486176,1.361118,0.694216,0.676086,0.582918,-1.716762,0.080526,0.269718,12,leakage
-1.276939,-0.012762,0.136075,0.416526,1.274043,1.839159,0.037416,1.121986,5,thermal_runaway
1.525327,-0.240592,-1.103524,0.230158,2.346972,1.338053,-0.006098,1.562246,9,intermittent_contact
-1.321637,2.586983,0.651436,0.051881,0.117835,-1.071925,0.86839,-0.555166,6,thermal_cycling
1.033673,0.930209,-1.185021,-0.205811,0.302175,0.443052,0.115876,1.429186,5,thermal_runaway
-1.659888,0.308799,-0.887464,-1.159839,-0.44191,-0.183298,-0.644208,0.588703,0,normal
2.086354,4.64792,-0.555951,2.00548,1.321549,-0.16738,0.390165,1.06993,11,blockage
-0.508488,-0.310757,-1.467183,1.488941,-0.439188,-0.240524,2.528506,0.922937,12,leakage
-0.583702,-0.490115,-1.181718,2.151653,1.502093,0.277164,-0.033657,1.826531,9,intermittent_contact
0.327623,-0.821013,0.452967,-1.22028,-1.614767,-0.93596,0.398859,0.858952,10,cavitation
-1.507104,-1.091261,-1.441461,-0.899594,-0.722722,3.242367,0.764416,1.839949,8,sensor_drift
-1.341996,-1.940339,-0.461593,0.573519,-0.706806,-0.447237,1.024335,-1.764259,7,electrical_fault
-0.154303,-0.632644,0.786552,-1.67216,0.337586,-0.365618,1.026807,-0.646777,7,electrical_fault
0.237545,0.707053,0.546689,1.408716,0.454643,0.82361,0.167283,-0.947444,7,electrical_fault
-0.014699,-1.319543,0.831482,-2.016983,0.526628,0.940306,0.610029,-0.464112,6,thermal_cycling
2.929144,-1.876956,1.265852,-2.317873,-2.363636,0.772623,-0.564576,-1.077877,10,cavitation
-0.431956,-1.167448,-0.047724,1.263977,-0.763525,0.083208,-1.854489,-0.46884,8,sensor_drift
0.22541,-1.291051,0.217542,-0.062837,1.540599,-0.847557,-1.326888,-0.413163,8,sensor_drift
0.100674,4.313428,-0.931279,0.151813,-0.372414,0.723892,0.254105,1.575099,11,blockage
-0.046021,-0.342401,-0.203778,1.210755,0.457276,-1.212043,-1.204543,-1.232295,7,electrical_fault
0.65335,0.367858,1.049438,-1.870304,0.276975,0.428218,1.018649,-1.155682,7,electrical_fault
-1.892287,-0.72472,0.389806,0.75594,-0.45821,1.15508,0.454459,0.845805,2,shaft_imbalance
-0.083478,-0.699809,-1.110214,-0.655013,0.123519,-0.706545,-1.986144,0.115633,7,electrical_fault
3.21123,1.023468,-2.380632,-1.463636,0.767385,-0.559239,1.199206,-0.850692,4,misalignment
0.277945,-0.525963,-0.971892,-0.405837,0.192581,0.895506,0.284195,0.454117,9,intermittent_contact
-0.803538,0.819936,-1.842602,-0.407995,0.215353,1.107848,-0.555506,1.124037,12,leakage
2.680613,1.167132,-3.172819,-6.196246,-0.552185,1.531631,-0.173371,0.905867,4,misalignment
2.467318,8.995837,1.715207,0.352671,-0.137763,1.202624,-0.800442,-0.241199,11,blockage
0.57186,-0.858169,3.135047,-1.382134,0.619723,-0.796499,1.78107,-0.530928,9,intermittent_contact
-0.783079,9.266283,-0.370104,-0.83159,-0.646838,2.154137,-0.460762,0.259448,11,blockage
-1.269413,5.078626,1.559927,-0.051584,-1.808585,0.958861,-0.482686,0.292218,11,blockage
-0.694465,-1.616959,-0.53352,0.889127,-0.542004,-0.694043,-1.82135,1.752648,0,normal
-1.030765,0.009322,0.270167,-0.88582,0.988723,0.271064,0.851899,-0.328136,3,gear_tooth_crack
-0.856699,4.553075,1.639555,0.552162,-0.605888,2.210686,0.187881,2.826331,11,blockage
0.681032,0.420547,1.0159,0.203098,-1.644666,-0.378121,-1.804402,0.657365,3,gear_tooth_crack
1.057112,-1.214296,-0.755564,-0.875412,16.241124,0.42834,-0.371492,0.216399,6,thermal_cycling
1.653113,-0.57777,0.871509,-0.38171,0.877051,-0.366074,1.04596,-0.448871,10,cavitation
0.145938,-0.017038,0.283069,1.084515,-1.76522,0.973819,0.008282,-0.203782,0,normal
2.304381,1.569431,1.36722,-1.036546,0.690331,1.004456,1.019038,0.915999,2,shaft_imbalance
0.749137,4.288557,-1.558401,-0.299152,-1.270666,0.195071,0.253003,0.173964,11,blockage
1.023335,-0.434274,0.51573,-1.554789,0.182137,0.654932,1.821417,1.557585,8,sensor_drift
-0.533682,0.066547,2.066502,0.277562,1.048457,-1.041587,-0.68883,-0.681422,2,shaft_imbalance
0.740582,0.339249,0.164084,0.529833,0.544146,1.049412,1.054038,0.741095,5,thermal_runaway
3.574893,3.957638,4.174674,-0.407363,0.119708,-0.679207,-0.452552,-2.047104,4,misalignment
0.495273,0.14563,0.39323,-0.861982,0.85721,-1.112044,0.835377,1.186143,0,normal
0.585646,0.063096,0.970401,-0.86599,0.537092,-0.987915,-0.107839,0.680874,6,thermal_cycling
-1.231267,-1.238759,-0.493717,0.012537,-0.733047,-1.680609,0.927836,0.761172,12,leakage
-0.663272,0.114521,-1.791556,0.135582,-0.449344,-0.782841,-1.358767,-1.030318,12,leakage
0.374052,-0.80111,1.095447,-0.737763,-0.459017,-0.66441,1.229882,-2.085577,7,electrical_fault
0.935316,0.08142,0.266816,0.465771,2.153468,0.095695,-1.187527,0.180335,1,bearing_degradation
2.218657,1.235146,0.092019,-0.203523,-2.860439,1.068694,0.786605,-0.543828,2,shaft_imbalance
-0.830058,0.230145,-0.03347,0.514779,-0.175443,1.397419,0.772111,0.077577,3,gear_tooth_crack
1.679773,1.069535,-0.387796,-1.760568,-2.45628,2.004704,-0.173661,0.762982,7,electrical_fault
1.2788,-1.355339,-0.806191,0.274571,2.028359,2.400338,-1.807747,-0.033075,6,thermal_cycling
4.853737,1.144145,0.275267,-2.271136,-0.487385,-0.594804,1.236903,0.781018,3,gear_tooth_crack
-0.088316,0.292981,1.421343,1.837043,-0.667537,-0.106018,-0.645539,-1.20562,4,misalignment
2.24097,1.477726,-0.05604,3.073524,-0.566893,1.34866,-0.733835,1.110179,5,thermal_runaway
-1.743675,1.246508,-0.66973,-1.046372,0.314908,0.115388,0.821615,-0.530265,12,leakage
-1.648828,-3.263303,-0.77924,-0.058527,-0.318655,0.114351,0.15525,0.285747,4,misalignment
0.005102,0.710591,0.473329,-1.138864,-0.095532,-0.58361,0.399059,-1.321394,2,shaft_imbalance
-0.143326,0.189595,-0.216985,-0.549503,0.521585,0.512522,0.922543,-0.003398,9,intermittent_contact
0.141387,-0.760422,-0.730236,-1.038989,0.948297,1.189722,0.025935,-0.536658,5,thermal_runaway
0.867029,0.328261,1.497569,-0.394385,-0.962903,0.638804,-0.833682,-0.310195,7,electrical_fault
0.449819,-0.293877,0.045663,1.880252,1.500521,-0.024792,-1.527394,2.084756,4,misalignment
-1.192713,3.534394,-7.002177,-0.908316,-1.442467,1.087087,-0.104411,1.158801,1,bearing_degradation
0.204741,-1.389436,0.557497,-1.082806,3.43344,-0.653032,-2.365699,0.996161,6,thermal_cycling
-0.953145,0.782502,0.37465,-0.300118,0.143931,0.574753,0.061147,0.141175,12,leakage
-0.626182,0.787425,-0.319706,-1.749204,-0.339706,0.287863,0.178245,-0.179087,12,leakage
-1.645516,6.427301,-0.728951,1.525543,1.749762,0.423152,-0.578825,1.72117,11,blockage
-0.177365,-1.20319,1.842822,0.831083,-1.052586,0.369474,-1.482562,-0.136483,9,intermittent_contact
-2.213449,-1.434947,0.608265,-1.623949,-0.618558,-0.081357,0.44802,0.184681,9,intermittent_contact
2.33411,1.496997,0.662066,0.861743,-2.452825,0.734817,-0.713095,-0.714607,4,misalignment
-1.622752,1.223819,-1.284211,-0.041246,1.116737,2.203151,-0.295136,-0.290576,8,sensor_drift
-1.860987,1.401904,0.106408,0.310412,-1.089987,6.076346,1.503061,0.066923,8,sensor_drift
1.590171,0.031035,1.432755,1.267277,0.696762,1.823787,-0.594573,1.828304,8,sensor_drift
-0.763957,1.201734,-0.253916,-0.15699,0.911604,0.41466,0.795863,1.146657,12,leakage
-0.532664,-0.38154,3.474085,2.28799,0.507979,-1.115958,0.163033,0.319196,4,misalignment
7.310847,0.332907,-0.118296,-0.461837,1.222525,0.727736,-0.869993,0.738541,3,gear_tooth_crack
-1.658823,-2.194994,-2.40398,-0.619239,-0.04321,0.868177,0.902367,0.630612,1,bearing_degradation
-1.127367,-1.238923,0.97203,0.668841,-0.822798,0.888402,0.309313,-0.323794,7,electrical_fault
0.23317,-0.428552,1.353274,-0.349201,-1.266779,1.152282,0.089643,1.393777,12,leakage
-0.320243,-0.077592,0.619756,0.106473,0.614727,-0.401841,0.374223,0.078967,5,thermal_runaway
-0.633254,0.561541,0.136774,-0.44829,-1.050172,0.267774,-1.212719,0.427481,0,normal
-0.983384,-1.595146,1.427589,1.257737,-0.152353,1.7322,-0.118681,0.734876,10,cavitation
-0.111458,-0.084569,0.485193,-1.807734,2.709623,0.722643,0.99153,0.357228,6,thermal_cycling
-0.415012,-1.713072,-1.042845,1.003885,-1.688984,0.294844,-0.50722,-0.700035,7,electrical_fault
-0.54588,0.457503,1.697919,-0.232051,1.972881,-1.048393,1.231743,0.430692,8,sensor_drift
-0.29751,1.001005,1.444736,0.774518,-0.278621,-2.090926,-0.174355,-1.836191,7,electrical_fault
-1.077241,0.22328,3.423299,-0.201473,1.654104,-2.585282,-0.27047,0.954788,9,intermittent_contact
-0.12701,-1.052434,-0.21868,-1.257905,-1.806068,-1.319251,-0.553508,0.586545,9,intermittent_contact
-0.325585,-0.53349,1.255719,1.024982,1.734583,2.257085,0.059487,-1.157168,7,electrical_fault
-1.040566,-1.074158,-0.543549,-0.86463,1.230408,1.449631,0.111271,0.528314,8,sensor_drift
-0.629778,1.316604,-0.193041,0.840597,1.279386,-2.851225,0.391666,0.314901,10,cavitation
0.775808,-0.273053,-0.346376,1.162148,0.855988,-1.01205,0.71889,-0.545987,12,leakage
0.956179,-0.714666,2.262257,-1.614574,-0.346264,-0.905674,0.547892,-0.206918,10,cavitation
-0.356962,2.478657,-0.263197,1.012444,-1.30572,0.123274,-0.674528,1.980012,12,leakage
0.486294,-0.775219,0.048312,-0.606355,-1.100641,1.233966,-0.173397,0.103063,8,sensor_drift
-0.023687,2.387179,-0.981948,0.406369,0.220794,0.559896,-0.213292,1.441456,9,intermittent_contact
-0.421994,-0.054252,0.494642,-0.178946,2.62639,-0.517418,1.002511,0.761937,2,shaft_imbalance
3.739187,0.778087,0.739881,0.013132,0.254579,0.914399,0.743327,1.831741,5,thermal_runaway
0.102147,2.259092,-1.194055,0.021271,0.0,1.092462,0.00122,1.175582,9,intermittent_contact
0.911433,0.212298,0.52313,-0.445593,-1.384406,-1.185787,-0.272189,-1.272403,2,shaft_imbalance
0.750054,2.371877,-1.803818,0.779427,0.135106,0.244086,-1.16357,0.394808,7,electrical_fault
-0.925852,-0.077697,0.501248,0.975391,0.570224,0.090549,-0.079484,0.548793,9,intermittent_contact
0.546384,1.446224,-1.061646,-0.484437,-0.10515,0.699857,0.033115,-0.127166,9,intermittent_contact
-1.103952,0.448802,-0.060101,-1.24425,-0.088474,-0.151439,-0.062414,0.49159,7,electrical_fault
-0.285132,-0.148659,-0.697546,-0.37068,-0.241886,-0.464203,2.18053,0.911871,2,shaft_imbalance
0.042741,-1.841421,-0.129875,-0.279118,2.196681,-0.407514,0.511974,-0.885831,6,thermal_cycling
-1.35839,-1.176006,0.546058,0.271995,1.13695,-1.737196,-1.516913,0.455722,7,electrical_fault
-0.556854,-1.219756,1.448288,-0.734933,-1.127871,0.654729,-0.050075,-0.500126,8,sensor_drift
-0.490462,0.395143,-2.749435,-0.038929,-0.313042,-0.818498,1.08145,-0.326244,0,normal
0.322797,-1.150085,0.711977,-1.181479,-0.566295,-0.624603,1.325147,0.33029,0,normal
-1.023497,0.179276,0.219997,1.359188,0.835111,0.356871,1.463303,-1.188763,0,normal
-1.065641,0.779121,-0.164128,-0.950041,0.508979,-0.650303,0.033428,-0.486627,2,shaft_imbalance
-1.39464,-0.254442,1.150368,-1.493707,-0.240468,-0.530819,0.363363,0.393094,9,intermittent_contact
2.356499,-0.978612,-0.218574,0.500558,-0.105264,0.16637,0.356722,-0.976528,10,cavitation
1.047315,-1.397686,-0.662701,1.922946,1.127355,0.097604,-0.94053,-0.529272,0,normal
0.284372,5.168134,0.082894,-0.017681,-0.65028,0.549665,1.397289,2.694974,11,blockage
0.400544,-1.780654,-2.250746,-1.501424,1.745771,-1.148155,0.73231,-0.641908,3,gear_tooth_crack
0.305904,0.428651,-0.313133,-1.132006,1.250965,1.038605,-1.987377,1.339583,3,gear_tooth_crack
1.06647,0.331497,1.050508,-0.893963,0.727645,0.744414,-1.630975,1.099515,9,intermittent_contact
0.495912,5.059373,0.538799,0.441631,1.682306,0.220272,0.645417,1.412777,11,blockage
-1.555839,1.664776,-0.090319,-0.64741,-0.273992,-1.477308,1.423095,-0.393053,0,normal
0.950397,-0.314145,0.1194,-0.974235,0.002689,1.437619,0.150392,-1.079132,4,misalignment
-0.173022,-0.520013,0.563382,-0.261113,0.481028,1.436138,-2.443585,1.002128,12,leakage
0.203383,0.412854,-1.635955,0.325416,-0.693464,1.683583,1.004026,0.221155,11,blockage
-0.253636,-0.517601,1.664582,0.302352,-1.740214,4.581358,-0.039954,1.194475,8,sensor_drift
-0.461648,0.585629,0.518596,-1.688815,1.466119,3.673342,0.156952,1.057433,8,sensor_drift
-4.457072,0.788246,0.254305,-0.683804,0.247103,1.129482,-0.321536,-1.057655,1,bearing_degradation
-0.098642,0.482829,0.231595,0.692613,0.741291,2.198087,-1.128736,0.234722,9,intermittent_contact
0.162032,-0.969991,-0.881187,1.37957,-1.861944,1.504757,-0.787635,1.92339,5,thermal_runaway
1.189264,-0.748791,2.502233,-0.725316,1.720505,-0.184474,1.580747,-0.734869,2,shaft_imbalance
0.813114,0.851153,1.575973,-0.010462,0.331521,-2.638728,1.115823,1.019586,5,thermal_runaway
-0.183568,0.061145,-0.188931,0.122805,1.462861,1.4734,-0.084109,0.982885,12,leakage
-0.736264,1.521635,-0.002958,1.576771,11.635548,0.257638,0.405687,-0.179936,6,thermal_cycling
-0.081588,-1.705652,-1.615658,0.482067,-0.522719,-2.564744,0.784844,0.27237,0,normal
0.408428,-1.18468,0.812416,2.172428,-1.262834,0.354209,-0.78531,2.689606,3,gear_tooth_crack
4.856881,3.862136,1.403516,-1.49612,1.706338,0.255104,-0.784122,-0.615938,4,misalignment
0.436084,0.573106,0.049077,0.618828,2.139993,0.218679,0.024007,0.198075,7,electrical_fault
-2.11527,-1.545145,1.374741,1.857285,0.753941,-0.058153,-1.39298,-0.161132,5,thermal_runaway
1.376876,0.816309,0.18591,0.917432,0.244572,0.107856,-0.598859,-0.360915,8,sensor_drift
0.667839,0.44465,1.365024,0.40331,0.334122,2.77612,-0.247423,1.098028,4,misalignment
1.634517,-2.784962,0.735837,-0.553041,-0.410341,1.692315,-0.714131,-0.680069,1,bearing_degradation
0.96335,-2.248374,1.355188,-1.61959,-1.901754,-0.440989,0.44183,0.678276,10,cavitation
0.422854,0.408548,-1.375444,0.970158,1.563407,0.819707,-0.632097,-1.356742,11,blockage
-0.045653,3.896748,-1.876985,2.404412,0.003038,-1.116775,0.313619,-0.908849,11,blockage
-0.554841,-1.250257,-0.210481,0.449787,-0.895905,-0.16245,1.406504,-1.419531,5,thermal_runaway
0.120076,1.267541,0.995773,-1.155261,-0.79765,-0.938684,-2.581609,-0.167641,7,electrical_fault
0.970498,-0.99569,0.493268,-0.107534,0.55433,0.230672,1.196339,0.0754,0,normal
-1.530481,1.182853,0.356077,0.092877,-0.873954,-0.074965,-1.156357,-0.027258,9,intermittent_contact
-0.371791,1.459134,1.294701,0.934066,-7.032112,-1.258455,1.120508,0.31789,6,thermal_cycling
-0.701174,-1.496799,-0.837807,-0.619754,-0.235337,0.337329,0.542293,-0.409068,7,electrical_fault
-0.205357,-1.536729,-0.528168,1.566617,-0.632703,2.462301,-0.052053,0.911691,8,sensor_drift
1.356034,-0.93668,0.962045,1.018749,-0.650917,1.055964,0.463041,-1.698012,5,thermal_runaway
0.131699,1.790518,1.228287,-1.76316,-1.442634,1.358227,0.267077,-2.024667,11,blockage
-0.948729,-1.040395,-0.256333,0.241461,0.089868,-0.922266,-0.932687,-0.081547,7,electrical_fault
2.184001,-1.330251,0.540772,-3.029372,-0.471,-0.672316,1.469724,-0.585814,1,bearing_degradation
0.124333,0.633819,-0.914403,0.238663,0.24924,-0.231518,-2.673917,0.171762,12,leakage
0.047137,1.804973,-1.792587,-0.284443,1.288117,-0.241771,-0.171342,-0.833259,2,shaft_imbalance
0.336583,0.424966,-1.936967,0.666573,-0.982019,-1.442299,-0.058411,0.083981,0,normal
0.514215,-1.057686,1.851676,1.128035,1.208311,-0.096726,0.966292,-0.109258,4,misalignment
-0.48973,9.594064,-1.256637,-0.095505,0.346109,-1.19021,0.754892,-0.171344,11,blockage
-0.957945,6.086879,-2.185576,-1.010847,1.814641,1.009267,0.28286,0.461859,11,blockage
0.922028,-1.69742,-0.605977,0.494819,1.973191,2.961115,-1.141442,0.341402,8,sensor_drift
0.880708,4.444474,-1.160785,-0.035882,-0.784021,1.086261,-0.562071,-0.159857,11,blockage
0.191534,0.59437,-1.726065,-0.099084,-0.096801,-1.296626,-0.333006,-0.311846,2,shaft_imbalance
1.812474,-0.958929,-3.545429,-2.462759,-1.028302,-0.655692,0.187174,-1.079794,2,shaft_imbalance
1.477225,-1.426418,-1.369001,0.955475,-0.014123,1.171263,-0.807285,0.051191,5,thermal_runaway
-3.084109,0.273726,-2.943558,1.363632,0.920678,1.397549,-0.190305,0.867135,10,cavitation
-0.710976,0.401693,2.334642,0.79155,0.0,-0.951123,-0.175421,-0.565358,9,intermittent_contact
2.34608,1.569992,0.617596,-0.377782,-1.33716,1.425573,0.828695,0.563756,4,misalignment
-0.271151,5.584645,-1.413749,-0.180654,-0.860271,-0.635864,1.07473,-0.531197,11,blockage
2.036397,0.513765,-2.358316,-0.422457,-4.192442,1.713238,-0.409248,-2.646911,6,thermal_cycling
0.36643,0.071277,-1.960534,-0.640354,-0.706877,0.559294,2.598383,0.133965,7,electrical_fault
0.620759,-0.33474,0.818824,-0.492105,-0.725903,0.809623,0.432632,0.629559,12,leakage
-0.350697,-1.399626,-0.307828,-0.347855,0.044013,-0.24789,0.165409,-0.048607,7,electrical_fault
-1.039923,-0.064376,0.678812,-1.471717,-0.677467,0.374473,-1.364432,1.092605,10,cavitation
-0.676596,1.271577,0.814688,-0.445134,12.767684,0.600669,1.074703,-1.518668,6,thermal_cycling
-2.04145,0.036578,-2.014498,-1.659114,0.641433,0.008932,0.383013,-0.816848,1,bearing_degradation
-1.571098,0.770699,1.267624,-0.857176,-0.008934,-1.725354,-1.258806,1.04803,0,normal
-0.189572,3.421858,0.472348,-0.494852,-0.199086,1.289198,0.883132,-0.342937,11,blockage
-0.932593,0.333324,-0.793016,-0.954338,3.193132,1.939851,0.143945,0.851016,7,electrical_fault
0.251647,0.401502,1.12564,0.987739,-0.187399,-0.992533,0.065772,0.170339,1,bearing_degradation
-1.383734,-0.296034,-1.483628,0.05626,-1.121747,-0.612849,-0.019416,-0.815846,6,thermal_cycling
1.184163,-0.604547,0.235589,-0.659343,-1.312082,-0.588774,1.326185,0.840745,2,shaft_imbalance
-1.413026,1.511203,-0.807902,1.285707,1.042227,0.962229,0.046437,-1.194654,10,cavitation
0.002995,1.943928,1.483901,-0.733175,-0.141027,-0.693643,-0.255015,0.859492,12,leakage
-0.37379,0.226149,1.310283,0.71734,-0.281167,-0.54283,-0.55287,2.153622,5,thermal_runaway
-0.487741,-3.491129,1.758471,4.778676,-2.01984,-0.53713,0.108313,-0.235927,10,cavitation
-1.976864,-1.695826,-3.604924,-1.923808,1.07502,-0.835119,0.315708,-0.258311,10,cavitation
-0.369582,-0.278595,1.70354,-0.160996,-0.673449,-0.648386,2.072989,-0.118168,11,blockage
1.267336,1.935161,1.035987,1.271242,-0.157221,0.987518,0.220039,1.932953,4,misalignment
-0.322457,1.087979,-0.703823,-0.75671,1.328032,-0.626008,-1.5679,-1.039941,5,thermal_runaway
-0.380477,-0.074389,-1.116002,-0.211688,-0.290696,-0.788218,-1.741193,-1.276936,5,thermal_runaway
-0.070716,0.044658,0.758353,0.131798,-1.293505,-0.812974,0.23512,1.215482,0,normal
-0.478872,-0.650976,2.06801,-1.330703,-4.947625,-0.59092,-0.750504,-1.463855,6,thermal_cycling
0.419465,1.257779,1.140253,0.011716,-2.383389,0.516703,-2.219474,1.469937,0,normal
1.394051,-0.092797,1.006081,-0.105923,0.507633,0.403629,1.24073,0.721412,2,shaft_imbalance
0.788375,6.450951,-1.153277,-0.722605,-0.280271,-0.504121,-1.373205,2.5509,11,blockage
-1.442798,5.933115,0.150827,0.969831,-0.426101,0.956968,0.89409,-0.770787,11,blockage
1.784155,1.619012,0.508113,1.04276,-0.352566,0.882528,0.571074,0.735147,5,thermal_runaway
0.800388,-2.26335,0.382656,-1.986503,-0.611085,0.678868,-0.136026,1.256613,7,electrical_fault
-0.171565,-1.559383,0.967299,1.516793,-0.796911,0.301971,-0.725392,-0.628485,0,normal
0.191857,-1.073498,-0.013383,0.318926,-0.970127,4.962249,-1.544222,0.537557,8,sensor_drift
0.001524,-0.748585,0.156187,-0.497464,-1.706809,1.221281,-0.687446,-0.69577,6,thermal_cycling
-0.758662,2.011457,1.02462,0.61513,-0.119877,-1.479786,-1.148054,-0.774774,11,blockage
-0.45573,0.891145,-0.894765,-1.246024,-0.190568,-0.884964,0.783984,-0.584432,7,electrical_fault
0.047339,-0.369079,2.959458,-0.530708,17.780963,1.292246,1.287427,1.095988,6,thermal_cycling
0.068187,-1.574473,-0.976784,0.259829,8.762473,-1.916194,1.718865,-0.049147,6,thermal_cycling
-0.794146,1.13208,0.540512,-0.86119,-0.217285,1.471835,1.351709,-1.314396,3,gear_tooth_crack
-1.480316,-0.471543,-2.43174,0.833019,1.154047,0.078948,1.831459,1.347387,5,thermal_runaway
1.28709,-0.461333,-0.572288,2.003409,-1.066539,-0.037368,1.011671,-1.54346,12,leakage
1.602126,1.594874,0.236201,-0.344634,-5.08743,0.316759,0.491715,-0.201004,6,thermal_cycling
2.339818,-0.440153,-1.753462,-0.633509,-1.371584,-0.40314,1.128446,-0.211112,4,misalignment
0.978433,1.209458,-2.4372,-0.855852,-0.837665,0.313625,0.181005,0.047328,4,misalignment
1.408215,-0.477938,0.966581,-0.197179,0.58971,-0.801352,0.725972,-0.095338,6,thermal_cycling
1.486533,1.903907,0.042431,-0.352328,0.487584,-0.23822,-1.740437,0.8193,5,thermal_runaway
0.623991,-1.681706,1.071584,-0.826413,-0.44351,0.340435,-0.075406,0.48693,3,gear_tooth_crack
5.203231,-2.042834,-3.252688,-0.08147,-1.633282,-0.164861,-0.051177,0.740037,10,cavitation
-0.375045,0.747423,-0.430695,0.573479,0.618612,1.752822,0.449434,0.217696,10,cavitation
-2.29507,-1.726183,-0.131562,-0.163563,-0.246314,1.767295,0.400836,0.218827,2,shaft_imbalance
0.284629,-2.658709,-1.715048,-0.741685,0.510169,-1.719458,-0.497672,-1.722765,4,misalignment
-0.332899,-0.280082,-0.176137,-0.337074,0.012762,0.480472,0.097759,1.638066,2,shaft_imbalance
1.318395,0.280306,1.245865,-1.000707,0.249608,-0.869226,-0.439628,0.04163,12,leakage
-1.197967,0.097519,0.010635,0.756595,1.242122,1.391018,0.537229,-0.000793,7,electrical_fault
0.401472,6.459162,-0.657407,-0.995078,1.961027,0.979102,0.654029,-0.182647,11,blockage
-0.550934,-2.190095,0.134258,0.622413,-0.482389,-0.356883,-0.16193,0.222628,10,cavitation
-0.87203,-0.799431,1.012751,-0.552947,-0.435914,-0.250091,-0.18942,0.684936,7,electrical_fault
0.413238,0.676194,0.681956,1.552137,-1.285616,0.324462,-0.102379,-0.300879,7,electrical_fault
1.200462,0.353293,-0.090598,1.735624,0.015404,0.940355,1.958281,0.835268,3,gear_tooth_crack
-0.685804,0.88524,-0.995028,0.883442,0.101367,-1.648277,1.364476,0.310254,3,gear_tooth_crack
1.796641,-0.780816,0.095333,-0.986413,-2.01292,-0.785017,-0.570363,-0.510928,7,electrical_fault
-0.03222,4.937486,-0.640973,0.439677,0.392505,0.658254,1.832638,-1.789849,11,blockage
-0.8711,1.523454,0.87584,-1.261607,-0.442348,0.406003,-0.626451,-0.808695,3,gear_tooth_crack
0.660516,-0.961387,0.575444,-1.045877,2.966099,0.95615,0.489174,0.031421,6,thermal_cycling
1.273523,-1.749431,-0.963924,-1.031632,14.871407,1.173128,0.503122,-1.094647,6,thermal_cycling
0.453737,-1.957965,0.918845,-1.141411,0.337964,-0.256734,-0.430625,0.7643,2,shaft_imbalance
-0.240749,1.962578,0.789286,1.272848,-1.316813,-0.963228,0.047554,1.230361,11,blockage
1.386121,0.020354,0.695997,0.597666,-0.824275,0.367203,1.928333,0.251612,2,shaft_imbalance
1.43345,4.165803,3.623205,0.755166,-0.400104,-0.192319,3.047404,-0.400419,11,blockage
-0.251706,-1.47907,-0.073487,1.54927,-0.853038,0.897435,-3.464363,-0.802345,5,thermal_runaway
0.452327,0.986876,0.130933,-1.511751,0.762828,0.449314,1.197316,-1.223018,5,thermal_runaway
0.374537,-1.025243,0.628375,-0.028314,-0.352989,-0.785238,0.579332,0.512001,9,intermittent_contact
-0.248121,-1.139124,0.358301,1.573178,-1.421288,3.283964,-0.420438,-0.535911,8,sensor_drift
0.199835,-0.885636,0.102562,-1.075833,1.195335,3.500684,-0.571891,0.813178,8,sensor_drift
4.929381,2.988425,1.05353,0.061856,0.891898,-1.470216,0.736056,-0.020496,1,bearing_degradation
0.690399,-0.686917,0.751712,-1.5802,-0.685004,1.741064,-0.427825,1.287811,11,blockage
-1.176537,-0.80559,-0.758655,0.269324,-0.611811,3.512603,-0.849501,-0.475222,8,sensor_drift
-0.550778,1.700482,0.883848,0.238692,0.968843,0.14608,2.027504,-0.841854,8,sensor_drift
-0.364817,-0.990983,-2.162414,-2.434662,0.857779,0.259757,0.140265,-0.693991,2,shaft_imbalance
-1.368334,-0.189556,-0.819754,0.11135,-0.388633,1.477394,0.506583,-1.311803,0,normal
-0.541869,1.470397,-1.467352,0.656577,1.219438,-0.551983,0.997022,0.841393,12,leakage
-1.400364,-0.789263,-1.027638,-0.562664,0.727242,-1.381238,0.883034,-1.269735,12,leakage
-0.954792,0.973894,0.698566,0.101926,-0.762323,-0.859206,-0.537663,0.542594,0,normal
-0.089801,-2.794196,0.281444,0.132652,-2.748309,1.659527,0.005055,-0.395494,4,misalignment
-0.048437,0.593011,-0.056899,0.357726,0.105887,0.133569,-1.654843,-0.899907,2,shaft_imbalance
0.711508,-1.736334,0.702241,-0.819133,0.453622,-1.454647,0.269982,-0.353554,9,intermittent_contact
0.451834,0.924706,1.120562,0.172309,-1.13716,2.417629,-1.151868,-1.074886,8,sensor_drift
0.347823,-0.782985,-0.068693,-1.314504,-0.395399,0.960818,0.980807,0.768702,7,electrical_fault
-1.515165,-5.889539,-2.185795,4.201113,0.11555,0.189836,1.441077,-0.437795,1,bearing_degradation
0.409435,-2.214992,0.31186,-2.020024,0.312665,-0.931612,1.325018,0.136443,9,intermittent_contact
-0.443514,-0.37623,-1.453096,1.622199,-0.521101,1.575036,-0.431243,-0.927745,3,gear_tooth_crack
0.614322,0.376206,0.27355,-1.130771,-2.270347,2.076181,0.308512,-0.584073,2,shaft_imbalance
-0.190544,-0.685945,1.326513,0.206997,0.024517,0.676276,0.880088,0.54987,3,gear_tooth_crack
-1.422306,1.399346,-0.836343,-0.417298,-0.118806,-0.273175,-0.692171,0.126739,10,cavitation
-0.233223,4.978593,0.249121,-2.079669,0.151778,-0.869809,0.592274,1.151323,11,blockage
-0.252453,-0.997158,0.082666,-0.083245,-0.202321,-0.05924,0.0608,0.887883,9,intermittent_contact
0.754696,1.232304,1.280423,-1.516033,1.001295,0.112208,1.899552,3.385919,12,leakage
0.05276,-1.05086,-1.002929,-1.360765,-0.985857,0.083101,-0.302484,-0.269871,5,thermal_runaway
-0.081341,0.247211,-0.940169,-0.685845,-1.25581,0.601655,-0.291185,-3.597631,7,electrical_fault
-0.257338,-0.112506,-1.18461,-1.271166,0.041103,-0.542105,0.004565,0.544399,7,electrical_fault
-0.987676,0.859826,-1.486659,1.56774,-0.521516,0.599089,0.678462,-1.269534,7,electrical_fault
1.884627,1.983187,2.445619,-10.036533,-1.138225,0.74193,0.818028,0.948895,1,bearing_degradation
0.281826,0.983395,3.679058,1.482959,-0.269026,1.437259,0.658911,2.201103,1,bearing_degradation
-0.992256,0.022302,-0.287344,1.724118,-0.103083,0.134973,0.259786,-0.322305,7,electrical_fault
-0.679825,-1.377657,-1.262022,-0.401614,-0.344475,1.190792,-1.214429,-1.749058,2,shaft_imbalance
5.081471,-1.279929,2.881082,5.655152,0.029751,-0.264004,-1.167752,1.082343,1,bearing_degradation
0.609664,0.783048,3.308059,0.328075,-2.158654,-1.1011,0.305556,0.018739,7,electrical_fault
6.026155,-0.035609,-1.427966,-0.55775,0.782518,1.553565,0.368147,1.974891,1,bearing_degradation
-0.128345,-0.194164,-1.647661,1.961648,0.787714,-0.590105,-0.04331,-0.615584,10,cavitation
0.971006,-1.580339,0.446662,1.141481,1.202701,-0.426605,1.164944,0.927742,0,normal
0.825582,-0.565399,0.210187,-0.066413,-0.60882,5.689466,2.007213,-1.470009,8,sensor_drift
0.995939,-0.604599,-1.842384,-1.916597,-1.259413,-1.313168,-0.154611,-1.18888,0,normal
3.684771,1.64047,1.520303,-1.667459,-1.745276,-0.283614,1.651335,-0.097236,3,gear_tooth_crack
0.822589,1.285854,2.94549,-0.000841,1.062663,0.65191,0.019728,0.16873,4,misalignment
0.912034,-1.720039,2.519663,-0.094126,-1.029344,0.945028,-2.461908,-0.333568,8,sensor_drift
-0.751942,0.649356,-0.897937,0.808818,0.351626,-0.873594,-0.071443,-0.548774,2,shaft_imbalance
-0.666802,-1.018849,-1.06168,-2.141832,1.483742,-0.900787,-0.238595,1.557986,7,electrical_fault
-0.822268,-0.312199,0.411033,0.797338,0.143903,0.352192,-1.104639,-0.464414,10,cavitation
0.856831,0.837187,1.506007,0.152085,-0.187041,0.935715,0.954693,1.565721,2,shaft_imbalance
-1.222772,0.477361,0.682408,0.518974,0.131586,-0.324041,0.210986,0.3793,5,thermal_runaway
0.154917,0.123331,0.527459,-0.163823,-0.059506,2.474855,0.808983,0.498103,8,sensor_drift
0.773501,0.115432,0.613333,0.322844,0.542702,-0.206921,1.047087,-1.212132,8,sensor_drift
-0.866323,0.735362,-0.594215,-0.236122,-1.138877,2.089912,1.01819,-0.477505,8,sensor_drift
0.984092,-2.008341,-0.101927,-0.423594,0.037108,0.248943,1.198729,0.977793,2,shaft_imbalance
0.554208,0.632591,0.195136,0.417038,0.961105,0.033399,0.948648,0.850824,10,cavitation
-3.561499,-1.419722,-0.446135,0.395205,-1.772929,-1.540161,-0.364467,-1.464592,4,misalignment
-0.689354,-2.605609,0.149007,-0.214935,1.344253,2.771189,-0.70501,-1.171421,8,sensor_drift
0.328566,-1.597136,1.548432,-0.459536,1.528561,1.021544,0.577333,-0.854985,1,bearing_degradation
-0.338555,-0.325402,-1.365259,0.658472,-0.228338,1.298843,-0.244653,-0.406595,5,thermal_runaway
0.450722,-0.203388,-1.749251,1.123049,0.815389,1.146643,1.344126,0.190613,9,intermittent_contact
1.103077,0.50923,1.848463,1.70438,0.299592,-0.251979,-0.958439,-0.475809,3,gear_tooth_crack
-2.783655,0.048626,0.54426,0.83867,-1.231843,-0.764139,-0.447258,1.171524,12,leakage
-0.417039,0.040344,1.622848,-0.692504,0.452412,0.195706,0.903288,0.850215,2,shaft_imbalance
0.024569,-1.884842,-0.558798,0.261949,-0.619291,-0.343152,0.244072,0.044703,7,electrical_fault
1.249023,0.687692,1.966127,-1.547833,-0.26536,-0.462521,-1.973683,1.060327,0,normal
-1.604313,-0.597225,-0.050317,0.521409,0.14948,0.907675,-0.981166,-0.376698,3,gear_tooth_crack
0.717726,0.113371,-1.256055,-0.169874,1.381279,1.676595,0.717348,-1.190343,0,normal
-0.070602,0.722571,2.385046,-0.330148,-0.346933,-0.694839,-1.001783,-0.329824,5,thermal_runaway
-3.459357,-2.986367,-0.380138,1.129888,-0.799514,-0.578921,-1.131348,1.658245,4,misalignment
-1.509763,-0.178233,-0.160131,-0.174154,1.039254,-1.187323,-0.23618,0.188711,1,bearing_degradation
-0.130682,0.525049,0.884802,-1.19781,-0.794776,0.752959,0.589007,1.344399,7,electrical_fault
0.357993,-0.820294,1.345612,0.732509,-0.074204,-0.468231,0.364131,0.660485,3,gear_tooth_crack
0.517048,1.323026,-0.354315,-0.22165,-0.215088,-1.047856,0.037505,1.570009,11,blockage
1.341911,-1.184718,-0.212777,2.383766,1.048224,-0.699663,-0.529592,-0.143655,5,thermal_runaway
-0.777735,-0.344559,1.110985,1.52761,-4.619298,-0.686918,-0.275493,1.343066,6,thermal_cycling
-2.680876,-0.940019,1.477126,0.477736,-0.809228,0.473178,0.218813,-1.973513,10,cavitation
-0.474929,-0.313176,-0.950434,0.974273,0.654405,-0.065205,0.245827,-0.304962,12,leakage
1.469156,-0.101708,0.094939,-2.150682,0.438125,0.093366,-0.664915,0.18005,2,shaft_imbalance
1.525552,1.358253,1.583309,1.857284,1.37471,0.23838,0.559807,-0.684327,11,blockage
-1.815429,-0.360009,-0.279026,-1.821298,0.232037,0.506005,1.859893,-1.332377,3,gear_tooth_crack
3.991971,1.744443,0.253141,1.693604,0.631067,2.603966,1.957261,1.132263,5,thermal_runaway
0.488356,3.632005,-0.374049,0.138013,-0.450908,-1.173209,1.471579,0.404009,11,blockage
4.73499,-1.334853,-0.468559,-0.081872,1.660139,0.134139,-0.294866,-1.743095,3,gear_tooth_crack
1.275127,-0.57606,0.076118,-0.395609,0.088079,-0.451326,-0.065508,-0.777344,10,cavitation
-0.217004,-1.359046,0.619941,0.991215,-1.216869,-0.989653,-0.652417,0.92852,2,shaft_imbalance
2.224974,2.127393,-2.795515,0.131016,0.318729,-0.818785,-0.447004,1.221047,4,misalignment
-1.404484,0.37796,0.684212,-0.832259,-0.262059,0.005294,-0.270794,0.750848,12,leakage
3.684085,-1.003782,-1.618405,2.763279,0.941038,-0.733056,-1.081447,-1.672697,4,misalignment
0.450462,-0.522348,-0.708642,-0.549158,-2.730394,-0.082039,0.23985,-0.61922,7,electrical_fault
0.05111,0.942771,-1.307252,-2.273709,-1.269492,-0.806483,-0.643563,0.448113,7,electrical_fault
1.050934,-0.521783,0.274425,0.438178,3.733448,1.725598,0.416798,-0.357657,6,thermal_cycling
0.108554,1.062317,1.472691,-1.147815,-1.518601,0.062135,1.109188,0.359596,3,gear_tooth_crack
4.500043,0.854388,0.882127,-0.063521,0.120499,0.104264,-0.353875,-1.818685,10,cavitation
-0.291308,-0.674704,-0.447493,0.048979,-0.82171,0.285979,0.284582,-0.179249,3,gear_tooth_crack
0.705166,-0.590209,2.642058,-2.157377,0.402387,1.485853,-0.159793,0.700081,10,cavitation
-0.796868,-0.948287,-3.896739,6.127315,-0.542185,0.746676,-0.167207,-1.165661,1,bearing_degradation
-1.324268,1.537112,-0.576242,0.385254,0.897417,-1.969989,-0.237026,-0.573334,2,shaft_imbalance
1.925398,0.04406,-2.25472,-1.061846,1.279262,0.25863,-1.41831,2.367629,2,shaft_imbalance
-0.016754,0.426472,1.098061,-2.447829,1.134248,-0.505106,0.499947,1.664127,7,electrical_fault
0.143256,-0.972026,-0.293201,-0.637689,-0.049391,0.71591,-0.025228,-0.003528,10,cavitation
0.058072,-0.148204,-1.552927,1.443099,-0.447505,-1.237226,-0.504324,-0.464054,7,electrical_fault
0.625212,-0.279221,-0.965013,-0.278096,0.22586,0.324885,1.878379,-0.668909,0,normal
0.565269,-0.261567,-0.122099,0.020143,0.966812,1.329304,1.60069,1.302481,7,electrical_fault
0.467421,0.871191,1.753353,1.06904,0.896489,2.633596,0.096309,-0.289058,3,gear_tooth_crack
-0.178655,-0.694139,-0.506603,1.272883,0.536297,-0.38563,-0.236446,-1.567177,0,normal
0.231242,0.233368,-0.0758,0.105332,16.400835,-0.896394,0.402939,0.863864,6,thermal_cycling
0.38211,0.665249,0.112636,1.059022,-1.103317,-0.391061,-1.179856,0.139386,9,intermittent_contact
1.695687,-1.533355,2.023064,0.288876,0.986238,0.868333,0.616959,1.661832,3,gear_tooth_crack
-0.188412,2.390951,-0.335301,-0.392244,1.267213,-0.323239,0.272092,1.092659,2,shaft_imbalance
-1.441109,0.055926,-0.928644,-0.032977,-1.086028,-0.019332,0.899706,-0.595841,9,intermittent_contact
0.323083,-0.316125,-1.101622,0.665833,0.012514,0.888358,0.790076,-1.421762,0,normal
-0.650837,0.352234,0.529159,0.226625,-0.673687,-1.53635,-0.018644,-0.727118,7,electrical_fault
5.652775,1.40488,-7.266193,0.020873,-0.337837,0.621252,-0.720348,-0.191106,1,bearing_degradation
0.878159,1.34203,-0.814645,-0.26978,-0.557266,-0.5839,1.074961,0.218373,3,gear_tooth_crack
-2.095756,0.805223,1.528887,0.510501,-0.395061,-0.921298,-0.909821,-0.000606,2,shaft_imbalance
-1.432525,-0.812527,0.452469,0.318904,-0.297619,-0.751768,0.093632,2.701654,12,leakage
0.42188,0.03771,-0.265682,-0.008193,-0.662983,0.843785,-1.313568,0.327815,8,sensor_drift
3.326244,0.164781,2.760006,-0.003553,0.884255,1.02148,2.103152,-0.077719,5,thermal_runaway
-1.172666,0.063155,1.339641,-1.274932,1.155526,1.619187,-0.222206,-0.343009,3,gear_tooth_crack
0.219437,-0.123563,0.520569,0.055461,0.364746,-1.264959,-0.877592,-1.909973,10,cavitation
-1.683275,0.975474,1.663943,-0.313952,0.291813,1.119087,-0.466789,0.867776,1,bearing_degradation
-0.672818,-0.79715,-0.963169,0.304384,0.021675,0.026258,-0.76136,0.435233,7,electrical_fault
0.059117,-0.331661,-0.903541,1.989167,2.359863,2.24132,0.121416,0.344105,8,sensor_drift
-0.397194,-0.332443,-0.817558,0.421617,-0.094015,-0.663174,-0.662245,-1.210399,0,normal
-2.518271,0.072921,0.929715,-0.227679,-1.454274,-0.806022,-0.640925,0.28323,2,shaft_imbalance
0.81755,1.343559,2.813085,0.214831,-0.399692,-0.302078,-0.538396,-1.934179,4,misalignment
0.208004,1.413764,0.386018,-1.847479,0.133257,-0.737795,-1.322228,0.222881,11,blockage
-0.089398,2.155074,3.991415,-0.820065,1.754683,-0.623114,1.666386,-1.424806,10,cavitation
1.177834,-0.129189,0.3334,0.504631,-0.853965,1.25858,-0.101038,0.268008,10,cavitation
-0.75497,-0.910737,0.209128,0.005213,-0.068244,0.253988,-1.009578,-0.898902,7,electrical_fault
1.547709,1.76438,-0.62438,2.316692,0.029475,-0.431223,0.477506,-0.536135,10,cavitation
-0.277094,0.532264,-1.090035,-0.871782,0.153542,-0.964177,-1.362166,-1.529846,12,leakage
0.652931,0.654917,0.026514,-1.055705,0.314555,0.239828,-1.313215,-0.302342,7,electrical_fault
0.087608,-0.258854,-0.024912,0.848413,0.81851,1.086709,-0.396378,0.703171,7,electrical_fault
-0.102554,0.540578,-0.644959,-0.499617,0.539859,3.966766,0.597066,-0.080183,8,sensor_drift
-0.274735,2.582088,0.006618,0.832679,0.760055,0.506331,-1.401841,-1.456307,11,blockage
1.830621,-1.305244,0.045423,1.337823,1.01572,-1.331576,-0.713352,0.302364,2,shaft_imbalance
-0.134823,-2.795312,-1.399978,0.518146,-1.313628,-1.128147,-0.483159,-0.436796,1,bearing_degradation
-1.356708,-0.959536,-0.813249,-0.095735,1.984695,-0.933187,-0.976958,-1.13314,2,shaft_imbalance
-1.438025,1.147589,-0.425124,-0.767819,0.479765,1.949065,-0.426804,-1.134048,12,leakage
-1.368123,1.790899,-0.636496,0.321046,0.642317,0.662526,-1.522314,-0.23106,0,normal
-1.375026,-3.219814,-2.673679,-2.273803,-0.335039,-0.518845,0.46445,1.017022,1,bearing_degradation
-0.111246,0.019314,-0.35661,0.18583,-2.554075,0.658081,1.471886,-0.553051,9,intermittent_contact
-0.586177,-1.309413,-0.433069,0.045372,0.151819,0.444358,0.234761,0.647139,7,electrical_fault
4.857365,2.656373,-0.455377,2.10333,1.913572,0.592206,-1.255693,-2.59137,3,gear_tooth_crack
-0.197062,0.45902,-1.567877,0.455656,0.217796,0.762345,-1.232738,0.216835,8,sensor_drift
-0.441692,-0.474513,-0.671848,-0.315789,1.178451,0.199238,2.471809,0.170508,0,normal
0.609035,1.199375,-0.361798,-1.438813,-1.313791,3.15833,-0.446014,-0.036139,8,sensor_drift
1.136093,2.34052,0.564215,-0.200772,-0.30623,-1.037463,-0.569893,-0.699839,2,shaft_imbalance
-0.673433,0.602729,-0.923981,-0.177616,-1.70691,-1.551489,-0.769486,-0.250531,9,intermittent_contact
-1.3578,-0.143408,-0.26404,-0.11915,4.402656,0.621955,-0.711497,0.869792,6,thermal_cycling
0.032545,-0.259571,-2.114619,-1.946844,1.647519,-0.585503,0.96562,-1.603033,3,gear_tooth_crack
-1.188896,-2.233443,-0.531487,-0.194012,0.531268,4.184221,-0.469212,-2.947564,8,sensor_drift
0.182804,0.145587,0.09684,-0.202605,-0.042638,1.656857,0.274329,0.583414,12,leakage
-0.061324,-1.052899,-0.334456,1.300045,0.582655,1.732312,1.177412,0.439087,0,normal
0.928206,1.353048,-0.746646,-1.897363,-0.881628,0.635409,0.88669,-0.985656,1,bearing_degradation
-1.171712,1.554696,-1.598784,2.942921,-0.67699,1.219963,-0.478165,-0.048844,1,bearing_degradation
0.399358,-1.543029,-1.317023,0.815677,0.497839,3.027366,0.463233,0.010423,8,sensor_drift
0.19765,-1.164201,1.283834,-0.4649,0.366292,-0.7432,0.584023,0.665886,9,intermittent_contact
0.474892,0.323676,0.393816,1.318781,-3.807223,0.48061,-1.742511,1.053497,6,thermal_cycling
1.61621,-2.063238,-0.591103,0.590906,-1.581594,1.475949,0.368357,0.846584,0,normal
0.157836,2.076908,-0.077902,2.000759,0.0,-0.666927,-1.055482,-0.877029,9,intermittent_contact
-2.129789,-0.982425,0.959366,4.784598,1.150644,-1.63637,-0.360232,-0.266641,4,misalignment
-0.704657,0.49596,-0.484217,-1.372827,-0.568242,0.598489,0.131083,-0.745083,9,intermittent_contact
2.10568,-0.526233,-0.45252,0.020108,0.740032,0.835604,1.499154,-0.063856,12,leakage
-0.100603,0.601754,0.923694,-1.48624,1.03313,-0.254629,0.825211,0.493872,7,electrical_fault
-2.281296,-0.635135,-0.950031,-0.033533,1.116997,-0.725625,-0.099582,0.238803,12,leakage
0.836648,-1.095416,0.190522,-0.631879,0.046449,2.906662,0.903646,-0.755638,10,cavitation
0.610067,0.93554,-1.732124,-0.14546,-2.903122,0.643593,-0.102752,1.77621,8,sensor_drift
-1.1241,0.348839,0.443085,0.073951,-0.784584,-0.149632,-0.950051,0.809178,3,gear_tooth_crack
0.328971,-0.427783,0.269073,-0.945452,-3.49312,-0.627297,0.662238,0.163214,6,thermal_cycling
-0.197752,-0.708971,-1.282632,0.838454,0.679354,-0.466101,1.213334,0.021107,2,shaft_imbalance
0.347421,0.484398,0.871842,1.356205,1.236371,-1.725746,0.513661,1.478096,12,leakage
0.856709,0.760621,-0.762501,-0.631719,0.673016,1.315921,-0.0688,0.554238,5,thermal_runaway
2.085827,2.99513,1.905493,2.358132,0.325168,0.228328,0.294839,6.2e-05,3,gear_tooth_crack
-0.226765,-0.859059,1.452892,-1.008372,-1.139546,-1.135073,-0.752457,0.043428,12,leakage
-2.134694,0.617282,0.55536,0.309392,0.98148,-1.164828,2.008755,-0.959428,0,normal
-0.285852,-1.16979,-1.003719,-0.399101,0.222132,-0.026956,0.215344,0.500813,1,bearing_degradation
-1.099658,0.234298,0.150922,0.579282,2.185864,0.27729,0.485082,-1.077561,0,normal
3.012401,3.458179,1.006214,-1.573845,-0.975528,0.714927,-0.629345,-2.750148,1,bearing_degradation
-1.974872,-0.103817,2.096236,2.444405,-0.712122,1.064115,-1.669296,0.247611,4,misalignment
-0.379259,-0.006697,0.074887,2.450752,0.10586,0.542413,0.987894,0.054958,2,shaft_imbalance
0.291861,-0.472166,-0.301804,0.248216,-0.173359,1.111453,0.09345,0.375967,3,gear_tooth_crack
0.147479,-0.723367,0.973903,-0.639177,-2.067874,-0.783385,1.906619,0.235102,6,thermal_cycling
-0.629344,0.46782,0.195104,0.629404,0.131874,0.818764,0.094593,0.784689,0,normal
0.673848,0.282409,-0.522537,-0.853523,-0.794035,-0.179839,1.113216,-1.513139,2,shaft_imbalance
-1.938604,0.730479,-0.55948,-0.391475,0.844778,0.088879,-1.559417,0.672797,8,sensor_drift
-1.402567,-1.577685,2.456133,3.907459,-0.204902,1.371265,-1.015492,-0.565484,4,misalignment
0.334348,-0.315161,-0.930428,1.014965,0.09901,-0.228099,1.340057,-1.836082,2,shaft_imbalance
-0.809633,-0.690805,0.363632,0.114241,-9.30165,1.193331,-1.552449,0.038952,6,thermal_cycling
-1.022126,-1.038476,-1.110476,0.922855,0.588367,3.364459,2.707357,-0.016727,8,sensor_drift
-2.728044,-1.748718,1.06088,1.49101,0.974889,0.054325,0.733732,-0.034158,4,misalignment
1.011831,-0.205273,-0.644224,0.905345,-0.057289,0.245265,0.981883,0.138983,7,electrical_fault
2.170154,5.061382,2.801129,-2.03666,0.209679,1.099352,0.919413,0.376095,1,bearing_degradation
-0.979324,0.319124,0.431805,-1.72515,1.150524,-1.186264,0.388609,-1.180967,7,electrical_fault
-1.191488,0.592601,-0.615977,-0.191754,0.237744,0.003934,-0.005611,-0.904962,5,thermal_runaway
-1.095507,-1.145809,-1.337079,-0.42653,-0.319949,-0.452673,0.251222,-1.382883,12,leakage
0.636903,1.237727,1.063153,0.542656,-1.468681,0.610128,0.115473,-0.373254,5,thermal_runaway
1.590251,5.928782,-0.10424,-0.084212,0.195734,-0.234166,0.368037,0.226452,11,blockage
0.662093,-0.471414,1.364221,-0.105851,-0.51948,-1.582835,-1.293713,0.588549,9,intermittent_contact
-0.664773,-2.137064,0.07326,-1.666075,0.076196,-1.459435,-1.206254,0.668616,7,electrical_fault
1.17085,1.519335,0.33072,1.601186,0.092973,1.07744,0.42872,-0.549205,2,shaft_imbalance
0.987508,1.006127,0.969959,-1.256223,-0.859078,1.789928,-1.43982,1.52531,8,sensor_drift
0.034006,0.944264,-1.102215,-0.10255,0.906802,-0.213034,-0.483074,1.115228,7,electrical_fault
1.082352,-0.541983,1.148256,0.542195,0.244682,0.145515,-0.174968,1.04564,0,normal
4.021379,-2.129282,8.717982,-1.400964,-0.324597,-0.708511,-0.559936,1.742314,1,bearing_degradation
-0.933648,1.042243,-0.243535,-0.614894,-0.72252,3.744698,-0.723163,1.060446,8,sensor_drift
1.090236,1.250666,-0.864293,2.08845,-0.180569,0.642614,1.478472,-2.108378,10,cavitation
-1.188224,1.823296,1.046088,-1.630951,0.679488,0.495799,0.186671,-0.877601,12,leakage
-0.430458,0.796544,-0.235834,-0.306697,0.10469,1.696587,-1.340356,0.769857,0,normal
0.217751,1.443691,-0.303496,0.345619,0.765013,-1.01067,-0.392772,-0.66787,12,leakage
-1.351579,-3.445666,2.535958,-2.854148,1.71438,-0.230136,-0.171601,0.85496,1,bearing_degradation
-0.31949,-0.21397,-1.192493,-0.568138,-1.597259,3.730671,0.080059,-0.122586,8,sensor_drift
5.47674,0.826412,1.156047,2.380936,1.813891,2.807041,0.154135,0.305058,5,thermal_runaway
0.163004,-1.140902,0.257558,1.204253,-0.227941,-0.867594,-0.17758,0.854613,2,shaft_imbalance
0.183498,-2.589209,0.382013,-0.289731,1.416718,0.395208,0.756158,-0.710541,3,gear_tooth_crack
-1.444363,0.46069,0.513678,-1.149246,-0.890996,-0.71168,1.366586,-0.08828,12,leakage
-0.411749,-0.363583,-1.149204,-1.90813,-0.11688,-0.997852,-0.084851,-1.600206,0,normal
1.529556,0.143783,-1.00727,-1.326407,0.390475,-0.822548,0.241626,-0.978727,2,shaft_imbalance
0.328368,0.178741,-0.616293,-0.022685,-0.62254,-1.071701,-0.353615,-1.103989,0,normal
-1.100242,5.401534,-0.198318,-0.176306,-2.013734,-0.680983,-0.028749,0.859328,11,blockage
-1.474979,0.875074,2.12483,-0.049359,0.671483,0.190025,-0.120529,1.851959,2,shaft_imbalance
-0.962825,-0.231914,-0.342102,-0.077378,0.662934,4.088141,-0.599978,-1.504452,8,sensor_drift
0.986251,-0.145931,0.596441,1.224042,0.845743,-1.369788,-0.116499,1.040831,7,electrical_fault
-0.961101,-1.078049,-0.089733,0.989446,-2.072911,2.748695,0.272518,1.072306,8,sensor_drift
-0.44473,0.644519,-0.449674,1.766061,0.20867,1.226266,0.517762,0.57828,10,cavitation
-0.454491,-2.213902,0.55897,-0.556124,0.319041,0.989719,0.234598,0.328299,5,thermal_runaway
-0.279677,-0.512061,1.400882,-1.047287,-0.798153,0.211386,0.390455,0.496343,0,normal
-0.653474,2.398503,-0.394544,0.363669,-0.067403,-0.771356,-1.198829,0.210304,11,blockage
0.311599,2.119737,0.205654,2.982488,6.218242,0.051535,0.291537,-0.319435,6,thermal_cycling
0.640991,-0.113168,-1.012684,0.126597,-0.58368,-0.528426,0.606291,-1.338382,0,normal
0.662578,-0.182648,-1.416151,-0.66083,-0.451465,-1.578979,0.371374,0.003203,9,intermittent_contact
-3.91801,0.656534,-1.092621,0.835866,-1.340208,-0.00117,0.509248,-0.252758,1,bearing_degradation
0.385365,0.203456,0.111414,-0.117601,-0.097933,2.097528,-0.942416,1.270117,8,sensor_drift
-2.165812,-1.313137,1.470899,2.532464,-0.398045,-0.486415,-0.50572,0.173235,4,misalignment
-0.31768,-1.710998,1.011295,-0.392273,-0.305385,2.219209,0.096601,-0.518912,9,intermittent_contact
-1.081346,-1.693522,-0.977363,0.049143,0.049399,0.907523,2.06318,0.685762,5,thermal_runaway
-1.037639,0.022341,1.245228,0.537884,0.262358,-1.3031,2.313355,0.721435,12,leakage
1.440607,-0.00915,3.108379,1.350793,0.540516,-0.997154,-1.530033,-1.445028,3,gear_tooth_crack
0.462609,1.072025,-1.094143,0.659968,1.226667,2.345912,0.706628,-0.459506,3,gear_tooth_crack
2.769386,0.085053,0.638671,-0.316404,-0.217563,-0.174626,1.323948,0.116179,5,thermal_runaway
0.489562,0.197598,0.516707,1.284437,0.973212,0.514113,0.663052,-1.269268,7,electrical_fault
-1.715758,-1.092554,0.417371,1.664233,0.315043,0.562858,0.017537,-1.026398,0,normal
0.355052,0.068441,-0.364647,-1.39718,1.856622,0.264912,0.567612,-0.676014,12,leakage
0.089881,-0.516444,-1.225865,-0.623782,-0.123891,-0.702162,0.643403,-0.111693,2,shaft_imbalance
1.284443,1.299652,0.021028,0.064927,0.764852,0.12929,1.85248,-1.194666,5,thermal_runaway
-0.909673,-0.26381,1.030841,0.841055,0.558463,0.959178,-0.365314,-1.173318,9,intermittent_contact
0.227286,-0.283082,0.416829,-0.501355,-1.064863,1.519515,-0.856495,-1.11703,7,electrical_fault
-0.933665,1.377303,0.487089,-0.613373,-0.135869,-0.257746,0.800051,-0.878798,3,gear_tooth_crack
-1.382708,1.48609,-0.908005,0.853895,0.793574,0.397991,-0.329383,-0.310941,12,leakage
-0.242229,0.25316,-1.023971,-0.006536,1.395103,0.332336,0.394908,0.40291,9,intermittent_contact
0.072293,2.427375,0.943553,-0.080711,0.896877,-0.086615,0.54203,0.083325,12,leakage
-0.115511,1.659711,0.22471,1.22672,1.553827,0.594703,0.393911,1.387745,11,blockage
-1.353943,-1.55028,-0.707485,0.746389,-1.28005,1.08436,-0.144821,2.479135,2,shaft_imbalance
-0.696925,0.096559,0.614835,-0.899897,0.329952,0.869266,0.237921,0.249269,12,leakage
0.450577,-0.025516,0.51772,1.359173,0.668206,0.162455,0.519323,1.915039,5,thermal_runaway
-0.702755,-0.774086,-0.440508,1.322504,0.661948,0.016129,-0.461026,-0.433233,0,normal
-0.806096,0.120281,0.345293,1.930825,-0.552614,-2.129419,-1.165968,0.927725,2,shaft_imbalance
2.203035,2.810489,3.66454,1.028844,2.761012,0.12998,1.348235,-1.498686,4,misalignment
-0.559742,-3.292149,-0.07153,3.402287,1.129581,-1.987876,-1.514894,-0.845968,1,bearing_degradation
-1.794638,-0.516858,1.020829,1.637328,14.207906,-0.396558,-0.968339,0.566654,6,thermal_cycling
-0.825365,-0.163425,-0.977826,1.755954,-1.302372,-0.197053,-1.936218,0.296555,3,gear_tooth_crack
1.88474,1.096402,-0.365015,-0.017815,-1.738131,-0.675321,1.232429,1.830049,2,shaft_imbalance
0.114789,0.086286,0.384812,-0.84116,0.899117,-1.180005,0.042436,-1.204926,9,intermittent_contact
-0.120728,0.890841,0.555479,1.058556,-0.303225,0.908925,-0.692226,-0.458445,9,intermittent_contact
-0.014103,1.019119,-0.517321,-1.222397,0.229687,-1.559074,-0.803713,0.054999,12,leakage
-2.707671,-0.224581,-1.35077,0.493867,-1.086168,0.999325,-1.157924,-2.013544,12,leakage
0.714396,1.997297,-1.176615,-0.837463,0.235448,1.611116,-1.222374,0.249036,0,normal
1.941336,1.797645,0.165464,-1.171341,0.278399,-0.521521,-0.277053,-0.634043,10,cavitation
0.283424,3.748986,-1.418649,0.963922,0.300672,2.234081,0.175222,-0.051435,11,blockage
1.238409,-0.705648,0.154843,0.972311,0.834346,-0.267961,0.509294,0.675947,7,electrical_fault
-2.039832,0.026481,-0.230794,0.132987,-1.315902,-0.655849,0.376455,-0.052087,2,shaft_imbalance
-0.795679,-1.047092,0.583787,0.601092,-0.903879,-0.260229,-1.858243,-0.49434,0,normal
1.725741,-2.134517,-1.265713,5.286308,-2.060529,1.287092,-0.641632,-0.801439,1,bearing_degradation
0.039858,0.721194,0.710419,-0.647815,-0.608324,1.237533,1.703457,-0.978471,8,sensor_drift
0.020201,-0.747877,1.050804,-0.265175,1.180474,0.448775,-0.388211,1.114017,7,electrical_fault
1.132569,-0.887124,-0.207468,1.236618,0.018338,-1.340786,-0.41075,1.391734,6,thermal_cycling
0.652461,0.265446,-0.441422,1.309183,-5.007826,0.001782,-0.081139,0.093727,6,thermal_cycling
-0.490773,0.433718,-0.028567,0.191938,0.685446,0.154739,0.649675,-0.843549,5,thermal_runaway
-0.406333,-1.399793,-0.896757,-0.385063,0.741581,1.073448,-1.098145,-0.807776,12,leakage
-0.119869,-0.985811,0.099852,-0.714489,-2.050673,2.252443,-0.231429,1.447058,5,thermal_runaway
1.216288,-1.21918,1.123629,1.917303,0.929921,-0.24388,-0.3171,-2.108408,10,cavitation
-1.520292,3.290252,-1.332628,-0.075457,-0.762524,-1.292793,-1.422674,-1.591944,11,blockage
0.073911,1.600435,-0.045183,1.432139,-0.913284,0.725165,0.309564,3.016109,5,thermal_runaway
-1.35232,2.407144,0.936491,2.624972,-0.983252,0.382451,0.159377,0.88354,9,intermittent_contact
-1.022017,-0.361298,-0.574159,-1.439525,0.006132,0.202747,0.113396,-0.209331,12,leakage
-0.765887,-2.077193,0.424461,-0.894447,0.49003,-0.505397,-0.726413,-0.52113,5,thermal_runaway
0.177358,-0.915053,0.067634,-1.726852,-0.529519,-0.115334,0.949635,1.111091,3,gear_tooth_crack
-0.250742,-0.051332,-0.497186,-0.298299,0.626774,-0.020357,-0.651898,-1.579549,8,sensor_drift
-0.97675,-0.520556,-0.596044,-1.123851,-0.552322,-0.121495,-0.773421,0.511446,12,leakage
0.500832,-0.388774,0.318529,-0.230011,-0.007714,-0.454156,1.076532,-1.591692,12,leakage
1.126484,0.399716,-0.349332,-2.643065,-1.218987,2.165025,1.160201,0.202319,7,electrical_fault
1.066101,-2.824848,-4.355788,-4.581267,0.069158,-0.276706,-0.513261,0.466147,4,misalignment
0.08509,1.375326,1.852273,-0.72369,0.14979,-0.018147,-0.888783,0.774953,11,blockage
-4.392379,-3.851135,-2.629242,1.065416,-0.026187,-0.226743,1.768124,0.383288,4,misalignment
1.541515,-1.765761,-0.522638,-0.375609,1.975519,-0.105904,-0.561601,0.274301,10,cavitation
1.02936,-1.062907,2.26004,0.231359,-2.192769,0.381272,-0.71986,1.164995,2,shaft_imbalance
-0.569168,1.674111,0.188302,-1.409526,-0.024621,-0.798557,2.68775,-0.917624,7,electrical_fault
0.402386,0.11173,1.951993,0.046007,-0.222611,1.029436,-1.391084,1.691723,7,electrical_fault
-0.397888,0.171042,0.7876,1.753192,-1.268162,-1.145021,1.536905,-0.419177,12,leakage
0.575706,-1.671,0.490351,0.749636,0.15095,1.16153,0.278628,0.146954,9,intermittent_contact
0.440195,0.516935,0.207512,-1.144124,-0.779115,4.580088,-1.259377,-1.415571,8,sensor_drift
0.106273,0.762233,1.19773,-2.42029,-0.7309,1.94547,-0.652315,1.388553,8,sensor_drift
-0.177958,0.757777,-0.227421,-0.496725,-0.198832,-1.271855,0.397032,-1.786727,0,normal
-0.208976,0.189987,1.138223,1.652539,1.002865,0.24103,-1.375641,-2.026232,3,gear_tooth_crack
-0.668067,-2.195876,1.639311,-1.395376,-1.316491,1.435255,0.417098,0.143231,5,thermal_runaway
6.124995,-0.415514,1.134138,0.25484,-1.322604,3.381993,0.285332,-1.728189,3,gear_tooth_crack
0.567526,-0.685093,-0.155891,0.937243,1.218428,1.012173,-1.389455,-0.058231,5,thermal_runaway
1.39788,-1.510578,0.029725,-1.251433,-0.556343,0.929852,-0.848335,-0.263371,9,intermittent_contact
0.94319,4.359926,-0.362966,-0.921901,-0.919459,0.617426,0.498293,1.840396,11,blockage
0.05761,-0.247025,-0.23017,-1.028469,1.991559,2.065608,-0.670797,-0.784646,8,sensor_drift
-0.41681,-1.853887,-1.096501,-1.022124,-0.88128,-0.846907,-0.0236,0.247418,5,thermal_runaway
-1.838759,-0.643429,-2.082991,-0.263865,1.194665,1.090818,0.828925,2.020133,10,cavitation
-0.197033,-1.793464,0.145924,-0.294508,-1.463376,-0.165654,-0.579545,0.041674,6,thermal_cycling
0.487868,1.341841,-1.177257,0.372422,1.436113,-1.001689,-1.236247,-1.474467,9,intermittent_contact
-1.429724,1.832067,0.678292,-1.97016,-0.917083,0.605525,-0.262378,-0.169343,1,bearing_degradation
0.318749,0.564745,0.419025,-0.721188,0.0,-0.254166,0.095531,-0.250901,9,intermittent_contact
0.740101,2.621436,0.367275,-0.692805,0.13541,-0.893424,1.249823,0.04808,7,electrical_fault
-1.586608,1.18955,-0.330605,-1.70477,1.234325,1.236139,0.967769,-0.261542,8,sensor_drift
-0.652561,0.16082,-0.028674,-0.953284,-0.099882,-0.509209,0.37507,-0.590006,12,leakage
0.752209,0.991636,-2.456955,-0.152572,-1.057713,0.671249,0.070246,1.711667,12,leakage
2.069813,4.576771,-1.62532,-1.338904,-0.8308,0.308679,-0.250604,0.163089,11,blockage
-0.633914,5.220886,0.189246,-0.983015,-1.309036,-0.046143,0.785184,0.516292,11,blockage
-0.020938,-0.810684,0.130808,-3.208335,0.989065,-2.738811,-0.446365,-0.620198,1,bearing_degradation
-0.245997,0.152661,-0.898355,-0.544362,-0.49107,-0.250177,-0.510724,1.347109,4,misalignment
-1.494406,0.699197,2.052685,0.17196,-0.337325,-0.142003,0.615257,-1.730672,0,normal
0.112709,-0.44104,-0.990069,0.452148,-0.009299,-0.242511,0.273635,-2.073464,2,shaft_imbalance
-1.4121,-0.273217,-0.468025,0.193514,0.085533,-0.411613,-0.450663,0.067223,3,gear_tooth_crack
-1.681722,6.33014,0.708874,-1.708507,0.59385,-0.418668,-0.651549,-1.561536,11,blockage
1.319529,-0.073335,-0.063572,-1.281626,-0.457623,0.428696,-1.29918,-0.539088,3,gear_tooth_crack
-0.579269,-0.127117,0.896917,-0.700819,-1.356988,0.710153,-0.888912,-0.604867,8,sensor_drift
-0.666811,-0.205138,1.701349,-0.838446,-0.061686,2.042928,-1.093407,0.66049,9,intermittent_contact
-0.709521,0.380895,-1.023591,1.150128,-1.484348,-0.843659,-1.629133,0.419644,7,electrical_fault
-0.305124,0.584145,-0.309375,-1.51561,13.828051,-0.064691,0.535625,-0.582695,6,thermal_cycling
1.027073,0.923729,-0.69397,0.982117,5.378401,0.388677,-0.919492,-4.257009,6,thermal_cycling
-0.577119,-3.898474,-1.492216,5.513276,-0.401044,-0.393298,0.151881,-0.661579,1,bearing_degradation
-1.405971,-0.833275,-0.523083,-0.744839,0.675952,0.346408,-1.339367,-0.240917,2,shaft_imbalance
-2.480005,-1.896132,-3.806712,-1.064295,-0.201621,-0.249812,0.052238,-1.138493,4,misalignment
-0.057965,0.489592,-0.100192,0.218947,-0.925004,1.445018,-0.458396,-1.099454,12,leakage
-0.206153,-1.63495,-0.757567,-0.755945,0.234646,-1.59065,-1.651526,0.424684,1,bearing_degradation
-0.062269,0.907886,-1.040093,1.536684,1.342879,-0.385618,0.366497,0.185805,12,leakage
4.286703,0.848587,0.683867,0.842478,1.166448,2.116141,0.520574,1.894142,5,thermal_runaway
-0.205992,0.414593,0.921207,1.335374,-0.016074,-0.996494,1.091465,0.889218,12,leakage
0.909301,1.860505,-2.611918,-0.655948,-4.152409,-0.003844,0.939651,0.079064,6,thermal_cycling
-0.125089,-0.530009,-1.200317,0.185597,-1.932271,1.341792,-0.136681,-1.474157,12,leakage
0.229026,-0.778205,0.062877,-0.085556,0.0,1.208817,-0.151709,-0.470011,9,intermittent_contact
0.314129,-0.443718,-0.055886,0.440742,-1.257512,-0.769382,-1.42775,0.235187,3,gear_tooth_crack
0.798821,-0.047738,1.466372,0.821253,-0.866517,0.238362,0.418626,0.468109,9,intermittent_contact
0.831368,-1.027137,5.972021,-0.624864,-0.348486,0.384429,-1.565527,1.520106,1,bearing_degradation
6.700628,0.075712,-1.651531,1.184245,1.94654,-1.198008,-0.883156,1.636527,3,gear_tooth_crack
0.645457,-0.04991,1.079007,-0.463037,1.55502,2.920615,0.244013,0.280507,8,sensor_drift
1.180354,-1.591563,0.45645,-2.73622,1.437531,1.299457,-0.217898,-2.199073,9,intermittent_contact
-0.118597,-0.245046,-0.225839,-0.70723,-1.734777,-0.94248,-0.122175,-0.306368,6,thermal_cycling
0.724855,1.422106,-0.45681,0.101447,-2.007893,0.266736,-1.06356,0.199635,0,normal
0.165979,0.650118,-0.209365,-0.872824,-1.500598,4.794581,0.900374,-0.510651,8,sensor_drift
1.352844,0.530651,1.530551,-0.857592,-0.203456,-0.001535,-0.85388,-1.007102,9,intermittent_contact
-1.343905,2.044553,2.111319,2.826599,-0.127801,1.0468,-1.170151,0.891484,4,misalignment
-0.058865,-2.843425,0.466969,1.265325,-0.770297,-0.298008,2.743143,0.290868,7,electrical_fault
-0.904622,2.389333,-2.147433,0.120155,1.00639,2.28745,-1.507481,0.315342,1,bearing_degradation
-0.040601,-1.520667,0.263023,-0.042293,0.3122,-0.077518,-0.360339,0.87491,3,gear_tooth_crack
0.631275,0.908393,0.126867,-3.06378,-1.278088,1.886189,-0.546538,-1.984143,0,normal
-0.812854,-0.43526,0.347374,1.471544,-1.118181,1.385929,1.466072,1.55268,2,shaft_imbalance
0.801955,1.564668,0.672234,1.67393,-1.565255,1.342256,1.614108,-0.055737,4,misalignment
1.51034,-1.311094,-0.624519,0.838252,0.619658,0.680254,-0.846356,-0.532048,2,shaft_imbalance
-0.109468,9.724193,-0.489743,-1.354795,-1.858491,2.675187,0.906133,1.244959,11,blockage
-1.796257,1.501827,-1.880348,-1.456168,0.630777,-1.180305,1.298105,-1.011657,10,cavitation
-5.201758,-2.948763,0.721001,2.439342,0.188632,-0.583448,2.819143,0.359513,4,misalignment
1.732376,-0.295118,3.080606,0.151834,-0.85079,-1.585267,1.232783,-0.193731,9,intermittent_contact
2.195454,4.681312,-0.418335,-0.521863,0.424398,-0.198867,0.345116,0.317733,4,misalignment
0.212579,0.088038,-2.343837,12.267501,-0.656547,0.181085,-0.842149,0.060972,10,cavitation
0.156875,-0.561569,1.646978,-1.317931,0.468009,1.280418,1.549834,-1.230527,10,cavitation
0.900427,-0.214881,-0.481233,0.412236,-1.074374,2.81708,0.185619,-0.56626,8,sensor_drift
-3.621234,-2.873834,2.185511,1.934217,0.031217,-0.991007,-0.347244,-1.189938,4,misalignment
-0.521219,-0.456413,-1.207008,1.466418,0.611585,1.287613,-0.840581,0.361177,11,blockage
0.442819,-1.037854,-1.170194,0.802134,0.0,-0.742621,-1.16533,-0.877845,9,intermittent_contact
3.570911,4.663499,1.534899,5.760067,-1.101414,-1.041121,-1.024225,-0.360328,1,bearing_degradation
0.071724,-0.146945,0.002441,-1.551144,-0.96263,-0.149335,-0.165268,-0.566189,1,bearing_degradation
0.113544,0.308083,-1.959852,-1.526257,-0.394252,-1.101059,0.814131,-1.310021,2,shaft_imbalance
-0.441139,-0.622777,-0.285104,0.691169,0.404103,0.824006,-0.384083,1.508361,3,gear_tooth_crack
1.068535,0.532311,0.818307,0.987509,0.079656,-2.118917,1.159781,-0.893318,5,thermal_runaway
0.982268,0.949777,-1.792753,1.637966,1.166416,0.206569,-0.1373,0.789343,9,intermittent_contact
1.773755,-0.337034,-0.260443,0.530607,-0.624114,2.939043,0.788835,0.046538,8,sensor_drift
-0.758703,-0.304156,-0.463321,1.624709,-0.619815,-1.955776,3.515393,-0.436557,12,leakage
1.371328,-0.130783,-0.669399,-0.765119,-0.33905,0.826588,1.270755,-0.167656,6,thermal_cycling
-0.60905,-0.932074,-2.016687,-0.410153,0.830683,-0.730063,-0.246906,-0.653833,11,blockage
3.31425,6.208245,-3.276602,-1.62041,0.799979,-0.937421,1.155935,-0.715622,11,blockage
-1.468272,-1.664128,0.343979,-0.413997,0.217353,1.621933,1.835665,-0.067927,7,electrical_fault
0.81006,2.660508,2.218119,0.436265,-0.641528,-0.286919,1.057021,-2.281487,4,misalignment
0.901303,0.889899,-0.155017,-0.437315,-0.869824,-0.807182,-0.917013,0.366848,3,gear_tooth_crack
-1.401796,3.371504,-2.218003,-0.112467,0.766941,0.256801,0.200463,-0.474204,11,blockage
0.52236,-0.232126,-0.178572,0.596946,-0.14204,-0.278254,0.47045,0.668198,0,normal
3.24828,8.863279,0.232102,0.059865,-0.555837,0.305734,-0.510401,1.439368,11,blockage
1.367878,0.625512,0.12929,1.621481,-10.171441,-1.112206,-0.46445,1.419323,6,thermal_cycling
0.09049,0.228228,2.517474,1.876845,-0.853243,-0.287383,-1.463442,-0.590707,0,normal
-1.511475,-0.531948,-0.422745,1.430254,-1.155303,-1.927413,-0.0061,-1.256766,8,sensor_drift
-2.50419,0.233147,0.271623,-0.228089,-0.204519,0.09141,-0.252003,0.22198,3,gear_tooth_crack
0.235448,0.81571,-0.562848,-1.641304,-0.496312,2.037924,-0.964824,-0.036428,9,intermittent_contact
1.283569,-1.061853,0.862527,0.215242,-0.81608,-0.030709,-0.7174,0.444864,6,thermal_cycling
-0.013163,0.822398,-1.612856,-1.526599,0.952792,-0.054214,-0.693685,-1.640694,11,blockage
1.311299,-1.329077,-0.212134,0.071793,-0.451645,-0.98333,-1.554238,1.471143,10,cavitation
0.911238,0.198579,0.489384,-0.259209,0.062698,0.107534,0.215098,0.77254,0,normal
-0.699448,-0.168844,-0.025563,0.241935,0.204572,-1.959392,-0.780076,-1.996692,2,shaft_imbalance
0.333549,0.185513,0.687652,0.546112,0.242644,0.556617,-0.042683,0.412891,0,normal
-1.062178,-1.424166,0.983683,-1.680603,1.690084,-0.815661,0.566509,0.625073,12,leakage
0.786649,-1.024349,0.832268,1.858587,-0.026627,1.49948,-0.917295,-0.029763,3,gear_tooth_crack
-1.544405,-2.860764,5.042738,-0.969669,-0.45386,-1.209121,1.735074,1.546611,1,bearing_degradation
-0.835818,-0.662684,-1.190522,-0.367413,0.338079,2.115169,0.217782,-0.053678,3,gear_tooth_crack
-0.552811,3.806142,0.161795,0.88333,-0.061967,-0.532378,-0.91998,0.976964,1,bearing_degradation
-1.466391,-2.110952,-0.916203,1.72287,-0.230321,-1.753487,1.024949,0.41672,4,misalignment
-0.65992,-1.122107,-2.440719,0.174233,-0.38767,-0.334129,1.028858,-0.112073,5,thermal_runaway
3.522331,1.881197,0.885319,-0.244088,-0.13268,-1.358328,0.80443,-0.333531,3,gear_tooth_crack
1.824879,-1.215656,-0.329392,0.042623,1.781227,-0.492869,-0.476884,1.548726,0,normal
0.662037,3.52791,1.217008,-0.452567,0.961532,0.820864,0.465934,1.579348,10,cavitation
0.886238,7.466869,-0.928462,0.610115,2.006314,0.262307,-0.490635,-0.50152,11,blockage
0.841324,0.04454,-1.904561,0.385468,-0.944465,0.028927,0.986959,-0.505124,6,thermal_cycling
1.707083,-1.365029,0.931213,-0.068238,0.606544,-2.387152,-0.260703,0.736797,3,gear_tooth_crack
1.460388,0.02463,-1.347172,1.088271,-0.245086,1.235657,0.712349,0.370772,8,sensor_drift
2.434274,-1.358916,0.989342,5.287929,-0.128759,-1.005552,2.345733,1.059119,1,bearing_degradation
4.871791,0.944892,2.680089,1.155152,1.81079,1.557265,1.746926,1.511904,5,thermal_runaway
2.636497,-0.13607,0.750645,-1.448751,0.586893,-0.46235,-0.00922,1.686804,9,intermittent_contact
1.27409,-1.14033,1.314067,-0.857861,0.056998,-0.196302,0.466792,-0.302217,5,thermal_runaway
-0.228453,-0.086106,0.377763,0.704324,-1.234052,1.514702,-1.208092,0.53985,8,sensor_drift
1.0712,-0.238753,-1.668111,-0.177407,-0.559695,3.456725,-0.419741,-1.486181,12,leakage
0.987762,0.872267,-0.32246,-1.003439,8.860141,1.433569,-0.942526,-1.496434,6,thermal_cycling
4.041539,0.089438,-0.672112,0.434703,-1.066452,1.319714,-0.080169,0.294383,3,gear_tooth_crack
2.184456,-0.869345,-1.117645,0.365833,0.362535,0.338245,0.185826,-0.628117,3,gear_tooth_crack
-1.317966,2.141584,0.689159,-0.759985,-0.521362,1.4649,0.59153,1.146813,2,shaft_imbalance
-1.910391,1.236204,0.878778,-1.034333,0.289277,1.201709,1.357192,-0.405791,5,thermal_runaway
-0.223961,-1.578503,-1.920629,-0.392047,0.924232,0.011457,1.092389,0.341793,4,misalignment
2.56444,0.248705,0.967468,0.592489,0.442874,1.14516,0.166624,0.360565,10,cavitation
-0.514849,-0.833246,0.492099,1.268744,0.216401,-0.775009,0.84818,0.184989,12,leakage
2.986616,0.489719,-0.403084,-0.544491,2.521552,-0.532657,0.483141,-1.500866,4,misalignment
-1.78554,-1.132587,-0.525469,1.512306,-0.437474,-1.51637,0.166188,-0.188964,7,electrical_fault
-1.047868,0.928872,0.530669,1.044235,1.021141,2.01031,-1.451436,-0.354496,12,leakage
1.205473,-0.544684,1.448081,0.229931,-0.087786,0.487177,1.541335,0.466659,10,cavitation
1.442892,0.177541,-0.047039,0.59513,1.442541,1.016734,0.138224,-1.857219,3,gear_tooth_crack
1.407199,0.730009,-1.776412,1.017533,0.880074,0.068129,0.98574,1.202558,12,leakage
-0.991825,0.654891,0.885069,-0.528649,0.725832,-0.10974,1.147138,2.034151,3,gear_tooth_crack
0.834329,1.189404,0.49845,-1.031824,-0.034606,-0.581922,2.434533,-0.240017,2,shaft_imbalance
-0.740184,0.369576,-0.646894,-0.105513,-0.269891,-1.174228,-0.577503,-0.5615,12,leakage
-1.246087,2.628112,-0.673036,-2.954964,0.242871,-1.053059,-0.283374,-1.452618,4,misalignment
-0.167874,1.096064,0.580396,0.731813,-0.664587,-1.045263,-0.567722,-0.620821,0,normal
0.275871,0.402342,0.957798,-1.426228,2.946143,-0.074429,0.19579,-2.109639,6,thermal_cycling
-0.510935,1.03321,0.3091,1.358064,0.539054,0.391392,0.735955,-0.698958,5,thermal_runaway
-1.949416,-0.47594,-0.153569,1.34207,-0.191,0.603953,-0.714612,0.644353,12,leakage
-0.381682,-1.802912,-0.729284,0.911854,0.437388,-0.399456,-1.179742,0.1004,12,leakage
-2.866672,-2.224201,-0.88006,0.135593,-0.166211,0.999043,-0.808194,-0.909712,4,misalignment
0.786199,0.975984,-0.15513,1.430919,1.368469,0.243399,-0.821892,1.575377,0,normal
1.918576,-2.9734,-2.201841,0.318601,-0.028591,1.346771,0.652475,-0.007202,4,misalignment
-0.686052,-0.70149,-1.599237,0.14286,-0.040573,0.761964,1.260717,1.324294,3,gear_tooth_crack
-0.613107,-0.857563,1.91497,1.126713,1.357196,1.151903,1.051287,-1.203512,2,shaft_imbalance
-0.248924,1.123971,0.992205,0.038894,-0.08112,-1.152087,1.060978,-0.05673,7,electrical_fault
-2.384656,0.658468,1.301397,0.361234,-0.37192,0.784154,0.386123,-0.215789,12,leakage
0.685074,0.750704,-0.241533,-1.839165,-0.725397,-1.366703,0.308735,-0.533519,4,misalignment
-0.762184,-0.478488,-0.856822,0.402021,0.0,1.515242,0.533951,-0.276846,9,intermittent_contact
0.267318,1.053989,1.074499,-1.028096,-7.610198,-0.011038,-0.706075,-0.243323,6,thermal_cycling
-0.463552,2.871216,0.572213,0.675513,0.866374,-0.656453,0.584131,-0.60488,11,blockage
0.42022,-0.294554,-0.637606,-0.712916,1.862168,-0.440294,0.201351,0.785252,9,intermittent_contact
-5.129735,-1.054306,3.146267,2.536673,-0.499873,0.409871,-1.548798,0.081036,4,misalignment
-0.111835,1.730622,-0.315696,-0.153557,-2.169257,0.082115,2.252069,0.794981,11,blockage
0.070113,0.571174,-0.971619,0.739693,0.819343,2.603626,-0.376104,-0.458082,0,normal
0.084836,0.119554,0.701804,0.307357,0.703543,0.335748,0.154045,-0.592079,9,intermittent_contact
0.551859,-2.91716,1.190306,-3.047633,-0.616049,1.025348,-0.317287,-1.466186,0,normal
-1.044242,4.364774,2.150878,0.120156,-0.065631,-0.624041,0.075792,0.897361,1,bearing_degradation
0.481154,1.099035,-0.811711,0.480285,-0.209728,-2.11782,1.952968,-0.20372,7,electrical_fault
1.69734,0.395264,-2.335509,-0.613161,-1.535428,0.346504,0.555182,0.658908,10,cavitation
0.491896,-1.017945,0.03611,-1.591247,5.32489,0.385409,1.106374,-0.817894,6,thermal_cycling
-0.242083,-0.059094,0.443477,0.513306,1.037907,0.563336,0.357818,-1.96145,12,leakage
1.262815,-0.95683,5.416797,0.471013,0.116709,0.901784,-0.908011,0.642578,10,cavitation
-0.032997,0.259866,1.079265,-0.952174,1.527902,2.985593,-0.492035,-1.197281,4,misalignment
-0.502801,0.73995,1.297631,1.166238,1.026871,-0.675239,0.398215,0.645646,8,sensor_drift
-0.294984,6.12992,-1.919253,0.032884,0.129688,-1.781607,-1.150697,0.15769,11,blockage
-0.95285,-0.487437,0.57197,-0.292584,-7.067202,-0.24224,0.611245,0.414942,6,thermal_cycling
0.74648,-0.886551,-0.324341,-1.710451,-1.306623,1.259381,0.167193,-0.629009,9,intermittent_contact
-0.674687,-0.506166,-0.971131,-1.756901,-0.109371,1.844754,-1.712043,-0.024062,2,shaft_imbalance
3.945241,2.109151,2.803772,-0.825606,2.501345,0.362602,-1.228929,-0.197159,4,misalignment
0.008644,-0.26664,1.393256,0.002406,1.969651,0.272247,0.02176,-0.145327,3,gear_tooth_crack
0.365421,-0.717135,-0.427706,0.512486,1.090738,-0.142253,0.930655,1.167061,9,intermittent_contact
-1.211443,1.399056,4.748084,-0.28022,-0.503569,1.148207,-0.312318,1.072886,4,misalignment
0.376656,3.400431,2.541063,0.153978,-0.877838,0.151666,0.659834,1.393544,11,blockage
0.585617,5.082166,-2.723937,0.079515,-1.277103,0.18137,-1.110766,-0.025524,11,blockage
-0.127835,1.566007,-0.208504,-1.718082,15.106257,1.747751,-0.167116,-0.438087,6,thermal_cycling
0.477162,1.18613,0.761505,-0.060846,0.674974,-0.201364,0.146774,0.794802,3,gear_tooth_crack
0.659484,-0.396914,0.113748,0.736837,-0.462556,0.996555,-0.993698,0.294593,0,normal
-0.959085,0.100228,2.64075,0.153126,-0.488018,0.5817,-0.899832,0.717256,10,cavitation
0.816074,0.7105,-1.366557,0.187746,-0.758327,-1.208658,-1.20472,0.821312,9,intermittent_contact
0.266832,0.757746,-0.723531,0.327827,-0.270486,0.504254,0.342724,0.152785,8,sensor_drift
1.14587,1.023674,-0.563144,-2.192315,0.333182,-1.133662,-1.588204,0.370709,9,intermittent_contact
-0.634693,-1.272473,1.125597,-1.0299,-1.896936,1.309015,-1.744439,-0.389739,9,intermittent_contact
0.350441,3.424672,2.722566,-1.482151,-0.652381,0.343585,-0.058028,-0.776461,4,misalignment
-1.629311,-0.605384,0.081955,-1.735267,-1.529488,0.157952,-0.605682,-0.346676,7,electrical_fault
2.660892,-0.066559,0.633192,-1.552124,0.127599,-0.242517,0.046279,-0.989034,4,misalignment
0.427379,-1.36342,-2.720562,0.093047,-2.113558,0.854138,1.558528,-0.164224,2,shaft_imbalance
1.271225,0.827441,-0.909565,0.599471,-0.49581,0.65959,0.147867,-0.34931,8,sensor_drift
-0.79764,-2.141726,-2.569305,0.123159,-3.151378,-2.005355,0.624941,1.545181,6,thermal_cycling
2.953055,-0.564971,1.015123,-1.77065,1.095177,0.120376,-1.242926,-0.49652,2,shaft_imbalance
6.991957,2.528213,1.709839,-2.098373,1.539812,0.629067,0.003363,1.020028,4,misalignment
1.710309,1.280499,-1.629603,-1.030232,-0.518803,-0.086582,0.017412,0.01554,6,thermal_cycling
3.961452,2.475803,0.562102,0.404056,-0.133477,0.832245,0.055185,2.326571,5,thermal_runaway
0.121843,0.001737,0.107397,1.029901,-0.970586,-0.148456,-1.215278,0.226557,5,thermal_runaway
0.152472,-1.141376,-1.30232,0.677472,0.70725,-0.46301,0.462625,0.667606,5,thermal_runaway
-0.213181,1.78492,-0.352504,0.551609,0.702413,0.347379,-0.106406,0.837521,9,intermittent_contact
-0.228336,0.4314,0.487882,-1.059756,-1.089769,-0.22866,-0.775121,-0.880412,3,gear_tooth_crack
0.017486,-1.474713,-2.426402,-1.844864,-0.801382,-0.612785,0.84826,-0.423586,4,misalignment
-0.283867,-0.079244,-1.23159,-0.969689,0.0,-3.58083,0.271469,1.163571,9,intermittent_contact
2.571819,2.008196,-3.216103,-3.804582,1.548409,-1.784832,0.402139,1.211745,4,misalignment
-4.13461,-2.336539,-2.742636,2.842428,-0.056509,0.516414,-0.391532,-0.801479,1,bearing_degradation
2.664229,-1.089949,-0.052881,0.007627,-1.043456,-0.36632,1.757151,0.071845,10,cavitation
0.680585,-0.094546,-0.318581,-1.590005,-1.613197,0.512965,1.266532,1.301604,11,blockage
0.557209,1.291826,1.31665,0.129634,0.77179,0.895551,1.610802,0.242689,4,misalignment
-0.273067,3.688163,0.284848,0.169036,2.120357,1.682857,-0.912534,0.704418,11,blockage
0.873433,2.153003,-1.155716,-0.668723,-0.506473,0.827524,-0.251918,0.312246,5,thermal_runaway
1.339658,0.789361,-0.423486,-0.885041,-1.081937,0.690791,2.264563,-0.078823,8,sensor_drift
-0.909059,-1.31213,-1.321688,0.004557,0.962182,-0.578856,-0.106907,0.857971,6,thermal_cycling
1.875443,2.068847,-1.531437,-0.435936,0.004159,0.463058,-1.727315,-1.743444,2,shaft_imbalance
2.252334,-0.967353,-1.28141,2.920428,0.868582,-0.358009,0.287381,0.154792,1,bearing_degradation
-1.642914,0.360928,1.941589,-2.290442,-0.417717,-1.53519,-0.023305,0.079459,6,thermal_cycling
0.627156,0.67139,0.771333,-1.140981,0.850064,1.561586,-0.982622,0.684657,7,electrical_fault
1.902811,0.014274,-1.033918,1.880079,-0.126142,0.664779,-0.334425,0.142276,7,electrical_fault
-0.197737,-0.987576,0.573931,1.351151,0.841678,1.024613,-1.379736,-0.243071,3,gear_tooth_crack
-0.176258,1.471077,0.718305,1.980413,1.097728,-0.625609,2.330711,-2.10204,2,shaft_imbalance
-0.712062,-2.586203,-0.306333,0.314196,1.058511,1.645776,0.0847,0.658617,7,electrical_fault
0.909006,1.462649,0.413798,1.12279,-7.65615,-0.89136,0.514624,-0.038403,6,thermal_cycling
0.485139,-1.18632,-0.984332,-0.947958,0.874925,-0.009527,1.676362,-0.428955,12,leakage
-0.736549,-0.964795,1.764829,-0.812119,0.641312,0.531043,1.174981,-1.658201,3,gear_tooth_crack
-0.712239,-2.873716,1.179007,1.314165,-0.499776,-0.195437,-1.555849,-1.80461,2,shaft_imbalance
0.297633,1.907839,-0.993847,1.086194,-1.625693,-0.286509,-0.53611,1.537706,2,shaft_imbalance
3.550774,0.007909,0.325996,-0.060488,1.949033,0.123137,-0.740907,2.895389,5,thermal_runaway
0.086278,2.997088,-0.298724,0.898246,-1.317862,-3.143482,-0.481363,-0.120641,11,blockage
-0.227731,0.130954,0.167125,-0.772057,1.970435,0.022222,0.53474,0.424455,6,thermal_cycling
-6.225475,-4.093183,-0.547249,-1.376607,-0.069426,-0.793054,0.078925,-0.433834,1,bearing_degradation
0.177821,1.02287,1.754557,-0.410761,0.58736,0.811696,0.205113,0.702164,10,cavitation
-0.454793,0.208925,3.568058,0.023503,-0.00041,-0.155655,-0.096193,0.767298,10,cavitation
-0.132101,0.227163,1.600047,0.422467,0.726029,1.16927,-1.169676,0.754862,0,normal
-0.037249,0.197556,-1.185185,-2.186442,0.150081,0.32399,1.209265,1.571336,0,normal
1.093347,0.378136,0.702575,0.313541,17.42764,1.300654,-0.473924,0.467639,6,thermal_cycling
-0.736324,0.140806,1.126819,1.197784,-1.12398,-0.186978,-2.19351,0.109184,5,thermal_runaway
1.273661,1.922533,-0.210549,-0.740087,0.428985,-1.423033,-1.301029,1.306873,9,intermittent_contact
-0.641652,-0.633248,0.043927,-0.457136,1.471495,0.558081,-1.533528,-0.758184,6,thermal_cycling
0.412902,3.31605,-0.389547,-0.801623,-0.62331,-0.309169,0.337125,1.272568,11,blockage
1.648593,6.304031,2.804127,0.551449,0.551413,0.567136,-0.168746,1.074795,11,blockage
-0.096951,0.547729,-0.324999,-1.784061,4.819898,-0.068093,-0.477776,-0.909977,6,thermal_cycling
-0.622095,3.317978,-1.017379,0.714906,0.437905,0.889166,-2.752201,0.05248,10,cavitation
-1.293378,1.116086,0.744212,-0.729421,-0.529077,-0.546461,0.159877,-0.203977,2,shaft_imbalance
-0.727095,-1.241484,-1.241508,1.551058,-0.143435,1.769582,-0.890014,0.491125,5,thermal_runaway
-0.173914,-0.022772,0.27626,0.890487,1.168846,-0.259341,-0.598143,-0.128411,10,cavitation
0.872349,0.185835,1.149377,-0.044733,-1.405164,0.96613,-0.370371,0.342003,0,normal
1.50069,-0.676244,-1.516411,-1.807198,0.603409,0.135221,-0.781795,0.271842,7,electrical_fault
-0.305365,-1.141597,-0.471628,0.559447,0.483754,0.301412,-0.090762,0.996817,2,shaft_imbalance
-0.147073,0.080608,-0.78179,-0.860683,0.769148,0.444942,0.455298,0.280854,0,normal
-0.740601,-0.502246,0.382355,-0.664026,-1.707907,0.832034,1.127973,0.692589,6,thermal_cycling
-1.84126,0.017874,-0.680861,1.210363,0.177972,0.316897,1.017369,1.630675,11,blockage
1.854082,0.508111,-0.403316,-0.512966,-1.037094,0.808102,-1.101419,0.799328,7,electrical_fault
-0.589519,-0.000967,0.768691,0.682849,0.402619,0.594188,0.487606,-0.778804,2,shaft_imbalance
0.610845,-0.4342,0.790393,0.979585,1.291686,1.778321,-0.866416,0.013898,0,normal
2.299743,1.819842,0.160725,2.049119,0.727072,0.959773,2.544084,-0.626098,5,thermal_runaway
2.572517,-0.750002,-0.507401,-0.306119,-0.490222,-0.890021,-2.762676,-0.434699,0,normal
-0.913855,0.436817,0.715572,-0.315532,0.591206,2.643557,-1.334228,0.378533,8,sensor_drift
-0.052221,-0.339191,3.669837,2.051268,0.163908,0.104801,-1.965989,0.093013,10,cavitation
0.914449,0.703335,0.467556,-1.650336,-1.198463,0.249988,-0.676139,-0.562042,10,cavitation
-1.068545,0.75303,-1.277742,-0.118154,2.681072,0.459561,0.742249,-1.061035,3,gear_tooth_crack
-3.29447,1.084721,0.529562,-1.20761,0.473132,-0.447305,-0.418972,-0.768415,2,shaft_imbalance
0.396832,-3.567473,-4.246173,-4.692573,-1.286733,-1.110775,-0.571088,-0.480301,4,misalignment
-0.80804,0.491631,1.384803,-1.640517,0.979303,-1.880373,1.397518,-0.238666,9,intermittent_contact
0.206768,-1.210191,-1.137559,-0.728256,-0.707709,0.793046,-0.555211,1.631398,12,leakage
-0.14082,2.875021,0.133179,-0.129768,-0.943552,0.373265,-0.495269,0.45054,11,blockage
0.270943,0.199464,-0.25586,-0.315202,-1.761366,-1.016698,0.95899,1.197232,10,cavitation
-0.825095,-1.692844,-0.479387,-0.57808,1.228792,-0.088272,-0.213011,-0.379839,6,thermal_cycling
0.315745,-1.247784,-0.973901,-0.955734,-0.338864,-1.101102,-0.949893,0.944984,11,blockage
3.410806,-0.123993,2.946026,-0.988709,-0.983063,1.077708,0.756258,0.472399,3,gear_tooth_crack
-0.724791,1.343687,1.593899,-0.084154,0.465699,1.669576,2.648828,0.41886,12,leakage
-1.546715,0.377504,0.728544,0.218923,0.502441,-1.932521,-0.990215,1.366047,5,thermal_runaway
2.158837,0.497365,-0.085911,0.29946,-0.188223,-0.716219,0.288838,-0.333125,1,bearing_degradation
0.97205,0.102567,0.260018,-0.401997,0.743044,1.290561,-0.407519,0.761032,5,thermal_runaway
-0.497336,-0.078419,-0.317316,-0.247682,3.622431,-1.000356,0.272652,-0.110259,6,thermal_cycling
-1.817203,0.503857,-0.085332,-0.501764,0.582594,-0.003223,-2.39342,-0.197846,10,cavitation
0.902658,0.585806,-1.281471,0.745566,1.924937,-0.627854,1.487301,-2.382132,2,shaft_imbalance
-0.211734,0.498719,-2.107192,-0.043134,1.997514,0.132347,0.067913,0.548128,0,normal
0.990056,0.702939,1.05217,-0.014149,0.634749,1.860997,-0.278024,0.471075,12,leakage
0.444498,2.073014,-0.294862,0.329749,-0.605006,0.236488,-0.625382,-0.258937,9,intermittent_contact
-0.156012,-0.18474,1.862998,-1.068817,0.797684,4.479311,-0.500858,-0.648115,8,sensor_drift
-1.259099,-0.971698,1.863622,0.577973,-0.288887,-0.055319,-0.806631,0.276593,3,gear_tooth_crack
-0.811777,-0.10427,-0.948691,-0.350712,-0.342959,0.412275,0.890358,1.216178,7,electrical_fault
2.359406,0.327908,-0.917462,1.413794,1.292674,1.78009,1.655127,1.61351,5,thermal_runaway
-0.45857,5.160403,0.223115,-0.02821,-0.534651,1.503742,-1.103329,-0.737251,10,cavitation
-0.37768,0.825562,2.12887,0.217207,0.166735,-0.796958,0.867182,-3.131905,1,bearing_degradation
-0.367494,-3.317132,-1.246761,-2.571108,0.266768,-0.716339,1.463025,-1.325101,10,cavitation
0.250604,-0.265176,0.122896,0.001915,-0.815858,-0.404766,-0.324227,0.733184,11,blockage
3.95509,3.210331,2.76852,-2.216756,1.193729,0.262867,1.826965,-0.849046,4,misalignment
-0.407545,-0.79266,1.12687,-0.177281,7.45887,-0.600771,-0.407459,0.550123,6,thermal_cycling
0.864339,0.967825,2.367431,1.705153,-0.087715,0.309975,-0.157066,-0.022703,10,cavitation
-0.033458,1.18527,-1.3145,-2.391326,-3.095937,-1.151306,-3.012483,1.746351,6,thermal_cycling
0.398347,1.594487,-0.439323,1.567017,-0.754324,-3.385513,0.743811,0.540399,5,thermal_runaway
-0.684881,-0.245028,-0.562183,0.550754,0.463914,1.05097,0.50232,-0.115374,7,electrical_fault
-0.095024,0.99926,0.490973,-0.574558,-0.142117,-0.349221,-0.727517,-0.085322,7,electrical_fault
0.181273,1.398859,-1.228514,0.650763,0.042381,-1.291975,-1.050501,-0.149049,12,leakage
-0.487611,2.022393,-0.252014,0.569611,-0.669036,0.933143,0.733468,0.41926,3,gear_tooth_crack
-1.632107,1.179792,0.891672,1.309981,1.724041,1.892534,-0.277789,0.540816,10,cavitation
-0.39204,0.139924,-0.816575,-1.146832,-0.940221,-0.634813,-1.163474,0.16206,0,normal
4.065212,2.248818,0.423753,-1.988514,0.707309,1.491993,-0.674515,0.850809,4,misalignment
0.647335,-0.033006,-1.102853,-1.78725,-0.834587,0.121768,-1.183552,0.982902,9,intermittent_contact
-0.434304,1.668049,1.751727,-1.779635,1.045109,-0.610756,0.236292,-0.938909,2,shaft_imbalance
0.131945,2.740574,0.538878,-1.533813,0.920001,0.585342,-1.65754,1.549555,11,blockage
0.09653,0.007599,1.173262,-0.959078,1.454535,-0.146815,0.148535,-1.064837,7,electrical_fault
-0.356934,-0.198271,-0.526366,-0.607974,-0.492121,-0.015251,0.164885,0.953411,5,thermal_runaway
0.051082,1.366081,-4.408897,3.135826,0.572416,0.907596,-0.764168,0.017751,1,bearing_degradation
-0.106598,-0.703766,0.31812,0.831373,13.284523,1.060907,0.662396,-1.048442,6,thermal_cycling
0.592834,0.270625,0.914826,-1.362068,0.420875,2.251642,-0.050007,-0.249674,8,sensor_drift
-2.723811,-0.954591,1.414075,-0.955368,-0.260791,0.294118,0.294673,-0.532521,9,intermittent_contact
-0.978813,-1.5454,-1.550151,0.194801,0.710877,-0.441664,-0.244804,1.907847,7,electrical_fault
1.113633,1.74474,1.236357,1.749549,1.37906,1.466218,-0.040868,-1.289326,3,gear_tooth_crack
-2.001915,2.770181,0.434565,-0.944881,0.189114,0.391083,0.484097,0.363289,12,leakage
2.427095,0.469205,0.395993,3.406657,-0.058375,-0.730202,0.097538,0.756003,5,thermal_runaway
-1.313221,-1.043523,-1.313054,-0.122394,-0.892276,1.113966,0.18027,0.794313,8,sensor_drift
-1.547674,-1.33993,0.556639,-0.32053,4.977103,-0.648746,-0.778981,0.923461,6,thermal_cycling
-1.153831,-0.3162,-2.227655,-0.111861,-0.816008,-0.217768,2.923643,1.717804,2,shaft_imbalance
-4.805203,1.079507,3.559585,0.987379,0.777128,0.601104,-0.548159,-0.172522,1,bearing_degradation
3.236925,1.30317,2.165121,0.199779,0.713048,-0.771163,-1.651402,-1.124141,1,bearing_degradation
-0.505239,1.398631,3.403808,2.000744,0.698523,-1.019606,-0.171536,1.139737,4,misalignment
-2.863611,-2.521447,-0.703413,-2.695019,2.195496,-0.472321,1.246402,1.144365,10,cavitation
1.246157,4.999607,1.239488,-1.743268,-0.321873,0.331697,-0.021708,-0.664338,1,bearing_degradation
-0.990484,0.807106,-0.147606,-0.260889,0.390608,0.359713,0.888686,-0.849304,9,intermittent_contact
0.07948,0.699643,-0.307052,-0.424905,1.422324,0.044054,-1.407833,0.394121,11,blockage
0.448081,-0.343731,0.267862,-0.98696,0.387198,-1.17487,-0.359288,-0.642893,3,gear_tooth_crack
1.389557,-0.024716,-0.37825,0.79664,-0.713794,1.889972,0.252573,0.332542,8,sensor_drift
0.180976,-0.519391,0.470258,-2.271377,0.55315,-0.476387,-0.109705,1.465723,3,gear_tooth_crack
0.611631,0.397473,-0.759628,-1.367353,1.166293,0.440346,-0.621038,1.187122,9,intermittent_contact
2.597709,1.919657,2.179268,1.533104,-0.590903,-0.044144,0.291441,0.374455,12,leakage
0.03163,-0.035711,-0.70301,-0.65371,-0.089779,0.886151,-0.076486,1.622731,2,shaft_imbalance
1.243778,-1.668934,-1.712941,-0.796727,0.82242,0.001744,-0.186402,-1.290836,7,electrical_fault
1.305452,1.798958,-0.03794,-0.865951,0.649331,-0.003931,0.504507,-0.496082,4,misalignment
1.265769,2.15807,0.767312,-0.507411,0.766184,-0.239499,-0.378285,-0.958459,1,bearing_degradation
0.362905,-0.001786,-0.348521,1.352091,-0.113783,0.995658,-0.217271,-0.1132,8,sensor_drift
0.779881,5.787141,1.643127,1.818211,0.637703,-0.640614,0.022283,0.290114,11,blockage
4.437237,-1.183084,1.48008,2.392451,1.597764,0.751943,-1.511459,-0.961619,3,gear_tooth_crack
1.674963,1.282197,1.09125,2.206624,1.652678,1.678609,-0.797614,2.192183,2,shaft_imbalance
-0.360485,-0.845149,-0.750252,0.138547,-0.150201,-1.94058,1.693759,-0.419711,7,electrical_fault
-0.403199,1.401742,-0.807314,-2.125959,-1.05068,2.688,-1.410682,1.776486,10,cavitation
-2.42882,-0.890737,1.556713,-0.833582,0.110181,-1.044809,0.106486,0.511399,1,bearing_degradation
-1.193248,-1.787967,-0.679702,0.538818,-0.197708,0.012185,-0.404697,1.932219,12,leakage
1.310567,1.497993,0.283699,-0.070285,0.391553,2.476962,-0.29268,1.134937,9,intermittent_contact
-0.661923,-0.028092,0.078654,1.418215,-1.12616,1.17535,0.19475,-0.026942,12,leakage
-0.931607,-0.831783,0.163398,1.887931,0.873566,1.469729,-1.190343,1.502016,2,shaft_imbalance
-1.810988,-1.27174,-0.034162,-0.410155,-0.012125,1.697544,-0.286339,-0.762757,10,cavitation
-2.424211,4.349416,-0.498717,-1.114358,0.288205,1.180626,0.051976,-0.990665,11,blockage
-0.340897,0.107155,-1.279254,0.526202,-0.651374,0.10017,-0.284099,1.925013,0,normal
0.229976,0.905776,0.009342,2.764822,-0.919762,0.444942,1.291203,1.065677,3,gear_tooth_crack
2.230871,0.01803,-1.810325,0.705237,2.220193,-2.236424,0.71444,-0.989342,12,leakage
-0.15529,-0.595374,-1.549223,-1.214179,0.310206,0.881455,-0.419222,1.211015,5,thermal_runaway
-5.073856,-1.360994,-1.069374,1.388415,0.17182,-0.42712,-0.762113,-0.369822,4,misalignment
-1.027335,-0.752403,1.686173,-0.763474,0.640902,-0.944671,1.008383,-0.686397,3,gear_tooth_crack
-0.67114,0.312009,1.155312,0.608761,-2.29129,0.304367,0.072034,0.41389,0,normal
-0.259614,0.969804,0.874278,-0.98191,-0.855526,0.108702,1.726132,-1.915565,0,normal
0.198501,-2.618679,-0.032648,1.092982,0.602184,0.298556,0.649239,1.103257,3,gear_tooth_crack
0.297019,-0.372982,0.54715,0.490509,-1.114781,-0.489772,-0.454087,-0.255523,9,intermittent_contact
-0.772524,0.479543,-0.467767,0.886123,-1.205396,0.011828,1.269496,0.463068,2,shaft_imbalance
-1.019055,2.43924,-1.865722,0.868176,1.631549,0.128964,-0.674753,-0.038076,10,cavitation
-0.787515,-1.379951,0.154748,-1.99169,-0.267061,1.022311,0.448471,0.254902,7,electrical_fault
-0.211496,0.03579,0.502745,-0.847932,-1.536453,-0.730604,1.728468,-0.575159,9,intermittent_contact
6.419974,1.074604,1.944527,3.409495,0.908905,0.23557,1.643724,1.541972,5,thermal_runaway
-1.141523,-0.033576,0.015931,-0.759133,1.489441,-0.199582,-1.045546,-2.868743,12,leakage
2.57801,-0.389951,-0.203149,-0.672669,1.024016,1.325008,-0.677217,-0.29608,3,gear_tooth_crack
0.368401,0.036646,0.4336,-1.989589,-0.944315,0.601589,-0.439144,-1.453058,2,shaft_imbalance
-0.693254,0.839262,-0.551385,-0.081672,10.054941,-0.408025,-0.492935,-1.258688,6,thermal_cycling
-2.443835,-2.980536,0.506607,0.589209,0.502089,-0.304824,-0.475364,0.509346,4,misalignment
-1.093737,1.026906,-1.921505,1.128991,-0.055102,-1.192395,-0.583115,-1.017224,0,normal
0.181971,-0.520643,0.958727,-0.518722,-0.494707,-0.957076,-0.742254,-0.660886,7,electrical_fault
-2.339969,0.693377,-0.53348,0.468537,21.06729,-1.013066,-1.669593,-0.276398,6,thermal_cycling
-0.428378,-0.966358,1.76512,0.04227,0.459508,3.554828,0.818584,-0.409453,8,sensor_drift
-1.471467,-0.047206,-0.267656,-1.263533,0.095252,0.769594,0.096491,1.384463,2,shaft_imbalance
1.187713,5.678454,-1.511984,-0.959156,0.24828,-0.11012,0.839289,-2.380569,11,blockage
0.369358,-0.493222,1.935381,0.013376,1.291029,0.26142,0.826407,0.279242,0,normal
-0.528369,0.797792,-2.038309,0.662145,0.38561,-0.781827,-0.967505,0.061628,12,leakage
0.42236,-1.993262,-2.052846,-0.010797,-0.994091,0.780202,0.846306,-0.355266,4,misalignment
-1.566335,-0.037198,0.385132,-0.313835,-1.18305,0.558532,-0.000657,-1.008184,10,cavitation
0.026424,-0.180807,-0.971481,0.734637,-0.14971,-0.236622,-0.095235,-0.645249,9,intermittent_contact
-0.621281,2.185084,1.163613,-1.248339,-1.16847,0.277815,-0.492817,-0.418307,4,misalignment
2.046493,-3.649434,-2.500661,-9.80314,2.055477,-0.894272,2.051813,-1.449241,1,bearing_degradation
-1.916018,0.761979,-0.454527,0.939218,0.591906,0.038289,-0.943393,0.362639,10,cavitation
2.051713,-0.569944,-0.206033,-0.588084,-0.060856,0.923281,-0.701566,1.784873,3,gear_tooth_crack
-1.803556,-1.262831,1.886544,2.667409,-2.169048,1.564815,0.086721,1.01272,2,shaft_imbalance
0.568837,-1.971771,0.649893,-1.510177,-2.637531,0.179248,0.618106,-0.193409,10,cavitation
-1.978222,-0.258756,-0.126356,-3.904453,0.328276,0.636968,0.36459,0.942834,10,cavitation
1.492494,-0.109577,-1.467827,-0.245124,-1.197598,-1.393626,1.998828,-0.351609,3,gear_tooth_crack
-0.222002,-1.833103,-1.14411,1.104746,-0.842141,-0.074498,0.06275,-1.385201,12,leakage
-0.305115,-0.797349,1.630516,-0.348867,-0.44337,1.096142,-0.72236,-0.594727,1,bearing_degradation
-1.432838,0.65716,-0.476089,0.320909,2.08315,-0.837777,-1.000551,0.078212,9,intermittent_contact
-2.041538,-0.218572,1.258369,-0.007029,0.742677,1.448175,0.703623,-0.257709,9,intermittent_contact
-0.045419,0.096951,-0.068802,-0.361418,5.971391,0.940661,-0.09714,0.093028,6,thermal_cycling
0.803255,0.015096,-1.267817,-0.845148,-0.328847,0.77022,-0.182818,0.634909,7,electrical_fault
2.348236,1.538407,3.487075,1.277519,0.499415,0.543463,-0.928834,-0.958443,4,misalignment
-0.295726,0.801071,-0.84516,-0.240149,0.593643,1.518269,-1.293938,-1.368074,3,gear_tooth_crack
-1.163524,0.465354,0.763556,-0.788487,-0.602888,-0.004315,-0.493893,-1.477346,10,cavitation
5.572317,-1.39946,0.178465,0.615102,1.607216,-0.138297,3.815103,1.015669,5,thermal_runaway
0.392048,-0.382518,-0.630177,0.621228,-0.442471,-0.061998,-0.761811,-0.580239,2,shaft_imbalance
2.155745,0.832765,1.00941,-0.502791,0.104665,0.426482,-0.659558,-0.42573,2,shaft_imbalance
-0.156284,-0.143395,-0.66031,0.62577,1.316654,-0.305819,-0.314216,-1.050688,6,thermal_cycling
-3.131123,3.583894,1.391328,-8.504346,0.898172,-0.728614,1.090166,-0.733394,1,bearing_degradation
1.063785,0.788608,0.189809,-0.485885,1.02619,-0.019758,-0.81827,-1.716249,1,bearing_degradation
-0.707265,0.968998,-0.361833,-0.48975,0.908601,0.031086,0.278576,0.013985,0,normal
0.062745,2.290246,1.204022,-0.362402,-0.86505,0.195609,1.975395,-0.053184,11,blockage
-0.019093,3.26222,3.139963,2.493694,-0.037822,0.281012,0.318119,-0.721186,4,misalignment
-1.442648,-2.144925,0.888898,-0.058033,0.752272,-1.051098,-0.109999,1.334477,10,cavitation
-0.843452,0.001849,1.10736,1.567402,1.57092,-0.468424,-1.183022,0.883701,12,leakage
-0.650158,-0.386052,0.459343,-1.788664,-0.705425,0.160453,1.209824,0.839261,10,cavitation
-0.008039,-0.695845,0.48096,0.734089,0.300983,0.156912,1.482231,1.357247,5,thermal_runaway
-0.714723,0.354537,-0.962497,0.515921,-0.123969,-3.810019,-0.810713,0.191097,9,intermittent_contact
-4.427846,1.158568,1.254969,3.547615,1.027173,0.36293,-0.135679,0.193782,4,misalignment
1.433971,-1.403063,-0.029982,-0.164891,-1.989571,0.916504,0.62571,2.026088,7,electrical_fault
-0.281962,-0.261912,0.495588,0.368374,0.722225,0.266831,0.661315,-0.897864,3,gear_tooth_crack
-2.791475,-4.485352,-1.474781,1.549392,0.176915,0.529241,0.465651,-0.768173,4,misalignment
2.56494,0.794361,-0.805214,1.406355,1.705152,0.001697,2.432066,-1.217795,3,gear_tooth_crack
2.80442,0.12751,0.037308,-1.024742,1.103823,1.036462,0.506459,0.791598,5,thermal_runaway
-0.033295,-1.161934,-0.677274,-0.801619,-1.274618,0.094827,-1.227916,-2.180366,0,normal
1.826361,0.917992,-2.78893,-0.757998,0.114717,-1.098217,-1.145087,-0.418717,9,intermittent_contact
-0.719235,0.24197,0.015648,0.534543,-7.480734,2.675211,0.463329,-0.110394,6,thermal_cycling
0.058448,3.68142,-1.641539,-1.8234,0.797744,0.522215,0.355265,-0.936847,11,blockage
1.658914,8.076672,0.489415,-0.326117,-2.60681,-1.744418,0.498393,0.196179,11,blockage
1.623765,-0.739917,0.247676,-0.182405,-0.269352,-0.165471,-0.085668,0.210736,9,intermittent_contact
-3.29208,-1.322278,-1.225235,-0.218609,0.867535,0.561055,1.987095,-0.153826,10,cavitation
-0.573445,-1.318919,-2.142782,-1.19215,-0.597287,0.689057,-0.989529,-0.357597,2,shaft_imbalance
-0.383657,0.205296,0.033122,-0.87462,-1.068096,0.270776,0.343187,-0.674445,2,shaft_imbalance
-0.391101,1.031954,-0.53651,-0.378565,-0.596949,3.234007,-0.694467,1.772457,8,sensor_drift
1.676988,8.355286,-5.092308,-2.926836,-0.352302,-1.597722,0.014673,-0.780454,1,bearing_degradation
3.234402,0.387068,-0.398416,-0.459247,0.370813,-0.058234,1.446277,0.395091,5,thermal_runaway
4.223848,1.752674,1.185585,1.275465,-0.295397,-0.103885,-1.134313,-0.723909,5,thermal_runaway
-0.512106,-1.10036,1.066797,1.492103,-1.286493,-0.517491,-0.914258,0.481417,9,intermittent_contact
1.710937,-0.784893,1.036327,0.456731,-0.411985,2.592556,0.265478,0.360639,8,sensor_drift
-3.07448,0.769174,-2.599448,1.088847,0.848406,0.554161,-0.748682,0.136699,1,bearing_degradation
-0.456798,0.188241,-1.394852,0.37586,-0.080262,1.073779,0.857013,0.940333,7,electrical_fault
-0.054935,1.13269,1.26454,-1.421764,-0.312355,1.358121,0.508079,0.195263,0,normal
0.364651,1.162198,-0.517435,0.645783,1.015809,0.677496,0.13417,0.713323,2,shaft_imbalance
-0.937202,0.692722,-0.054456,0.014958,-0.246345,-0.406689,-0.232983,1.18165,7,electrical_fault
0.819107,-0.410149,0.721255,0.429104,0.0,0.693055,-2.159874,-1.085671,9,intermittent_contact
-2.737534,-4.485041,-2.230681,2.577626,-0.520732,-0.870532,0.155464,0.499023,1,bearing_degradation
-0.528752,-1.11689,-0.727521,-1.098451,0.824913,4.460748,0.308079,-1.926977,8,sensor_drift
0.135091,-1.133247,-0.710785,1.547902,-1.602706,-0.183182,-1.166309,-0.751637,3,gear_tooth_crack
-0.521448,0.632882,1.118496,-0.577764,1.509578,1.115167,-1.242012,1.594978,9,intermittent_contact
-0.763849,1.034211,1.600559,-0.441478,0.549974,1.005697,-0.020155,-0.246316,2,shaft_imbalance
0.932147,-0.480987,0.071585,2.137527,0.632728,-2.219222,0.454821,-0.581698,2,shaft_imbalance
1.322649,0.240965,0.193454,0.321622,-0.582811,0.991384,-0.916363,0.422754,9,intermittent_contact
0.958043,-0.592845,0.676947,0.56688,-0.179635,1.663532,1.522896,0.149647,4,misalignment
-0.518355,3.58073,-0.907657,-0.776165,-0.342198,0.583833,-0.883903,-1.20376,11,blockage
-1.915058,0.334946,4.216763,0.364092,-1.93939,-0.042774,0.180404,0.709693,10,cavitation
2.11187,2.618513,1.017608,-0.581028,-0.10423,0.060333,0.37,1.510299,10,cavitation
2.385739,-0.477876,-0.514756,0.504679,1.416998,1.337569,-0.066305,-0.944386,4,misalignment
0.386391,0.85693,0.230142,0.178007,1.486502,0.539667,0.194838,0.042214,10,cavitation
0.768966,0.819104,-0.535087,-0.403163,0.541131,-0.827584,-0.410534,0.089593,0,normal
-1.544024,0.718509,-0.040125,0.003208,-2.461838,-1.097425,-0.167422,-1.969562,12,leakage
-1.170007,0.711367,-1.488252,0.544235,0.944806,0.806176,0.270387,0.394892,10,cavitation
-0.420446,0.066441,1.47956,-0.299953,-0.690501,2.746371,-0.433185,-0.190658,3,gear_tooth_crack
-0.619714,0.086163,-2.556618,-4.809386,-1.261575,-1.84787,-1.085179,1.508685,1,bearing_degradation
0.243184,-0.213096,1.457682,0.116264,0.008754,-0.458242,-0.515964,0.237722,3,gear_tooth_crack
2.799632,-0.199045,-0.548862,1.204269,0.671253,-0.692351,0.24188,-0.618839,3,gear_tooth_crack
-0.33389,-0.980826,0.616111,-0.172548,0.885312,-0.717083,-1.531835,-0.451041,12,leakage
-0.709414,1.312089,-0.059325,-0.771117,-0.139305,-0.338341,-0.595228,-1.188346,2,shaft_imbalance
1.3855,3.212277,1.708759,1.928567,-1.288358,-1.44277,1.159703,1.789606,4,misalignment
0.397025,0.237614,-0.010424,-0.530249,0.939716,-0.501347,0.307817,0.195328,3,gear_tooth_crack
-1.946332,0.632613,-1.568436,1.354009,0.208556,-0.463421,0.990154,0.353499,3,gear_tooth_crack
0.422476,1.636845,0.653933,-1.268207,-1.281581,-0.751625,0.157908,0.225943,2,shaft_imbalance
-0.738987,-0.318399,-0.98888,0.229569,0.372279,0.727492,-0.833324,0.839959,7,electrical_fault
1.274243,0.486687,-0.483097,-1.716436,0.191944,-1.607307,-0.086659,-0.79958,7,electrical_fault
-0.693806,0.199166,1.085585,0.79599,-0.279613,-0.680177,-0.179874,-0.975006,5,thermal_runaway
6.120822,3.25664,0.845773,2.557021,2.550613,1.526436,0.030202,0.50623,5,thermal_runaway
1.94879,1.31893,-1.978508,0.655474,0.0,-0.508527,-1.248476,-2.000796,9,intermittent_contact
0.434766,-0.376156,-0.133823,-1.374896,-0.238174,-0.266387,0.23217,-0.555327,0,normal
-0.766145,-0.893789,0.615068,0.211106,0.338072,-1.635967,0.655999,0.287297,2,shaft_imbalance
4.944324,-0.750269,-0.156426,-1.112337,-0.389709,-0.247065,0.682207,-0.705205,3,gear_tooth_crack
0.960332,-0.05302,0.305458,0.522468,-0.461868,5.048717,-1.030907,-0.13125,8,sensor_drift
1.275265,0.438857,-0.021577,0.694313,1.92731,1.413531,0.962221,-0.886726,3,gear_tooth_crack
-1.99306,-1.296472,-1.482185,-2.333616,-0.678264,0.749434,-0.284884,0.19779,0,normal
-0.634808,-0.775721,-1.069933,0.470261,1.221434,0.406734,0.171947,-1.230644,12,leakage
1.583658,2.804686,-1.698301,1.014367,0.110234,-0.562302,-0.741126,0.269273,10,cavitation
0.074436,2.428903,-0.206221,-1.145716,1.354814,-1.042449,-0.33624,2.12633,10,cavitation
-1.207173,0.808002,3.23935,2.572631,-0.373483,0.478444,-0.412598,0.457362,4,misalignment
-0.890813,-0.431893,-0.982369,0.907109,0.301598,-0.067407,0.282299,0.634695,10,cavitation
-5.674702,0.407466,1.385526,8.479003,-0.761034,0.707041,-1.605133,-1.579719,1,bearing_degradation
2.031813,9.254813,-0.392785,1.732738,1.457787,0.300293,1.444344,-1.241738,1,bearing_degradation
-2.026727,-1.427239,0.260155,0.622222,-1.024553,-1.281132,1.022413,-1.224353,6,thermal_cycling
6.377734,2.854886,2.659611,1.283381,2.598162,1.074547,2.205599,1.245073,5,thermal_runaway
1.607514,5.620313,-1.636852,0.24642,-0.238621,0.061773,0.01939,0.746113,11,blockage
-3.17892,2.301903,0.540042,-0.972426,-1.052615,-2.025118,1.19106,0.045286,10,cavitation
1.571846,8.320499,2.165247,0.830642,0.731856,-1.848046,0.1163,0.857807,11,blockage
1.612153,-1.333161,-6.629365,-0.419455,-0.492217,-1.458131,-0.651495,0.266223,1,bearing_degradation
-0.585552,-1.712995,1.184179,0.927006,-0.446271,-0.599044,-0.943853,-0.289312,7,electrical_fault
-0.056584,2.99663,-0.770373,0.249409,-0.795964,-0.892182,-0.003622,0.104072,11,blockage
1.540957,0.455217,0.181889,0.211961,-0.083561,-0.524243,-0.833589,1.010325,7,electrical_fault
3.759221,-2.712904,-1.034887,1.502786,-0.116917,0.860541,0.145391,0.356802,10,cavitation
-0.18025,1.534763,-0.546936,-0.414895,-0.65917,0.245557,-0.268613,0.872293,12,leakage
-0.299643,-0.060792,-1.196802,0.35162,1.213332,1.330645,-0.260174,0.893888,7,electrical_fault
1.080959,0.747789,-1.488629,-1.248606,1.20328,1.0601,-1.731374,0.786488,6,thermal_cycling
0.965508,-0.619877,-0.340636,-0.6126,-1.511756,-1.524345,-0.732518,-0.395932,12,leakage
-0.448749,0.582965,0.929351,-0.93202,1.330236,0.99196,-0.741961,0.92491,5,thermal_runaway
-1.262247,0.486132,-0.734513,0.277991,-0.564331,-0.567017,1.523095,-1.409087,2,shaft_imbalance
-1.349545,1.735333,-1.789664,-0.15002,-0.205867,0.216525,-1.494892,0.565251,10,cavitation
-1.104024,-1.908279,0.813965,-0.065555,-0.498662,-0.936256,-0.428127,0.505097,12,leakage
-2.416512,-2.58948,-0.556416,-0.085657,-0.097954,-0.974857,-1.05163,0.521345,7,electrical_fault
-1.479536,0.189227,-1.933541,0.614374,-0.384223,-0.448126,0.171989,-0.709288,2,shaft_imbalance
-2.185249,0.290418,0.651863,0.180995,-1.612236,1.058524,-0.484968,1.093696,10,cavitation
2.336219,2.33792,-0.360869,-0.896843,0.338939,2.427472,0.102423,1.461841,1,bearing_degradation
-0.338766,3.683001,0.920014,0.58019,0.560962,0.5499,-1.614375,0.44068,11,blockage
-2.682275,6.86179,0.497903,1.143014,-0.955602,0.476764,-0.490593,1.083362,11,blockage
-0.678826,0.662457,-0.374458,0.028651,-1.499152,0.855989,1.927941,-0.737785,6,thermal_cycling
-0.11258,1.644921,-1.150859,0.271477,-5.851265,0.091404,-0.250048,-0.876318,6,thermal_cycling
-0.84067,1.566816,-0.523658,0.966907,1.057835,0.272333,-1.852798,-0.966794,1,bearing_degradation
-1.000172,1.244945,0.364832,2.783251,-0.864196,1.762841,0.461969,-1.152013,10,cavitation
-0.738377,-0.616175,-0.85082,-1.077583,-0.299653,-1.216604,0.335042,0.051698,0,normal
0.37388,0.586915,-0.011798,-0.714002,-0.024031,0.323369,-0.178434,1.107547,7,electrical_fault
-0.115939,2.104542,0.783117,0.27608,0.920427,1.530885,0.899052,-0.075835,5,thermal_runaway
0.240564,1.43723,0.687434,-1.672599,1.530015,-0.070721,2.437947,0.528275,4,misalignment
-0.62695,0.609339,-0.40554,1.216576,1.710207,0.084084,0.05989,0.972164,8,sensor_drift
0.634136,3.53277,0.845584,-0.72285,-0.232161,-1.46903,1.448963,0.312883,2,shaft_imbalance
-0.149819,-0.096439,0.342943,0.647665,1.373228,0.240041,-0.002656,-0.991533,7,electrical_fault
-0.528964,-0.644122,-0.25401,-0.963906,3.056407,-1.042712,-0.048962,-0.148101,6,thermal_cycling
-0.526187,-0.837999,1.208466,0.1135,1.254364,-0.975845,0.652583,1.815179,12,leakage
-3.018089,-3.702402,0.535883,1.519853,0.142842,1.025796,0.843359,-1.404518,4,misalignment
0.968246,2.417806,-1.389523,1.458171,0.070136,0.8061,-1.647777,1.468082,0,normal
-2.111146,0.983299,-0.184687,2.210829,1.470924,-0.505267,0.721903,-0.593955,2,shaft_imbalance
-1.219971,-1.673662,0.37074,-0.192082,-3.488964,-0.889902,-1.097944,0.776179,6,thermal_cycling
0.497732,-0.116428,-0.843596,-2.376041,0.155315,1.694027,-0.60972,0.451322,10,cavitation
-1.093471,0.396991,0.060386,-1.302652,-0.051197,-0.07973,1.797561,0.894213,0,normal
-0.070862,-1.926705,2.264089,0.13965,0.866773,-0.461509,-1.543086,1.425815,3,gear_tooth_crack
1.636213,-2.351394,-0.773251,-0.990221,1.126668,1.26295,0.529178,1.246365,2,shaft_imbalance
-0.664626,0.360592,-1.390685,1.438705,-0.144028,0.29004,2.32578,1.51644,0,normal
-0.701393,-1.324974,-0.586748,-1.032961,0.566266,-1.064879,-0.669431,0.003181,9,intermittent_contact
-0.622207,2.060298,-0.225431,-1.277016,0.06992,-1.076245,-0.751756,0.397033,0,normal
-0.667362,-1.082199,-0.700479,-1.50603,0.348253,-0.162753,-1.534322,-0.616506,9,intermittent_contact
-0.022883,-1.436147,-3.400081,0.677649,0.244466,0.825524,-0.117002,0.664825,2,shaft_imbalance
1.440267,-0.590981,-0.262318,0.282678,1.547658,4.454312,0.412457,0.853367,8,sensor_drift
-0.421787,-0.438132,-0.636009,-1.495977,1.471769,0.745387,-0.345027,1.304593,2,shaft_imbalance
-0.02887,-0.060861,-0.53841,0.633906,4.573185,-0.076332,1.037845,0.7919,6,thermal_cycling
0.254362,1.377919,1.378617,-0.599149,2.717145,-0.362171,-1.01594,-1.361846,6,thermal_cycling
0.457084,-1.186332,0.408839,1.139776,-0.49369,0.000913,-2.068547,-0.897034,5,thermal_runaway
3.862247,1.37515,1.544715,1.549977,0.093142,0.89428,0.467502,0.850029,5,thermal_runaway
-0.103708,0.419316,0.906597,-1.203581,0.458813,-1.152161,0.875961,0.195974,10,cavitation
-1.754313,-0.650432,-0.154138,0.3975,1.503435,-0.476465,0.036114,-1.867364,7,electrical_fault
-0.141782,-0.710745,1.03009,0.610693,-0.399422,-1.084522,-1.575903,0.028572,7,electrical_fault
0.392085,-0.636891,-0.777102,-0.162022,0.676062,-1.493584,-0.309782,0.131615,12,leakage
-0.467466,0.099736,0.744436,-0.901993,2.240355,1.197309,-0.357282,-0.234823,8,sensor_drift
-1.219067,0.988532,0.475438,-0.624721,0.182097,0.572287,0.047053,0.480243,3,gear_tooth_crack
0.279263,-0.65719,-0.340465,-0.486332,-0.03185,0.364637,-1.344533,0.453215,9,intermittent_contact
-0.074769,-1.140207,-0.141403,0.067555,0.114934,0.161919,1.039369,-1.086035,0,normal
0.188045,0.25136,-0.431583,-0.39193,1.340421,0.319115,1.38916,0.475779,12,leakage
0.40431,0.229007,-0.667013,-2.586056,1.074392,-0.488839,1.1696,0.351698,3,gear_tooth_crack
